Rank,Term,P.value,Z.score,Combined.score,Genes,Adjusted.P.value
1,Regulation Of Angiogenesis (GO:0045765),2.946915597252177e-10,4.5622941370223975,100.1199639604183,SEMA5A;RAMP2;NPR1;GATA6;ECSCR;PTPRM;GATA2;TSPAN12;AQP1;CDH5;HYAL1;ADAMTS1;APOH;ALOX5;CTSH;HOXA5;SASH1;PRKCB;ANXA3;EMP2;KLF4;DCN;CLDN5;IL6;RGCC;RHOJ;COL4A3;PPARG;TEK,6.771732525310764e-07
2,Inflammatory Response (GO:0006954),4.750426184013163e-10,4.192824730572887,90.00995375745575,CCL14;C5AR1;LY75;NLRC4;CXCL3;ITGAL;AGER;CXCL2;CXCL5;IL1RL1;ADGRE5;HYAL1;CXCR2;CCRL2;PROK2;OLR1;CCL2;AOC3;CCL23;SLC11A1;PPBP;FOS;SELE;BMP2;IL6;AGTR1;AGTR2;ACKR1;CDO1;MGLL;TLR3,6.771732525310764e-07
3,Regulation Of Endothelial Cell Apoptotic Process (GO:2000351),2.3424101269812572e-08,10.539763653784734,185.17838147644915,SEMA5A;CDH5;RAMP2;RGCC;ANGPT1;FGG;ECSCR;CCL2;NDNF;TEK;GATA2;ICAM1,2.226070424007855e-05
4,Negative Regulation Of Endothelial Cell Proliferation (GO:0001937),4.3715395043910904e-08,11.506138635375924,194.97802598471281,RGCC;CAV2;ALOX5;APOH;CAV1;ATOH8;COL4A3;MMRN2;PTPRM;CCL2;PPARG,3.11581478175475e-05
5,Regulation Of Nitric Oxide Biosynthetic Process (GO:0045428),8.025138523624158e-08,10.683161824051654,174.54258557224782,CX3CR1;EDN1;CAV1;HBB;CD36;AGTR2;CD47;PTGS2;KLF4;CLU;KLF2,3.9510555543627885e-05
6,Neutrophil Migration (GO:1990266),8.315094116512357e-08,6.604769978005865,107.67497794551294,CCL14;EDN1;CCL23;PLA2G1B;EMP2;PPBP;CXCL3;CXCL2;TREM1;CXCL5;JAML;CXCR2;PECAM1;CCL2;S100A12,3.9510555543627885e-05
7,Negative Regulation Of Cellular Process (GO:0048523),1.3665172540794854e-07,2.5497123109213287,40.300320095592745,KANK2;SEMA5A;ACVRL1;HPGD;NPR1;NOTCH4;FHL1;WFDC1;ADARB1;CLU;RERG;RND1;SOX17;ADAMTS1;HYAL1;ALOX5;RPS6KA2;AGR3;SLIT2;ADAMTS8;SOX7;JAM2;TNS2;CCL23;CDKN2B;MYOCD;ANGPT1;DUSP1;SUSD2;ITGA1;TBX5;SMAD6;ALOX15B;HOPX;BMP5;NR4A1;BMP2;IL6;RGCC;ALDH1A2;COL4A3;MMRN2;SCGB3A1;AGTR2;FBP1,5.5656295591151616e-05
8,One-Carbon Compound Transport (GO:0019755),2.7519828709019245e-07,10.863751763046544,164.1053784373653,SLC14A1;HBG2;CA2;HBG1;CA4;HBB;SLC39A8;HBA1;SLC4A4;CFTR,9.807378956176733e-05
9,Neutrophil Chemotaxis (GO:0030593),1.0776724645662529e-06,6.210228119874758,85.33292479872875,CCL14;EDN1;CCL23;PLA2G1B;PPBP;CXCL3;CXCL2;TREM1;CXCL5;JAML;CXCR2;CCL2;S100A12,0.0003390656395754087
10,Regulation Of Cell Migration (GO:0030334),1.1892867049295287e-06,2.5806008406154666,35.20496140441443,SEMA5A;ACVRL1;ROBO4;TNXB;CITED2;FAM107A;SEMA3G;NEDD9;NEXN;ADARB1;LDB2;CDH5;PARD6B;DACH1;NKX2-1;CTSH;PHACTR1;SLIT2;SCAI;SASH1;EDN1;ACE;LIMCH1;HGF;CAV1;TBX5;ALOX15B;FGR;CLDN5;IGSF10;DAB2;BMP2;MMRN2;PECAM1;MYADM;RECK;HBEGF,0.0003390656395754087
11,Granulocyte Chemotaxis (GO:0071621),1.7738030143379405e-06,5.898796033994334,78.11412647072706,CCL14;EDN1;CCL23;PLA2G1B;PPBP;CXCL3;CXCL2;TREM1;CXCL5;JAML;CXCR2;CCL2;S100A12,0.00045973749035249715
12,Negative Regulation Of Angiogenesis (GO:0016525),2.193075446744205e-06,5.297990543735224,69.03390650565854,NPR1;ECSCR;PTPRM;KLF4;DCN;KLF2;CLDN5;RGCC;ALOX5;APOH;COL4A3;PPARG;TEK;HOXA5,0.000517249715276094
13,Negative Regulation Of Endothelial Cell Apoptotic Process (GO:2000352),2.358557102276121e-06,12.041256446319737,156.0241050534809,SEMA5A;CDH5;RAMP2;FGG;NDNF;TEK;GATA2;ICAM1,0.000517249715276094
14,Positive Regulation Of Nitric Oxide Biosynthetic Process (GO:0045429),3.2464218576657276e-06,11.406913909245688,144.16008902772728,EDN1;HBB;CD36;AGTR2;PTGS2;KLF4;CLU;KLF2,0.0006291936148624457
15,Negative Regulation Of Blood Vessel Morphogenesis (GO:2000181),3.3103838032047303e-06,5.528970432011332,69.76701716884756,NPR1;ECSCR;PTPRM;KLF4;DCN;CLDN5;RGCC;ALOX5;APOH;COL4A3;PPARG;TEK;HOXA5,0.0006291936148624457
16,Positive Regulation Of Nitric Oxide Metabolic Process (GO:1904407),4.402374749903758e-06,10.836005625879043,133.64442820297913,EDN1;HBB;CD36;AGTR2;PTGS2;KLF4;CLU;KLF2,0.0007844481507484759
17,Maintenance Of Blood-Brain Barrier (GO:0035633),5.888780980747119e-06,10.31946955997589,124.27181535051145,CDH5;CLDN5;IL6;SLC1A1;PECAM1;DMD;ESAM;JAM2,0.000987583210359414
18,Regulation Of Inflammatory Response (GO:0050727),6.461132401601472e-06,3.047961630695444,36.42224526772803,IL33;CXCL17;NLRC4;PTGS2;KLF4;AGER;SELE;CDH5;IL6;CAMK2N1;ALOX5;NFKBIZ;AGTR1;S100A12;PPARG;SLC39A8;CD47;GGT3P;CARD16;TEK;GGT1;DNASE1L3;MGLL;TLR3,0.0010233715820536554
19,Positive Regulation Of ERK1 And ERK2 Cascade (GO:0070374),7.295893073954972e-06,3.4410343617566874,40.7012390615785,CCL14;CCL23;RAMP3;ANGPT1;C5AR1;FGG;CXCL17;ARRB1;NPNT;AGER;ICAM1;MARCO;BMP2;RAP1A;GLIPR2;CCL2;ROR1;CD36;TEK;FGFR4,0.0010947679554655593
20,Positive Regulation Of Macromolecule Metabolic Process (GO:0010604),8.85305993970274e-06,2.5638487324533834,29.829732381098477,RAMP2;PID1;RAMP3;CITED2;GATA2;CLU;CDH5;LAMP3;NKX2-1;CTSH;CD36;HOXA5;IL33;ANGPT1;SLC11A1;RAB27A;ANK2;KLF4;KLF2;CLDN5;BMP2;IL6;TYROBP;RGCC;AGTR1;PPARG;ADTRP;SLC26A9;FGFR4;TLR3;RBMS3,0.001254166487642073
21,Response To Lipid (GO:0033993),9.237985352677493e-06,4.30308014354067,49.8821085445693,GPX3;SLC11A1;GATA6;IRAK3;SMAD6;SELE;SOCS2;SELP;SLPI;ALDH1A2;ALPL;CTSH;PPARG;CD36;FGFR4,0.001254166487642073
22,Fat Cell Differentiation (GO:0045444),1.1464464277220883e-05,5.858258557660352,66.6450629475576,NR4A2;NR4A1;PID1;STEAP4;NR4A3;ADGRF5;PRDM16;PPARG;GATA2;KLF4;SMAD6,0.0014422447895529697
23,Positive Regulation Of Multicellular Organismal Process (GO:0051240),1.1635085990781586e-05,2.483268753715891,28.21362161645832,TNXB;EPAS1;NPR1;ADRB1;ADRB2;LILRA2;MUC1;ACADL;GLIPR2;PRDM16;LEPR;ZBED2;CD36;IL33;CADM1;ZBTB16;SLC11A1;CAV1;FGG;TRPV2;G0S2;TGFBR2;FGR;DAB2;BMP2;IL6;FABP4;RGCC;MMRN2;ALPL;PPARG;FOXA2,0.0014422447895529697
24,Regulation Of Endothelial Cell Migration (GO:0010594),1.5048398386185734e-05,4.715354107648725,52.36041894302763,ACVRL1;EDN1;ANGPT1;ANXA3;PTPRM;EMP2;DCN;APOH;RHOJ;ATOH8;SLIT2;TEK;SASH1,0.0017876243249589803
25,Positive Regulation Of Ion Transmembrane Transporter Activity (GO:0032414),1.677130475271511e-05,8.666554149085794,95.29605302175717,EDN1;STAC;CCL2;DMD;ANK2;ADRB2;SHANK3;CFTR,0.0019125995939996315
26,Extracellular Matrix Assembly (GO:0085029),1.8627743450746935e-05,14.74180798163968,160.55094483852926,MFAP4;RAMP2;TNXB;MYH11;FBLN5;GPM6B,0.0020426037145415197
27,Positive Regulation Of MAPK Cascade (GO:0043410),2.2341547955090697e-05,2.619263056843481,28.04985171677771,CCL14;RAMP3;PLA2G1B;LRRK2;C5AR1;CXCL17;ARRB1;ADRB2;AGER;ICAM1;RAP1A;GLIPR2;S100A12;CCL2;CD36;EDN1;CCL23;ANGPT1;CAV2;FGG;NPNT;MARCO;BMP2;IL6;ROR1;TEK;FGFR4,0.0022286679190435003
28,Carbon Dioxide Transport (GO:0015670),2.2841584223870257e-05,22.496498599439775,240.41845659470525,HBG2;CA2;HBG1;HBB;HBA1,0.0022286679190435003
29,Leukotriene D4 Metabolic Process (GO:1901748),2.2841584223870257e-05,22.496498599439775,240.41845659470525,GGTLC2;GGTLC1;DPEP2;GGT3P;GGT1,0.0022286679190435003
30,Elastic Fiber Assembly (GO:0048251),2.345143373248159e-05,53.92727272727273,574.8959471170991,MFAP4;TNXB;MYH11;FBLN5,0.0022286679190435003
31,Regulation Of ERK1 And ERK2 Cascade (GO:0070372),2.6021738785190458e-05,2.850028605606699,30.086550024490208,CCL14;CCL23;RAMP3;ANGPT1;LMO3;C5AR1;FGG;CXCL17;ARRB1;NPNT;AGER;ICAM1;TGFBR3;MARCO;BMP2;RAP1A;GLIPR2;TIMP3;CCL2;ROR1;CD36;TEK;FGFR4,0.0023931605573089677
32,Regulation Of Endothelial Cell Proliferation (GO:0001936),2.7593243213149563e-05,4.419493626062323,46.39557726535284,SEMA5A;ANGPT1;CAV2;CAV1;TIE1;PTPRM;NR4A1;BMP2;RGCC;ALOX5;APOH;ATOH8;TEK,0.002458385512521544
33,Positive Regulation Of DNA-binding Transcription Factor Activity (GO:0051091),2.961613608466928e-05,2.824171434462141,29.448175548971143,CX3CR1;EDN1;CSF3;MYOCD;PRKCB;ANXA3;PLA2G1B;CAV1;RTKN2;IRAK3;NLRC4;CFLAR;CLU;AGER;BMP2;IL6;RGCC;S100A12;CAPN3;PPARG;ROR1;CD36;CARD16,0.002558654665981579
34,Receptor-Mediated Endocytosis (GO:0006898),3.2486261422539615e-05,3.8181021665250636,39.458914815960185,MSR1;RAMP2;CALCRL;RAMP3;CAV2;CAV1;SFTPD;ADRB2;MARCO;DAB2;MRC1;CXCR2;TMEM108;CD36;FOLR1,0.0027240685681076604
35,Cellular Response To Organic Substance (GO:0071310),3.508201269333855e-05,4.658153162255001,47.78250606970828,ROBO2;SOCS2;CSF3;EDN1;RAMP2;CLEC3B;PID1;RAMP3;MME;SLC1A1;CCL2;SLIT2,0.002857680519677377
36,Leukotriene Biosynthetic Process (GO:0019370),3.8397316942938066e-05,12.472542884885101,126.81486630243894,GGTLC2;GGTLC1;PLA2G1B;ALOX5AP;GGT3P;GGT1,0.003040854183453234
37,Regulation Of Transforming Growth Factor Beta Receptor Signaling Pathway (GO:0017015),4.4417262123360545e-05,3.927410981940484,39.36005090919505,CDKN2B;TNXB;CITED2;CAV1;SMAD6;BMP2;DAB2;ZEB2;SNX25;VEPH1;PRDM16;NKX2-1;PPARG;FOLR1,0.003422530116586511
38,Heart Development (GO:0007507),4.6074144249857034e-05,3.2102039103801294,32.05471629235905,ACVRL1;MYOCD;RAMP2;FOXF1;CITED2;CCM2L;TBX5;CRIP1;BMP5;TGFBR2;TBX2;TGFBR3;BMP2;PDLIM2;SOX17;FLRT3;TEK;SGCG,0.003456773296219537
39,Cell-Cell Adhesion Via Plasma-Membrane Adhesion Molecules (GO:0098742),4.976975506289139e-05,3.1891916927580266,31.59884005441273,ROBO2;ROBO4;CADM1;PTPRM;NEXN;ITGAL;SELE;ICAM1;TGFBR2;SELP;CLDN22;CDH5;CLDN5;JAML;FLRT3;PECAM1;CLDN18;ESAM,0.003579935594507209
40,Negative Regulation Of Epithelial Cell Apoptotic Process (GO:1904036),5.0395343368053535e-05,7.220253164556962,71.44882227444,SEMA5A;CDH5;RAMP2;FGG;NDNF;TEK;GATA2;ICAM1,0.003579935594507209
41,Regulation Of Response To External Stimulus (GO:0032101),5.2164202437199264e-05,3.646699979707792,35.96052449863363,CAV1;GATA6;PTGS2;AGER;SELE;FGR;ALOX5;AGTR1;CARD16;CD36;GGT3P;GGT1;MGLL;CD55;FOXA2,0.003579935594507209
42,Hydrogen Peroxide Catabolic Process (GO:0042744),5.3190705654057835e-05,11.58104588258866,113.97633248705945,HBG2;GPX3;HBG1;CAT;HBB;HBA1,0.003579935594507209
43,Endocytosis (GO:0006897),5.399411805114345e-05,3.0513361344537815,29.984367805229542,MSR1;CD93;SCARA5;ANXA3;SLC11A1;CAV1;LRRK2;SFTPD;ADRB2;MARCO;DAB2;DPYSL2;MRC1;RHOJ;TMEM108;PECAM1;CD36;CD302;FOLR1,0.003579935594507209
44,Regulation Of Pathway-Restricted SMAD Protein Phosphorylation (GO:0060393),5.8146661183457e-05,5.318178046959264,51.86575528740341,ACVRL1;GDF10;BMP2;DAB2;TNXB;SNX25;PPARG;SMAD6;TGFBR2;BMP5,0.003767639341682634
45,Response To Lipopolysaccharide (GO:0032496),6.104957839260024e-05,3.2639440632398378,31.67273959514111,CX3CR1;SLC11A1;DEFA3;IRAK3;DEFA1;PPBP;SMAD6;CXCL3;SELE;CXCL2;CXCL5;SELP;ZFP36;IL6;SLPI;CCL2;CARD16,0.003867829955495629
46,Transmembrane Receptor Protein Serine/Threonine Kinase Signaling Pathway (GO:0007178),6.843690512864893e-05,3.5510128458498023,34.052786856992505,ACVRL1;GDF10;HPGD;FOS;SMAD6;LRRC32;BMP5;TGFBR2;TMEM100;TGFBR3;CDH5;CLDN5;BMP2;ATOH8;PPARG,0.004241600359169089
47,Receptor Internalization (GO:0031623),7.494028798527191e-05,5.806539235412475,55.15526475909315,CCL14;RAMP2;CALCRL;RAMP3;DMBT1;CAV1;CXCR2;ARRB1;CD36,0.004545845979702345
48,Circulatory System Development (GO:0072359),8.160956831673593e-05,3.4899475524475525,32.85284479546259,ACVRL1;RAMP2;FOXF1;CITED2;NOTCH4;TCF21;TBX5;CRIP1;TGFBR2;CDH5;BMP2;PDLIM2;SOX17;FLRT3;TEK,0.0048472683181461276
49,Sprouting Angiogenesis (GO:0002040),8.776846892542834e-05,5.6712086472322305,52.97367249503733,SEMA5A;CCBE1;NR4A1;RAMP2;ANGPT1;ADTRP;SLIT2;TEK;RECK,0.005106691936865229
50,Positive Regulation Of Vasculature Development (GO:1904018),9.05780631696239e-05,3.8830433023067585,36.1484091997098,SEMA5A;RAMP2;PRKCB;ANXA3;GATA6;EMP2;GATA2;AQP1;CDH5;HYAL1;CTSH;TEK;SASH1,0.005164761161931955
51,Leukocyte Cell-Cell Adhesion (GO:0007159),9.319952220524252e-05,7.888518258426966,73.21150752707997,SELP;PECAM1;OLR1;ITGAL;SELE;JAM2;ICAM1,0.005210036035434244
52,Positive Regulation Of Angiogenesis (GO:0045766),9.59498390627045e-05,3.6266666666666665,33.552777646478376,SEMA5A;RAMP2;PRKCB;ANXA3;GATA6;EMP2;GATA2;KLF4;AQP1;CDH5;HYAL1;CTSH;TEK;SASH1,0.005260634445534049
53,Branching Morphogenesis Of An Epithelial Tube (GO:0048754),0.00010714095817119303,6.369487879540002,58.22581499914854,NOTCH4;TIE1;NKX2-1;TCF21;SLIT2;NPNT;RASIP1;TGFBR2,0.00576337493860512
54,Positive Regulation Of NF-kappaB Transcription Factor Activity (GO:0051092),0.00011987030223770554,3.2039159902936993,28.9284785547824,CX3CR1;PRKCB;PLA2G1B;CAV1;RTKN2;IRAK3;NLRC4;CFLAR;CLU;AGER;IL6;CAPN3;S100A12;ROR1;CARD16;CD36,0.006328707994068491
55,Gas Transport (GO:0015669),0.0001316765118556523,13.495098039215685,120.58089138243265,HBG2;HBG1;CA2;HBB;HBA1,0.00682563155091754
56,Cellular Response To Hormone Stimulus (GO:0032870),0.00013657413997189815,3.9739883396005107,35.36310328506539,ROBO2;SOCS2;RAMP2;RAMP3;NR4A3;CAV1;LMO2;KLF9;CTSH;ADTRP;SLIT2;TFPI,0.006953087018926458
57,Regulation Of Cell Population Proliferation (GO:0042127),0.00014014208295436855,1.8494493314348102,16.40989347608231,CCL14;KANK2;ACVRL1;CSF3;VIPR1;TNXB;PLA2G1B;RTKN2;ADARB1;AREG;CLU;CXCL5;RERG;GRK5;ADAMTS1;RPS6KA2;CXCR2;CTSH;ADAMTS8;SOX7;TNS2;CCL23;CDKN2B;EDN1;MYOCD;ITGA1;TNFSF13;GKN2;EMP2;LIFR;TBX5;SMAD6;ALOX15B;TGFBR2;BMP5;CLDN5;BMP2;IL6;RGCC;NR4A3;ALDH1A2;COL4A3;MMRN2;AGTR1;SCGB3A1;CD47;FGFR4;HBEGF,0.007009562780752715
58,Extracellular Structure Organization (GO:0043062),0.0001469201662477636,3.6798424220963173,32.47689531320628,ECM2;COL13A1;NDNF;NPNT;ADAMTS1;ADAMTSL4;SPOCK2;COL4A3;MMP28;MMP19;SLC39A8;ADAMTS8;RECK,0.007221886102971966
59,Positive Regulation Of Transmembrane Receptor Protein Serine/Threonine Kinase Signaling Pathway (GO:0090100),0.00015129791799112184,3.925904466522384,34.53327523731862,ACVRL1;GDF10;CDH5;ZEB2;CDKN2B;BMP2;DAB2;TNXB;CITED2;PPARG;TGFBR2;BMP5,0.007311023121909972
60,External Encapsulating Structure Organization (GO:0045229),0.0001612338842669555,3.64171607137642,31.8018484198342,ECM2;COL13A1;NDNF;NPNT;ADAMTS1;ADAMTSL4;SPOCK2;COL4A3;MMP28;MMP19;SLC39A8;ADAMTS8;RECK,0.007623545820698945
61,Response To Cytokine (GO:0034097),0.0001631133970756351,3.429557216791259,29.90939110518675,CSF3;PID1;MME;SLC11A1;LIFR;IRAK3;AFF3;SELE;SELP;CH25H;LAMP3;ALDH1A2;TIMP3;FOXA2,0.007623545820698945
62,Phagocytosis (GO:0006909),0.0001693542453430607,4.59515670196744,39.90212552335711,SRPX;MSR1;MARCO;TYROBP;CD93;ANXA3;SLC11A1;PECAM1;CD36;CD302,0.0077875637656946144
63,Regulation Of Blood Circulation (GO:1903522),0.00017360548944410372,7.010923845193508,60.70566251806124,PLN;DES;CELF2;FXYD1;AGTR1;AGER;TBX2,0.00785633730801809
64,Regulation Of Epithelial To Mesenchymal Transition (GO:0010717),0.0001838225372975496,4.145068267419962,35.653969414649126,BMP2;DAB2;IL6;TNXB;RGCC;GLIPR2;NKX2-1;TBX5;TGFBR2;BMP5;FOXA2,0.008152961563871656
65,Vasculature Development (GO:0001944),0.00018587951653863826,12.267634326457856,105.3840313469262,ACVRL1;CDH5;FOXF1;NOTCH4;TCF21,0.008152961563871656
66,Negative Regulation Of Epithelial Cell Proliferation (GO:0050680),0.00019131302695297208,4.518335684062059,38.684180925928494,TGFBR3;CDKN2B;RGCC;CAV2;ALOX5;APOH;CAV1;ATOH8;KLF9;PTPRM,0.008264143027923082
67,Positive Regulation Of Cold-Induced Thermogenesis (GO:0120162),0.00020388427212381379,3.7883622249268116,32.193343146688065,MUC1;FABP4;EPAS1;CAV1;PRDM16;LEPR;TRPV2;ALPL;G0S2;ADRB1;ADRB2;CD36,0.008675732236193927
68,Cellular Response To Chemokine (GO:1990869),0.00023963634684115928,4.875464788732394,40.64376618469268,CCL14;CCL23;DUSP1;DOCK8;CCL2;PPBP;CXCL3;CXCL2;CXCL5,0.009918915205982417
69,Transforming Growth Factor Beta Receptor Signaling Pathway (GO:0007179),0.00024245509226569016,4.372127940306656,36.39662745605832,ACVRL1;TGFBR3;GDF10;CDH5;CLDN5;HPGD;FOS;LRRC32;SMAD6;TGFBR2,0.009918915205982417
70,Positive Regulation Of Epithelial To Mesenchymal Transition (GO:0010718),0.00024367174349989554,5.5514443362544625,46.18628789108375,BMP2;DAB2;IL6;TNXB;RGCC;GLIPR2;EMP2;TGFBR2,0.009918915205982417
71,Positive Regulation Of Cell Differentiation (GO:0045597),0.00024701612754288025,2.41756741821397,20.080452607247068,ACVRL1;MSR1;CSF3;TNXB;HGF;LMO3;ZBTB16;ADIRF;NPNT;ALOX15B;TGFBR2;TMEM100;ZFP36;BMP2;DAB2;IL6;RAP1A;RGCC;GLIPR2;AGTR1;PPARG;CD36;HOXA5,0.009918915205982417
72,Positive Regulation Of Protein Phosphorylation (GO:0001934),0.00025185610433411064,2.198118253932053,18.21504244976305,ACVRL1;CX3CR1;CSF3;RAMP3;TNXB;FAXDC2;LRRK2;ARRB1;AGER;RAP1A;LEPR;GDF10;ANGPT1;LIMCH1;HGF;CAV1;SH2D3C;BMP5;TGFBR2;MARCO;BMP2;DAB2;IL6;PECAM1;PPARG;FAM20A;ADTRP;TEK,0.009972802131340964
73,Positive Regulation Of Phagocytosis (GO:0050766),0.00027306439040592373,4.779618889809445,39.220610682145306,FCN1;FCN3;SLC11A1;SFTPD;CCL2;RAB27A;CD47;GATA2;CD300LF,0.010576957329217086
74,Negative Regulation Of Cell Population Proliferation (GO:0008285),0.0002745334417264344,2.1853624747980755,17.920928338403293,ACVRL1;KANK2;GATA6;ADARB1;GATA2;RERG;ADAMTS1;RPS6KA2;ADAMTS8;SOX7;TNS2;CCL23;CDKN2B;MYOCD;ITGA1;SMAD6;TBX5;ALOX15B;BMP5;TGFBR3;BMP2;IL6;RGCC;ALDH1A2;COL4A3;OGN;MMRN2;PPARG,0.010576957329217086
75,Negative Regulation Of Hemostasis (GO:1900047),0.00029248486178813356,17.972027972027973,146.24014652664025,THBD;EDN1;APOH;TFPI,0.010972030802078536
76,Oxygen Transport (GO:0015671),0.00029248486178813356,17.972027972027973,146.24014652664025,HBG2;HBG1;HBB;HBA1,0.010972030802078536
77,Regulation Of Sodium Ion Transmembrane Transporter Activity (GO:2000649),0.00030255962920202635,6.308848314606742,51.122062672766035,PRKCE;HECW2;FXYD1;NEDD4L;DMD;GPD1L;SCN4B,0.01105894234429458
78,Negative Regulation Of Endothelial Cell Migration (GO:0010596),0.00030255962920202635,6.308848314606742,51.122062672766035,RGCC;APOH;PTPRM;PPARG;SLIT2;AGTR2;DCN,0.01105894234429458
79,Positive Regulation Of Pathway-Restricted SMAD Protein Phosphorylation (GO:0010862),0.0003280619154489054,5.280093307262186,42.35853583974247,ACVRL1;GDF10;BMP2;DAB2;TNXB;PPARG;TGFBR2;BMP5,0.011839297733478853
80,Fatty Acid Derivative Biosynthetic Process (GO:1901570),0.0004044708049741779,7.366696417187301,57.55549080292462,GGTLC2;GGTLC1;ALOX5;FAR2;GGT3P;GGT1,0.014236373641745447
81,Negative Regulation Of Wound Healing (GO:0061045),0.0004044708049741779,7.366696417187301,57.55549080292462,THBD;EDN1;MMRN1;ALOX5;APOH;TFPI,0.014236373641745447
82,Defense Response To Bacterium (GO:0042742),0.00042900688453445534,2.6360958998665502,20.440386701834814,COLEC12;ANXA3;PLA2G1B;SLC11A1;SFTPD;DEFA3;DEFA1;NLRC4;RNASE1;AQP1;HLA-E;SELP;FGR;IL6;SLPI;DMBT1;S100A12;TLR3,0.014634078417159111
83,Retinal Ganglion Cell Axon Guidance (GO:0031290),0.00043824044806623424,40.388966480446925,312.3174909639168,ROBO2;PTPRM;SLIT2,0.014634078417159111
84,Positive Regulation Of Peroxisome Proliferator Activated Receptor Signaling Pathway (GO:0035360),0.00043824044806623424,40.388966480446925,312.3174909639168,BMP2;CITED2;LMO3,0.014634078417159111
85,Cellular Response To UV-B (GO:0071493),0.0004465678085909655,15.403796203796205,118.82364086413136,MFAP4;MME;HYAL1;CRIP1,0.014634078417159111
86,Smooth Muscle Cell Differentiation (GO:0051145),0.0004465678085909655,15.403796203796205,118.82364086413136,MYOCD;EDNRB;TMEM204;GATA6,0.014634078417159111
87,Macrophage Chemotaxis (GO:0048246),0.0004465678085909655,15.403796203796205,118.82364086413136,EDNRB;SFTPD;CXCL17;CCL2,0.014634078417159111
88,Leukocyte Adhesion To Vascular Endothelial Cell (GO:0061756),0.0004523893809179363,9.63735494197679,74.21695513915274,CX3CR1;SELP;SLC39A8;SELE;JAM2,0.014656387784057232
89,Positive Regulation Of Cellular Process (GO:0048522),0.0004600224530517594,1.8792455022765928,14.440564548328892,CCL14;CSF3;VIPR1;TNXB;MYRF;CITED2;PLA2G1B;RTKN2;HBB;NEDD9;LILRA2;AREG;CXCL5;DUOX1;ZFP36;GRK5;HYAL1;SPOCK2;CXCR2;CTSH;TPPP;EDN1;HBG2;HBG1;CAV1;TNFSF13;EMP2;LIFR;HBA1;BMP5;TGFBR2;CLDN5;BMP2;IL6;TAL1;CD47;FGFR4;HBEGF,0.01473622487247827
90,Regulation Of Blood Coagulation (GO:0030193),0.0004946224428467137,7.046039392645893,53.63244957080542,THBD;EDN1;APOH;CAV1;TFPI;FOXA2,0.01566853982839979
91,Positive Regulation Of Metabolic Process (GO:0009893),0.0005052948122517889,3.391973125884017,25.74632600957918,MUC1;FABP4;EPAS1;CAV1;PRDM16;LEPR;TRPV2;ALPL;G0S2;ADRB1;ADRB2;CD36,0.01583071988714121
92,Negative Regulation Of Growth (GO:0045926),0.0005274774322936656,3.1800780950922594,24.001335648645597,ACVRL1;NPR1;MT1M;FHL1;WFDC1;ALOX15B;RERG;SOX17;HYAL1;SCGB3A1;AGTR2;SLIT2;FBP1,0.01634606695075262
93,Cell-Matrix Adhesion (GO:0007160),0.0005496299741106683,3.356829350092594,25.1972516031507,ECM2;COL13A1;FGG;ITGA1;ITGA8;EMP2;SORBS1;NPNT;ITGAL;MSLN;LYVE1;FBLN5,0.016849409206338872
94,Regulation Of Membrane Depolarization (GO:0003254),0.0005854563411433884,8.994397759103641,66.94637235513976,LRRK2;FHL1;NEDD4L;GPD1L;TBX5,0.01726918925477262
95,Endothelial Cell Development (GO:0001885),0.0005854563411433884,8.994397759103641,66.94637235513976,ROBO4;RAP1A;MYADM;PECAM1;ICAM1,0.01726918925477262
96,Leukotriene Metabolic Process (GO:0006691),0.0005854563411433884,8.994397759103641,66.94637235513976,PLA2G1B;ALOX5;ALOX5AP;DPEP2;GGT1,0.01726918925477262
97,Negative Regulation Of Blood Coagulation (GO:0030195),0.0005996666910636581,6.752103786816269,50.094780142692045,THBD;CPB2;EDN1;APOH;FGG;TFPI,0.01726918925477262
98,Prostaglandin Metabolic Process (GO:0006693),0.0005996666910636581,6.752103786816269,50.094780142692045,HPGDS;EDN1;HPGD;PTGS2;PTGDS;CES1,0.01726918925477262
99,Regulation Of Cell Migration Involved In Sprouting Angiogenesis (GO:0090049),0.0005996666910636581,6.752103786816269,50.094780142692045,STARD13;MMRN2;RHOJ;GATA2;PTGS2;KLF4,0.01726918925477262
100,Cellular Response To Lipid (GO:0071396),0.0006118484102318217,2.476883116883117,18.326522585319925,CX3CR1;PID1;RAMP3;DEFA3;PPBP;DEFA1;SSTR1;CXCL3;TFPI;CXCL2;CXCL5;AQP1;ZFP36;IL6;PDK4;CCL2;ADTRP;CARD16;CFTR,0.01744379817570924
101,Macrophage Migration (GO:1905517),0.0006508540511945535,13.477622377622378,98.8883496368351,EDNRB;SFTPD;CXCL17;CCL2,0.018015387378210408
102,Negative Regulation Of Coagulation (GO:0050819),0.0006508540511945535,13.477622377622378,98.8883496368351,THBD;EDN1;APOH;TFPI,0.018015387378210408
103,Positive Regulation Of Cellular Extravasation (GO:0002693),0.0006508540511945535,13.477622377622378,98.8883496368351,CD47;AGER;LYVE1;ICAM1,0.018015387378210408
104,Cellular Response To Transforming Growth Factor Beta Stimulus (GO:0071560),0.0006591861509896109,3.5087404453306745,25.699785491343235,ACVRL1;TGFBR3;GDF10;CDH5;CLDN5;CLEC3B;HPGD;FOS;LRRC32;SMAD6;TGFBR2,0.0180705741968402
105,Negative Regulation Of Signal Transduction (GO:0009968),0.0006934946870281693,2.3279928716192604,16.933277677716713,KANK2;CX3CR1;LEPROT;PID1;PRKCB;HHIP;ARRB1;IRAK3;GATA2;LILRA2;DCN;BMP5;NR4A2;BMP2;WIF1;MMRN2;PPARG;AGTR2;CD47;CARD16;TNS2,0.018830031930641054
106,Regulation Of Defense Response (GO:0031347),0.0007198568848995075,3.467760478255157,25.094303528942977,FGR;ALOX5;AGTR1;GATA6;CARD16;GGT3P;GGT1;PTGS2;AGER;SELE;MGLL,0.019361433762721657
107,Regulation Of Lipopolysaccharide-Mediated Signaling Pathway (GO:0031664),0.000745846222992998,8.431810224089636,60.71739050203945,CARD16;CD36;LILRA2;CD55;SASH1,0.0198729680537667
108,Cellular Response To Cytokine Stimulus (GO:0071345),0.0008079921028843072,2.2026013309134904,15.684632169817368,CCL14;CCL23;CSF3;PID1;CSF3R;MME;DAPK1;DUSP1;DOCK8;LRRK2;AQP4;LIFR;IRAK3;LILRA2;NPNT;DUOX1;ZFP36;IL6;HYAL1;LEPR;CCL2;MNDA;CD47,0.0213294952344737
109,Negative Regulation Of Cell Migration (GO:0030336),0.000816657606472874,2.75448210995086,19.58516835691131,ACVRL1;LIMCH1;CITED2;NEDD9;ADARB1;TBX5;ALOX15B;CLDN5;DACH1;MMRN2;NKX2-1;ADTRP;SLIT2;RECK;SCAI,0.021360466385818018
110,Angiotensin-Activated Signaling Pathway (GO:0038166),0.0008530326821786955,26.924581005586592,190.26827844851803,CA2;CAV1;AGTR1,0.021909875467490635
111,Calcitonin Family Receptor Signaling Pathway (GO:0097646),0.0008530326821786955,26.924581005586592,190.26827844851803,RAMP2;CALCRL;RAMP3,0.021909875467490635
112,Antimicrobial Humoral Response (GO:0019730),0.0009303291014551138,3.350345965847775,23.385321574293506,SLPI;PLA2G1B;SLC11A1;S100A12;DEFA3;DEFA1;PPBP;CXCL3;CXCL2;CXCL5;HLA-E,0.02363793190380365
113,Positive Regulation Of Cholesterol Efflux (GO:0010875),0.0009368945300350097,7.935409457900807,55.33313278261079,ABCA3;CAV1;PPARG;ABCA8;CES1,0.02363793190380365
114,Kidney Development (GO:0001822),0.0009689886722899863,3.9293730122671513,27.266931681030048,ROBO2;KANK2;SOX17;MME;ZBTB16;AGTR1;ITGA8;TCF21;CTSH,0.024022493084336967
115,Positive Regulation Of Cell-Substrate Adhesion (GO:0010811),0.0009689886722899863,3.9293730122671513,27.266931681030048,ECM2;FGG;MYADM;NEDD9;EMP2;NDNF;CD36;NPNT;S100A10,0.024022493084336967
116,Vasculogenesis (GO:0001570),0.0010206928239685287,6.000935016362786,41.33008157202919,TGFBR3;RAMP2;SOX17;CAV1;RASIP1;TGFBR2,0.024719984199077585
117,Negative Regulation Of Blood Vessel Endothelial Cell Migration (GO:0043537),0.0010206928239685287,6.000935016362786,41.33008157202919,STARD13;RGCC;MMRN2;PPARG;AGTR2;KLF4,0.024719984199077585
118,Negative Regulation Of Cell Motility (GO:2000146),0.0010231350878608049,2.9401912181303116,20.242874739703197,LIMCH1;CITED2;NEDD9;ADARB1;TBX5;ALOX15B;CLDN5;DACH1;MMRN2;NKX2-1;SLIT2;RECK;SCAI,0.024719984199077585
119,Second-Messenger-Mediated Signaling (GO:0019932),0.0010727795400193112,3.8668008048289737,26.43925938795593,EDN1;EDNRB;LRRK2;RCAN2;AGTR1;NDNF;CD36;AGTR2;SELE,0.025701634189874423
120,Regulation Of Small GTPase Mediated Signal Transduction (GO:0051056),0.0011170589383170393,3.0703744228870327,20.8695068793771,ARHGAP44;STARD13;ARHGAP31;FGD5;ARHGEF15;DOCK8;RASGRF1;ARHGAP18;ARHGAP29;SLIT2;ARHGAP6;CGNL1,0.02653945860951566
121,Positive Regulation Of Epithelial Cell Apoptotic Process (GO:1904037),0.0011620530385079097,7.4941643323996265,50.6423174161268,IL6;RGCC;PLA2G1B;ECSCR;CCL2,0.02738027448583513
122,Response To Hydrogen Peroxide (GO:0042542),0.0011890523069358829,4.850691443388072,32.66746014256413,EDN1;IL6;CAT;HBB;HBA1;CLU;AQP1,0.027786787926837725
123,Membrane Raft Organization (GO:0031579),0.0012427095892747074,10.780979020979021,72.12972109073142,COLEC12;MYADM;EMP2;S100A10,0.028572298701791864
124,Negative Regulation Of Receptor Signaling Pathway Via STAT (GO:1904893),0.0012427095892747074,10.780979020979021,72.12972109073142,SOCS3;LEPROT;CAV1;PPARG,0.028572298701791864
125,Positive Regulation Of Gene Expression (GO:0010628),0.0012816319415888755,1.8898327031646553,12.585569667506872,RAMP2;PID1;RAMP3;CITED2;GATA2;CLU;CDH5;LAMP3;NKX2-1;CTSH;CD36;HOXA5;IL33;CADM1;ANGPT1;SLC11A1;RAB27A;ANK2;KLF4;FGR;CLDN5;BMP2;IL6;RGCC;TYROBP;PPARG;ADTRP;SLC26A9;FGFR4;TLR3;RBMS3,0.029231461323759072
126,Bicellular Tight Junction Assembly (GO:0070830),0.0013544945153979584,4.729178370786517,31.23304014482048,CLDN22;CDH5;CLDN5;RAMP2;PECAM1;CLDN18;ESAM,0.03040680207401244
127,Regulation Of Wound Healing (GO:0061041),0.0013544945153979584,4.729178370786517,31.23304014482048,DUOX1;MMRN1;ALOX5;CAV1;PRKCE;FOXA2;HBEGF,0.03040680207401244
128,Negative Regulation Of Cell Cycle G1/S Phase Transition (GO:1902807),0.0014074285848067155,5.586497074043623,36.68088916486341,KANK2;SUSD2;FHL1;FAM107A;CCL2;KLF4,0.030912966144369714
129,Outflow Tract Septum Morphogenesis (GO:0003148),0.0014248720269931059,7.09936606221436,46.52692563075974,ROBO2;GATA6;SMAD6;TBX2;TGFBR2,0.030912966144369714
130,Positive Regulation Of Cellular Response To Transforming Growth Factor Beta Stimulus (GO:1903846),0.0014248720269931059,7.09936606221436,46.52692563075974,CDKN2B;DAB2;ZEB2;TNXB;CITED2,0.030912966144369714
131,Positive Regulation Of Transforming Growth Factor Beta Receptor Signaling Pathway (GO:0030511),0.0014248720269931059,7.09936606221436,46.52692563075974,CDKN2B;DAB2;ZEB2;TNXB;CITED2,0.030912966144369714
132,Cellular Response To Growth Factor Stimulus (GO:0071363),0.0014393905371692028,2.6956390523615514,17.63900981561098,ACVRL1;RAMP2;HGF;NDNF;KLF4;TGFBR2;TMEM100;NR4A1;ZFP36;BMP2;CLEC3B;RAP1A;HYAL1;CCL2,0.030912966144369714
133,Cell Migration Involved In Heart Development (GO:0060973),0.0014529419373362125,20.192388268156424,131.94039377508005,FLRT3;TBX5;FOLR1,0.030912966144369714
134,Venous Blood Vessel Development (GO:0060841),0.0014529419373362125,20.192388268156424,131.94039377508005,ACVRL1;CCBE1;FOXF1,0.030912966144369714
135,Regulation Of Protein Phosphorylation (GO:0001932),0.0015180739446750222,2.2231175732095414,14.428728639804449,PID1;ANGPT1;LIMCH1;FAXDC2;HGF;LRRK2;ARRB1;AGER;FGR;MARCO;CDH5;BMP2;DAB2;LEPR;MYADM;PECAM1;FAM20A;ADTRP;SLIT2;TEK,0.03205947271309991
136,Regulation Of Epithelial Cell Proliferation (GO:0050678),0.0015792169883386312,3.343258632398266,21.566780151183814,TGFBR3;NR4A1;ZFP36;CDKN2B;NR4A3;ANGPT1;HYAL1;TIE1;C5AR1;BMP5,0.03292292321133471
137,Positive Regulation Of Cellular Biosynthetic Process (GO:0031328),0.0015820555874966173,2.562446397941681,16.52529439268127,EDN1;HGF;TYRP1;HBB;SORBS1;PTGS2;KLF4;CLU;KLF2;IL6;ZEB2;RGCC;AGTR2;CD36;FGFR4,0.03292292321133471
138,Blood Vessel Diameter Maintenance (GO:0097746),0.0016382975328907239,5.4,34.636127396589565,EDN1;EDNRB;NPR1;AGTR1;AGTR2;KLF2,0.033534349603551554
139,Positive Regulation Of Signaling Receptor Activity (GO:2000273),0.0016382975328907239,5.4,34.636127396589565,EDN1;CCL2;ADRB2;AREG;SHANK3;HBEGF,0.033534349603551554
140,Vasodilation (GO:0042311),0.001646723586284538,9.800381436745074,62.810327786454536,ADRB1;ADRB2;AGTR2;KLF2,0.033534349603551554
141,Cellular Response To Lipopolysaccharide (GO:0071222),0.00171645534729354,2.9049808042028693,18.49744772239969,CX3CR1;ZFP36;IL6;PRKCE;DEFA3;CCL2;CARD16;DEFA1;PPBP;CXCL3;CXCL2;CXCL5,0.03466923882572399
142,Actomyosin Structure Organization (GO:0031032),0.0017349962376660393,3.5815451532725766,22.766987275116854,FRMD3;EPB41L5;LMOD1;CAPN3;ARRB1;PGM5;PHACTR1;MYH11;SORBS1,0.03466923882572399
143,Antibacterial Humoral Response (GO:0019731),0.0017389341115673553,4.503511235955056,28.61748528753214,DMBT1;SLPI;PLA2G1B;SFTPD;DEFA3;DEFA1;HLA-E,0.03466923882572399
144,Extracellular Matrix Organization (GO:0030198),0.0017714040013979222,2.530350084697911,16.032254679657648,ECM2;COL13A1;NDNF;NPNT;ADAMTS1;ADAMTSL4;SPOCK2;COL4A3;MMP28;MMP19;SLC39A8;ADAMTS8;TPSAB1;RECK;GPM6B,0.03507133894434358
145,Positive Regulation Of Phosphorylation (GO:0042327),0.001800392984618631,2.2986879909987743,14.527134150882626,ANGPT1;LIMCH1;FAXDC2;HGF;LRRK2;TIE1;ARRB1;AGER;MARCO;BMP2;DAB2;LEPR;PECAM1;ROR1;FAM20A;ADTRP;TEK;FGFR4,0.03539945102860495
146,Negative Regulation Of Cell Growth (GO:0030308),0.00183822757671468,2.8791228048215696,18.135460510388846,ACVRL1;SOX17;NPR1;HYAL1;FHL1;SEMA3G;SCGB3A1;WFDC1;AGTR2;SLIT2;FBP1;RERG,0.0358958001452983
147,Ventricular Septum Development (GO:0003281),0.0018968283961258645,5.225534995249514,32.75141709706116,ROBO2;TGFBR3;CITED2;SLIT2;TBX5;TGFBR2,0.03678814800921659
148,Regulation Of Epithelial Cell Migration (GO:0010632),0.001960415195652666,4.398549777893912,27.423194018806758,GLIPR2;HYAL1;PRKCE;RHOJ;CTSH;EMP2;SASH1,0.03701419683977318
149,Blood Circulation (GO:0008015),0.001960415195652666,4.398549777893912,27.423194018806758,ACVRL1;PLN;NPR1;COL4A3;AGTR1;OLR1;SGCG,0.03701419683977318
150,Positive Regulation Of Cell Death (GO:0010942),0.001960415195652666,4.398549777893912,27.423194018806758,TYROBP;HBG2;HBG1;LRRK2;HBB;HBA1;CLU,0.03701419683977318
151,Positive Regulation Of Fat Cell Differentiation (GO:0045600),0.001960415195652666,4.398549777893912,27.423194018806758,ZFP36;BMP2;LMO3;ZBTB16;ADIRF;PPARG;PTGS2,0.03701419683977318
152,Protein Localization To Cell Surface (GO:0034394),0.002078078090022574,6.422569027611044,39.66778892034122,FCN1;ANK2;EMP2;FBLN5;GPIHBP1,0.03874588549165033
153,Regulation Of Tumor Necrosis Factor Production (GO:0032680),0.002103070915615435,2.828755919070168,17.437460393937513,CX3CR1;IL33;ZFP36;IL6;TYROBP;IRAK3;CD47;LILRA2;CLU;AGER;TLR3;HLA-E,0.03874588549165033
154,Regulation Of Protein Kinase A Signaling (GO:0010738),0.0021336738064500534,8.983216783216783,55.2459746665944,AKAP12;RAMP3;LRRK2;ADRB2,0.03874588549165033
155,Regulation Of Steroid Biosynthetic Process (GO:0050810),0.0021336738064500534,8.983216783216783,55.2459746665944,BMP2;FGFR4;BMP5;CES1,0.03874588549165033
156,Response To UV-B (GO:0010224),0.0021336738064500534,8.983216783216783,55.2459746665944,MFAP4;MME;HYAL1;CRIP1,0.03874588549165033
157,Mesonephric Tubule Development (GO:0072164),0.0021336738064500534,8.983216783216783,55.2459746665944,ROBO2;TCF21;SLIT2;NPNT,0.03874588549165033
158,Positive Regulation Of Epithelial Cell Migration (GO:0010634),0.002185003314104968,3.185265079233386,19.513373230727076,EDN1;ANGPT1;GLIPR2;HYAL1;ANXA3;PRKCE;ATOH8;CTSH;TEK;SASH1,0.03933578346161419
159,Positive Regulation Of Transcription By RNA Polymerase II (GO:0045944),0.0022067707326011597,1.583238258544917,9.683441479653606,ACVRL1;CSRNP1;CSF3;PID1;CITED2;TCF21;ADIRF;ARRB1;LDB2;SOX17;HOXA5;EDN1;MYOCD;SLC11A1;LMO3;HGF;LMO2;LMO7;ETV1;FOS;DCN;ZEB2;TOX2;TAL1;PPARG;ERG;TLR3;EPAS1;PLA2G1B;NOTCH4;GATA6;GATA2;MUC1;ATOH8;NKX2-1;S100A10;IL33;FOXF1;NR2F1;KLF4;TBX5;KLF2;BMP5;NR4A2;NR4A1;DAB2;BMP2;IL6;RGCC;NR4A3;FOXA2,0.03933578346161419
160,Antimicrobial Humoral Immune Response Mediated By Antimicrobial Peptide (GO:0061844),0.0022196868923158295,3.7948034643570954,23.18772584874157,PLA2G1B;S100A12;DEFA3;DEFA1;PPBP;CXCL3;CXCL2;CXCL5,0.03933578346161419
161,Regulation Of Endothelial Cell Differentiation (GO:0045601),0.0022627388592440295,16.153072625698325,98.39126184837603,TMEM100;NOTCH4;ATOH8,0.03933578346161419
162,Regulation Of Tumor Necrosis Factor Superfamily Cytokine Production (GO:1903555),0.0022627388592440295,16.153072625698325,98.39126184837603,CX3CR1;ZFP36;CD47,0.03933578346161419
163,Vascular Associated Smooth Muscle Cell Differentiation (GO:0035886),0.0022627388592440295,16.153072625698325,98.39126184837603,MYOCD;RAMP2;GATA6,0.03933578346161419
164,Negative Regulation Of Long-Term Synaptic Potentiation (GO:1900272),0.0022627388592440295,16.153072625698325,98.39126184837603,TYROBP;FAM107A;AGER,0.03933578346161419
165,Regulation Of Cold-Induced Thermogenesis (GO:0120161),0.0023808498593065035,2.651004281241347,16.012855251677603,EPAS1;CAV1;TRPV2;G0S2;ADRB1;ADRB2;MUC1;FABP4;ACADL;PRDM16;LEPR;ALPL;CD36,0.04113819969019904
166,Icosanoid Metabolic Process (GO:0006690),0.0024683598967276173,4.202621722846442,25.23338705680362,HPGD;ALOX5;DPEP2;NLRC4;GGT1;ALOX15B;MGLL,0.04213793252087007
167,Ventricular Septum Morphogenesis (GO:0060412),0.002475898194463705,6.130315762668704,36.788956956889905,ROBO2;TGFBR3;CITED2;SLIT2;TGFBR2,0.04213793252087007
168,Cytokine-Mediated Signaling Pathway (GO:0019221),0.0024830489875503937,2.1717707082833133,13.026862837244682,CCL14;IL33;CCL23;CSF3;CSF3R;LIFR;IRAK3;PPBP;LILRA2;CXCL3;CXCL2;CXCL5;DUOX1;IL1RL1;IL6;CXCR2;LEPR;CCL2;CD300LF,0.04213793252087007
169,Cellular Response To Glucocorticoid Stimulus (GO:0071385),0.0027115548692155152,8.291769768692845,49.006291780876374,ZFP36;KLF9;FAM107A;AQP1,0.04492359471013952
170,Leukocyte Tethering Or Rolling (GO:0050901),0.0027115548692155152,8.291769768692845,49.006291780876374,CX3CR1;SELP;SELE;JAM2,0.04492359471013952
171,Positive Regulation Of Macrophage Derived Foam Cell Differentiation (GO:0010744),0.0027115548692155152,8.291769768692845,49.006291780876374,MSR1;AGTR1;CD36;ALOX15B,0.04492359471013952
172,Positive Regulation Of Cell Motility (GO:2000147),0.0027232959517388003,2.2646011396011394,13.374535918099184,SEMA5A;EDN1;HGF;CAV1;FAM107A;SEMA3G;NEDD9;FGR;DUOX1;CDH5;BMP2;DAB2;SPOCK2;MYADM;PECAM1;CTSH;HBEGF,0.04492359471013952
173,Positive Regulation Of Cell Population Proliferation (GO:0008284),0.002735224170146256,1.809705975643749,10.680055611134637,CCL14;CSF3;VIPR1;PID1;TNXB;PLA2G1B;RTKN2;C5AR1;AREG;CXCL5;AQP1;GRK5;HYAL1;CXCR2;CTSH;EDN1;TNFSF13;EMP2;LIFR;TBX2;BMP5;TGFBR2;TGFBR3;CLDN5;BMP2;IL6;NR4A3;CD47;FGFR4;HBEGF,0.04492359471013952
174,Blood Vessel Morphogenesis (GO:0048514),0.0027574987984126326,4.111046653639472,24.228170788300467,CCBE1;RAMP2;SOX17;CAV1;SLC1A1;RASIP1;TGFBR2,0.04492359471013952
175,Tight Junction Assembly (GO:0120192),0.0027574987984126326,4.111046653639472,24.228170788300467,CLDN22;CDH5;CLDN5;RAMP2;PECAM1;CLDN18;ESAM,0.04492359471013952
176,Aortic Valve Development (GO:0003176),0.0028591713452368064,4.763715865027638,27.902148204991928,ROBO2;BMP2;TIE1;SLIT2;SMAD6;TGFBR2,0.0457949298048884
177,Negative Regulation Of Cell-Cell Adhesion (GO:0022408),0.0028591713452368064,4.763715865027638,27.902148204991928,BMP2;RGCC;NOTCH4;MYADM;ADTRP;KLF4,0.0457949298048884
178,Negative Regulation Of Mitotic Cell Cycle Phase Transition (GO:1901991),0.0028591713452368064,4.763715865027638,27.902148204991928,KANK2;RGCC;FHL1;FAM107A;CCL2;KLF4,0.0457949298048884
179,Establishment Of Endothelial Barrier (GO:0061028),0.002926210105057419,5.863475825112654,34.20779455982479,ROBO4;RAP1A;MYADM;PECAM1;ICAM1,0.04634791671954835
180,Negative Regulation Of Cytoskeleton Organization (GO:0051494),0.002926210105057419,5.863475825112654,34.20779455982479,PLEKHH2;MYADM;SLIT2;SHANK3;KANK3,0.04634791671954835
181,Neuron Development (GO:0048666),0.003016132224456277,2.57306507309609,14.933503581108411,ROBO2;GPM6A;TNXB;RASGRF1;PTPRM;ETV1;FRY;AGER;IL6;VAPA;FLRT3;TMEM108;DMD,0.04750824846367318
182,Regulation Of Focal Adhesion Assembly (GO:0051893),0.0030719109817061822,4.023368395888118,23.277018578851294,ACVRL1;LIMCH1;FAM107A;TEK;ARHGAP6;GPM6B;S100A10,0.04785802299914932
183,Apical Junction Assembly (GO:0043297),0.0030719109817061822,4.023368395888118,23.277018578851294,CLDN22;CDH5;CLDN5;RAMP2;PECAM1;CLDN18;ESAM,0.04785802299914932
184,Regulation Of Interleukin-1 Beta Production (GO:0032651),0.0031724493934425463,3.2460845070422537,18.67553994295469,CX3CR1;IL6;TYROBP;TLR8;MNDA;CD36;CARD16;NLRC4;LILRA2,0.04900574537817922
185,Response To Molecule Of Bacterial Origin (GO:0002237),0.0032444771153931078,3.5452260727214036,20.316985396759616,SELP;IL6;SLPI;SLC11A1;IRAK3;SMAD6;CXCL2;SELE,0.04900574537817922
186,Positive Regulation Of Protein Modification Process (GO:0031401),0.0032755250905629834,2.220585415296954,12.70458446237268,ACE;ANGPT1;LIMCH1;FAXDC2;HGF;LRRK2;ARRB1;AGER;MARCO;CDH5;BMP2;DAB2;LEPR;PECAM1;FAM20A;ADTRP;TEK,0.04900574537817922
187,Cellular Response To Molecule Of Bacterial Origin (GO:0071219),0.003297300875260226,2.8105345911949686,16.061224485724292,CX3CR1;ZFP36;IL6;DEFA3;CCL2;CARD16;DEFA1;PPBP;CXCL3;CXCL2;CXCL5,0.04900574537817922
188,Amine Metabolic Process (GO:0009308),0.0033038002540722957,13.460195530726256,76.89381512229197,AOC3;MAOA;INMT,0.04900574537817922
189,Response To Laminar Fluid Shear Stress (GO:0034616),0.0033038002540722957,13.460195530726256,76.89381512229197,KLF4;SMAD6;KLF2,0.04900574537817922
190,Leukotriene D4 Biosynthetic Process (GO:1901750),0.0033038002540722957,13.460195530726256,76.89381512229197,GGTLC2;GGTLC1;GGT3P,0.04900574537817922
191,Negative Regulation Of Protein Localization To Cell Surface (GO:2000009),0.0033038002540722957,13.460195530726256,76.89381512229197,LEPROT;NEDD4L;GPM6B,0.04900574537817922
192,Negative Regulation Of Sodium Ion Transmembrane Transport (GO:1902306),0.0033038002540722957,13.460195530726256,76.89381512229197,HECW2;PRKCE;NEDD4L,0.04900574537817922
193,Cellular Response To Organic Cyclic Compound (GO:0071407),0.0033820544469113202,2.5357776102064524,14.426728377475376,RAMP3;SLC1A1;SSTR1;TFPI;CLU;SPIDR;AQP1;RAP1A;NR4A3;CCL2;ADTRP;FOLR1;CFTR,0.04900574537817922
194,Ureteric Bud Development (GO:0001657),0.003388160721029459,7.699100899100899,43.78839049282688,ROBO2;TCF21;SLIT2;NPNT,0.04900574537817922
195,Heart Trabecula Morphogenesis (GO:0061384),0.003388160721029459,7.699100899100899,43.78839049282688,TGFBR3;S1PR1;TEK;BMP5,0.04900574537817922
196,Neutrophil Activation (GO:0042119),0.003388160721029459,7.699100899100899,43.78839049282688,TYROBP;CXCR2;LILRA2;DNASE1L3,0.04900574537817922
197,Cellular Response To Oxygen-Containing Compound (GO:1901701),0.003405427089435352,1.8661274398116503,10.604054417488891,CX3CR1;PID1;RAMP3;CXCL3;CLU;CXCL2;CXCL5;AQP1;ZFP36;RAP1A;PDK4;CCL2;CAPN3;SLIT2;DAPK1;DEFA3;FOS;DEFA1;PPBP;SSTR1;IL6;NR4A3;ALOX5AP;CARD16;FOLR1;CFTR,0.04900574537817922
198,Cellular Response To Fibroblast Growth Factor Stimulus (GO:0044344),0.0034129985572939375,3.9393433988764044,22.376116683075445,KL;NR4A1;ZFP36;HYAL1;FLRT3;NDNF;FGFR4,0.04900574537817922
199,Calcium-Mediated Signaling (GO:0019722),0.0034377934323521022,3.2032060785767236,18.171549308756763,SELP;EDN1;EDNRB;LRRK2;RCAN2;AGTR1;ANK2;CLU;SELE,0.04900574537817922
200,Transport Across Blood-Brain Barrier (GO:0150104),0.0034377934323521022,3.2032060785767236,18.171549308756763,SLC22A3;SLC15A2;ATP8A1;SLC1A1;LEPR;CD36;SLC4A4;AGER;ABCG2,0.04900574537817922
201,Regulation Of Actin Filament Polymerization (GO:0030833),0.003550411694607236,3.4878635270632006,19.673962889367942,CSF3;PRKCE;LMOD1;MYADM;ARHGAP18;ESAM;SLIT2;KANK3,0.05035932209614542
202,Metal Ion Transport (GO:0030001),0.0035796444044293714,2.4189004833536614,13.624437166229013,KCNJ5;RAMP2;CALCRL;RAMP3;SLC11A1;CAV1;KCNJ15;CLU;SLC4A4;AQP1;SCNN1B;SCN7A;SCN4B;KCNK3,0.05052260493578286
203,Peptide Metabolic Process (GO:0006518),0.00378218496730618,3.8587479935794544,21.521987126831416,CPM;ACE;MME;ANPEP;DMD;GGT3P;GGT1,0.05311827261965477
204,Myeloid Leukocyte Differentiation (GO:0002573),0.003878212278783562,3.4323220146004956,19.057559486263706,IL1RL1;IL33;CSF3;BMP2;TYROBP;PPARG;OSCAR;TGFBR2,0.05419991768045066
205,Positive Regulation Of Response To External Stimulus (GO:0032103),0.0039978302857589494,2.4818158241232093,13.70459565125556,IL33;NLRC4;THBD;CAMK2N1;APOH;NFKBIZ;MMRN2;AGTR1;S100A12;TLR8;CD47;TLR3;SASH1,0.055083793670260325
206,Regulation Of Macrophage Derived Foam Cell Differentiation (GO:0010743),0.003999419603558011,5.393837535014006,29.78264584469252,MSR1;AGTR1;PPARG;CD36;ALOX15B,0.055083793670260325
207,Artery Morphogenesis (GO:0048844),0.003999419603558011,5.393837535014006,29.78264584469252,HPGD;FOXF1;FOLR1;TBX2;TGFBR2,0.055083793670260325
208,Positive Regulation Of Receptor-Mediated Endocytosis (GO:0048260),0.004146763622126884,4.376786323490391,24.00854230571623,CCL14;DAB2;ANGPT1;ARRB1;CLU;SELE,0.05649185419953698
209,Multicellular Organismal-Level Water Homeostasis (GO:0050891),0.004171035930219512,7.1854545454545455,39.37335097684718,SCNN1B;AQP4;CFTR;AQP1,0.05649185419953698
210,Chemokine-Mediated Signaling Pathway (GO:0070098),0.004180912394283516,3.781376404494382,20.71145232703358,CCL14;CCL23;CCL2;PPBP;CXCL3;CXCL2;CXCL5,0.05649185419953698
211,Positive Regulation Of Interleukin-1 Beta Production (GO:0032731),0.004180912394283516,3.781376404494382,20.71145232703358,IL6;TYROBP;TLR8;MNDA;CD36;NLRC4;LILRA2,0.05649185419953698
212,Regulation Of Peroxisome Proliferator Activated Receptor Signaling Pathway (GO:0035358),0.004594369542025229,11.536711891460495,62.1012402967664,BMP2;CITED2;LMO3,0.05892717476552499
213,Surfactant Homeostasis (GO:0043129),0.004594369542025229,11.536711891460495,62.1012402967664,NAPSA;SFTPD;CTSH,0.05892717476552499
214,Negative Regulation Of Pathway-Restricted SMAD Protein Phosphorylation (GO:0060394),0.004594369542025229,11.536711891460495,62.1012402967664,SNX25;PPARG;SMAD6,0.05892717476552499
215,Negative Regulation Of Sodium Ion Transmembrane Transporter Activity (GO:2000650),0.004594369542025229,11.536711891460495,62.1012402967664,HECW2;PRKCE;NEDD4L,0.05892717476552499
216,Positive Regulation Of Transforming Growth Factor Beta Production (GO:0071636),0.004594369542025229,11.536711891460495,62.1012402967664,TNXB;GATA6;PTGS2,0.05892717476552499
217,Positive Regulation Of Secretion By Cell (GO:1903532),0.004603478748899541,3.326365898517797,17.898985335451254,EDN1;BMP2;RGCC;PLA2G1B;FGG;RAB27A;CFTR;S100A10,0.05892717476552499
218,Renal System Development (GO:0072001),0.004610639111964832,3.70703899537343,19.941604036495953,MYOCD;SOX17;MME;FOXF1;AGTR1;ITGA8;TCF21,0.05892717476552499
219,Response To Organic Cyclic Compound (GO:0014070),0.004610639111964832,3.70703899537343,19.941604036495953,SOCS2;SLC1A1;CCL2;ALPL;FGFR4;CLU;TLR3,0.05892717476552499
220,Inorganic Anion Transport (GO:0015698),0.004610639111964832,3.70703899537343,19.941604036495953,CLIC5;SLC34A2;CLIC3;SLC11A1;FXYD1;SLC26A9;CLIC2,0.05892717476552499
221,Muscle Organ Development (GO:0007517),0.004610639111964832,3.70703899537343,19.941604036495953,DES;FHL1;TCF21;CAPN3;DMD;SGCG;HBEGF,0.05892717476552499
222,Regulation Of Protein Localization To Cell Surface (GO:2000008),0.004629844667652612,5.186112906701142,27.876559847120244,LEPROT;TYROBP;NEDD4L;GPD1L;GPM6B,0.05892717476552499
223,Regulation Of Response To Biotic Stimulus (GO:0002831),0.004629844667652612,5.186112906701142,27.876559847120244,FGR;DAPK1;GATA6;CD36;CD55,0.05892717476552499
224,Positive Regulation Of Cholesterol Transport (GO:0032376),0.004629844667652612,5.186112906701142,27.876559847120244,ABCA3;CAV1;PPARG;ABCA8;CES1,0.05892717476552499
225,Positive Regulation Of Intracellular Signal Transduction (GO:1902533),0.004936215215269233,1.7135774644572075,9.101077903849216,SEMA5A;CX3CR1;CSF3;RAMP3;RTKN2;ADRB2;AGER;NR3C2;S100A12;SASH1;VWF;ANGPT1;PRKCB;CAV2;HGF;CAV1;CFLAR;DCN;SELP;FGR;DAB2;BMP2;IL6;VAPA;PPARG;ROR1;S100A4;CARD16;TEK;TLR3;HBEGF,0.06233904174651013
226,T Cell Mediated Immunity (GO:0002456),0.005067433882122603,6.736013986013986,35.599299933113805,CADM1;CTSH;C4BPA;EMP2,0.06233904174651013
227,Response To Fibroblast Growth Factor (GO:0071774),0.005067433882122603,6.736013986013986,35.599299933113805,NR4A1;ZFP36;HYAL1;NDNF,0.06233904174651013
228,Xenobiotic Transport (GO:0042908),0.005067433882122603,6.736013986013986,35.599299933113805,SLC22A3;SLC15A2;ABCA8;ABCG2,0.06233904174651013
229,Microglial Cell Activation (GO:0001774),0.005067433882122603,6.736013986013986,35.599299933113805,CX3CR1;TYROBP;C5AR1;CLU,0.06233904174651013
230,Positive Regulation Of Protein Processing (GO:0010954),0.005067433882122603,6.736013986013986,35.599299933113805,CCBE1;CLEC3B;NLRC4;S100A10,0.06233904174651013
231,Heart Morphogenesis (GO:0003007),0.005072836788912785,3.635560717372515,19.20977601390494,ACVRL1;TGFBR3;BMP2;SOX17;CCM2L;EMP2;TBX2,0.06233904174651013
232,Regulation Of Cell Death (GO:0010941),0.005072836788912785,3.635560717372515,19.20977601390494,HBG2;HBG1;LRRK2;HBB;AGR3;HBA1;CLU,0.06233904174651013
233,Zymogen Activation (GO:0031638),0.005215212099967827,4.151904196784982,21.823137201446876,THBD;APOH;FGG;CTSH;NLRC4;GGT1,0.06381360384982092
234,Regulation Of Cholesterol Efflux (GO:0010874),0.00532778591263986,4.993775287892935,26.14151239606974,ABCA3;CAV1;PPARG;ABCA8;CES1,0.0643623628683739
235,Amide Transport (GO:0042886),0.00532778591263986,4.993775287892935,26.14151239606974,SLC14A1;VAPA;SLC1A1;FOLR1;ABCG2,0.0643623628683739
236,Negative Regulation Of G1/S Transition Of Mitotic Cell Cycle (GO:2000134),0.00532778591263986,4.993775287892935,26.14151239606974,KANK2;FHL1;FAM107A;CCL2;KLF4,0.0643623628683739
237,Regulation Of Fat Cell Differentiation (GO:0045598),0.005428540850096167,3.2267355207086927,16.83092642974708,ZFP36;BMP2;IL6;LMO3;ALOX5;ZBTB16;ADIRF;PPARG,0.06502844522531165
238,Defense Response To Gram-negative Bacterium (GO:0050829),0.005428540850096167,3.2267355207086927,16.83092642974708,SELP;IL6;DMBT1;SLC11A1;DEFA3;DEFA1;TREM1;AQP1,0.06502844522531165
239,Response To Tumor Necrosis Factor (GO:0034612),0.005534131208537068,2.7608589274920123,14.347688792058248,CCL14;ZFP36;CCL23;PID1;HYAL1;LRRK2;CCL2;NPNT;AFF3;SELE,0.06601593337045683
240,Homophilic Cell Adhesion Via Plasma Membrane Adhesion Molecules (GO:0007156),0.005568987751635414,3.5667797328810686,18.513519914676177,ROBO2;ROBO4;CADM1;PECAM1;PTPRM;NEXN;ESAM,0.06615493366630235
241,Endocardial Cushion Morphogenesis (GO:0003203),0.006084281283380643,6.33944878650761,32.344163585775846,ACVRL1;BMP2;TBX2;TGFBR2,0.06957572681122823
242,Peptide Catabolic Process (GO:0043171),0.006084281283380643,6.33944878650761,32.344163585775846,MME;ANPEP;DPEP2;CTSH,0.06957572681122823
243,Adenylate Cyclase-Modulating G Protein-Coupled Receptor Signaling Pathway (GO:0007188),0.006091863532000784,2.348470254957507,11.979080001229555,VIPR1;RAMP2;CALCRL;RAMP3;ADRB2;AKAP12;MARCO;ADGRD1;GRK5;ADGRE5;GNAQ;ADGRG6;ADGRF5,0.06957572681122823
244,Nitrogen Compound Transport (GO:0071705),0.006091863532000784,2.348470254957507,11.979080001229555,SLC22A3;EDN1;RAMP2;SLC15A2;CALCRL;RAMP3;SLC11A1;SLC6A14;HBB;HBA1;AQP1;SLC6A4;ABCG2,0.06957572681122823
245,BMP Signaling Pathway (GO:0030509),0.006100582221359549,3.5005461922596752,17.850583968821255,ACVRL1;TMEM100;TGFBR3;GDF10;BMP2;PPARG;SMAD6,0.06957572681122823
246,Cellular Response To Thyroid Hormone Stimulus (GO:0097067),0.006149801177281485,10.094099162011172,51.39244567240543,KLF9;LMO2;CTSH,0.06957572681122823
247,Central Nervous System Myelination (GO:0022010),0.006149801177281485,10.094099162011172,51.39244567240543,MYRF;CLU;GPM6B,0.06957572681122823
248,Desensitization Of G Protein-Coupled Receptor Signaling Pathway (GO:0002029),0.006149801177281485,10.094099162011172,51.39244567240543,DMBT1;ARRB1;ADRB2,0.06957572681122823
249,Lipoprotein Transport (GO:0042953),0.006149801177281485,10.094099162011172,51.39244567240543,PRKCB;PPARG;CD36,0.06957572681122823
250,Negative Regulation Of Vascular Permeability (GO:0043116),0.006149801177281485,10.094099162011172,51.39244567240543,CLDN5;RAMP2;SLIT2,0.06957572681122823
251,Neutrophil Activation Involved In Immune Response (GO:0002283),0.006149801177281485,10.094099162011172,51.39244567240543,TYROBP;LILRA2;DNASE1L3,0.06957572681122823
252,Regulation Of Cell Activation (GO:0050865),0.006149801177281485,10.094099162011172,51.39244567240543,IL6;GNAQ;LILRA2,0.06957572681122823
253,Adenylate Cyclase-Activating G Protein-Coupled Receptor Signaling Pathway (GO:0007189),0.006290021404604908,2.7053596614950637,13.712902177263645,ADGRD1;RAMP2;CALCRL;RAMP3;ADGRE5;GNAQ;ADGRG6;ADGRF5;ADRB1;ADRB2,0.07088083408904583
254,Negative Regulation Of Transforming Growth Factor Beta Receptor Signaling Pathway (GO:0030512),0.006361839215235253,3.1328808169754785,15.844349737123768,BMP2;SNX25;CAV1;VEPH1;PRDM16;NKX2-1;PPARG;SMAD6,0.07140788819935318
255,Negative Regulation Of Protein Modification Process (GO:0031400),0.0068717515653735125,3.087964637331726,15.379102211752702,PPP1R15A;PID1;LRRK2;FXYD1;MYADM;DMD;SLIT2;TPPP,0.07682887730541131
256,Cellular Response To Hydrogen Peroxide (GO:0070301),0.006940827810788258,4.6488940403747705,23.10655718276518,EDN1;IL6;CAT;CLU;AQP1,0.07729804722092705
257,Cellular Defense Response (GO:0006968),0.007177520686544866,3.854738529352835,19.030078043463686,CX3CR1;TYROBP;NCF2;C5AR1;CXCR2;MNDA,0.07865439382204406
258,Myelination (GO:0042552),0.007177520686544866,3.854738529352835,19.030078043463686,MYRF;PLLP;ADGRG6;MAL;TPPP;GPM6B,0.07865439382204406
259,Positive Regulation Of Reactive Oxygen Species Metabolic Process (GO:2000379),0.007177520686544866,3.854738529352835,19.030078043463686,PID1;TYROBP;AGTR1;RAB27A;CD36;TGFBR2,0.07865439382204406
260,Blood Vessel Endothelial Cell Migration (GO:0043534),0.007228148432611555,5.986946386946387,29.514282883133983,CDH5;NR4A1;EMP2;SLIT2,0.07865439382204406
261,Cellular Response To Low-Density Lipoprotein Particle Stimulus (GO:0071404),0.007228148432611555,5.986946386946387,29.514282883133983,PPARG;ADTRP;CD36;CES1,0.07865439382204406
262,Positive Regulation Of Receptor Internalization (GO:0002092),0.007228148432611555,5.986946386946387,29.514282883133983,CCL14;ANGPT1;ARRB1;SELE,0.07865439382204406
263,Protein Polymerization (GO:0051258),0.007276085309344284,3.375175561797753,16.616537060245406,TPPP3;FGG;FAM107A;COBL;TPPP;ARHGAP6;WASF3,0.07887497801118082
264,Positive Regulation Of Cytoskeleton Organization (GO:0051495),0.0074119445667800475,3.0443137021849807,14.931331099406508,SEMA5A;CSF3;EDN1;CFL2;PRKCE;SYNPO2;LMOD1;TEK,0.0797413356976978
265,Positive Regulation Of Endocytosis (GO:0045807),0.0074119445667800475,3.0443137021849807,14.931331099406508,DAB2;SLC11A1;SFTPD;NEDD4L;RAB27A;CD47;GATA2;CLU,0.0797413356976978
266,Negative Regulation Of Macromolecule Metabolic Process (GO:0010605),0.007461638574540113,2.20621804387267,10.80601238583748,ACVRL1;MSR1;EDN1;CITED2;GATA2;UPK3B;KLF4;CLDN5;BMP2;EDNRB;ATOH8;MYADM;PPARG;RBMS3,0.07997417885719496
267,Positive Regulation Of Cellular Component Organization (GO:0051130),0.007571556751055081,2.6261519711887384,12.824436522356025,PPP1R15A;CDH5;DAB2;HYAL1;TAL1;TPPP;CLU;SPIDR;SHANK3;S100A10,0.08084834568261437
268,Negative Regulation Of Protein Phosphorylation (GO:0001933),0.007632009616316673,2.371777532289204,11.56337386924831,PID1;CAMK2N1;CAV1;GNAQ;LRRK2;SNX25;MYADM;PPARG;DMD;SLIT2;GPD1L;SMAD6,0.08113440291504286
269,Positive Regulation Of Supramolecular Fiber Organization (GO:1902905),0.007655262849577877,2.796600291403594,13.626048747068976,SEMA5A;CSF3;EDN1;TNXB;CFL2;PRKCE;SYNPO2;LMOD1;CLU,0.08113440291504286
270,Skeletal Muscle Organ Development (GO:0060538),0.007863063373475521,4.493697478991597,21.77456616485735,DES;CAV1;TCF21;DMD;CFLAR,0.0812819072991999
271,Positive Regulation Of Signal Transduction (GO:0009967),0.007875831226226366,1.9706525240439925,9.545755196304123,CCBE1;TNXB;VWF;PRKCB;CITED2;CAV2;LMO3;LRRK2;EMP2;SORBS1;KLF2;BMP2;IL6;TMEM108;CTSH;TEK;SHANK3;SASH1,0.0812819072991999
272,Positive Regulation Of Interleukin-1 Production (GO:0032732),0.007922988733858926,3.3157894736842106,16.041745635479,IL6;TYROBP;TLR8;MNDA;CD36;NLRC4;LILRA2,0.0812819072991999
273,Heterophilic Cell-Cell Adhesion Via Plasma Membrane Cell Adhesion Molecules (GO:0007157),0.007936394987637476,3.7648977461756745,18.20816043209251,SELP;JAML;CADM1;ITGAL;SELE;ICAM1,0.0812819072991999
274,Defense Response To Tumor Cell (GO:0002357),0.007982789913635907,8.972067039106145,43.3392765838301,DAPK1;KLF4;RBMS3,0.0812819072991999
275,Response To Thyroid Hormone (GO:0097066),0.007982789913635907,8.972067039106145,43.3392765838301,KLF9;LMO2;CTSH,0.0812819072991999
276,Sphingomyelin Metabolic Process (GO:0006684),0.007982789913635907,8.972067039106145,43.3392765838301,VAPA;ABCA8;SGMS2,0.0812819072991999
277,Lipoprotein Localization (GO:0044872),0.007982789913635907,8.972067039106145,43.3392765838301,PRKCB;PPARG;CD36,0.0812819072991999
278,Negative Regulation Of Complement Activation (GO:0045916),0.007982789913635907,8.972067039106145,43.3392765838301,C4BPA;VSIG4;CD55,0.0812819072991999
279,Negative Regulation Of Mononuclear Cell Migration (GO:0071676),0.007982789913635907,8.972067039106145,43.3392765838301,DUSP1;SLIT2;BMP5,0.0812819072991999
280,Neutrophil Mediated Immunity (GO:0002446),0.007982789913635907,8.972067039106145,43.3392765838301,IL6;ANXA3;PLA2G1B,0.0812819072991999
281,Regulation Of Interleukin-6 Production (GO:0032675),0.008040680110157263,2.600764890962352,12.544117436154162,IL33;IL6;TYROBP;TLR8;ARRB1;IRAK3;CD47;LILRA2;AGER;TLR3,0.08139609178381707
282,Negative Regulation Of Cell Differentiation (GO:0045596),0.008051104132948584,2.1183638139204546,10.214635998696457,GDF10;MYOCD;NOTCH4;CAV1;ZBTB16;SMAD6;TBX5;HOPX;BMP5;BMP2;IL6;EFEMP1;NKX2-1;PPARG;FOXA2,0.08139609178381707
283,Endocardial Cushion Development (GO:0003197),0.008505224743019913,5.671549503128451,27.036699741621856,ACVRL1;BMP2;FOXF1;TBX2,0.08538167514911893
284,Negative Regulation Of Extrinsic Apoptotic Signaling Pathway Via Death Domain Receptors (GO:1902042),0.008505224743019913,5.671549503128451,27.036699741621856,FGG;CFLAR;BMP5;ICAM1,0.08538167514911893
285,Proteolysis (GO:0006508),0.008537302206595428,1.8472195176231674,8.79887961049087,FCN1;CPA3;CPM;NAPSA;FCN3;CPB2;ACE;MME;HGF;TMPRSS2;PGC;THBD;ADAMTS1;ANPEP;CTSH;OLR1;MMP19;CAPN3;TPSAB1;GGT1;ADAMTS8,0.08540297751229321
286,Regulation Of Interleukin-8 Production (GO:0032677),0.008587509883350004,2.9605995799857427,14.084894022469888,FCN1;IL6;PLA2G1B;TLR8;ARRB1;LILRA2;KLF4;TLR3,0.08560486250849952
287,Cell Chemotaxis (GO:0060326),0.008751303138019154,3.679140634961112,17.433801640992897,SEMA5A;NR4A1;DOCK4;HGF;AGTR1;HBEGF,0.08693367681704742
288,Negative Regulation Of Apoptotic Process (GO:0043066),0.009015232939751637,1.6803712935986281,7.912598862326867,CX3CR1;CITED2;GATA6;NDNF;CLU;AQP1;SOCS2;SOCS3;GRK5;LAMP3;APOH;PDK4;PROK2;CCL2;CTSH;CAPN3;ANGPT1;HGF;CAV1;CFLAR;KLF4;SMAD6;NR4A2;DAB2;IL6;CAT;CARD16;TEK,0.08924454552511082
289,Positive Regulation Of Tumor Necrosis Factor Superfamily Cytokine Production (GO:1903557),0.009225054544867252,2.9204394267685405,13.684689035034019,IL33;IL6;TYROBP;LILRA2;CLU;AGER;TLR3;HLA-E,0.09100564189417487
290,Cellular Response To BMP Stimulus (GO:0071773),0.009342566036952875,3.203056560655113,14.968441690974913,ACVRL1;TMEM100;TGFBR3;GDF10;BMP2;PPARG;SMAD6,0.09184708886673328
291,SMAD Protein Signal Transduction (GO:0060395),0.00962439662997805,3.597194950911641,16.703409602185886,GDF10;BMP2;ATOH8;FOS;SMAD6;BMP5,0.0929203965452306
292,Cholesterol Transport (GO:0030301),0.00962439662997805,3.597194950911641,16.703409602185886,MSR1;CAV1;CD36;ABCA8;CLU;CES1,0.0929203965452306
293,Positive Regulation Of Actin Filament Bundle Assembly (GO:0032233),0.00962439662997805,3.597194950911641,16.703409602185886,RGCC;ARHGEF15;LIMCH1;SYNPO2;CD47;S100A10,0.0929203965452306
294,Neuron Projection Development (GO:0031175),0.009735042398234334,2.131181767471512,9.871683571346825,GPM6A;TNXB;LRRK2;RASGRF1;OMG;PTPRM;FRY;AGER;IL6;VAPA;FLRT3;TMEM108;SHANK3;GPM6B,0.0929203965452306
295,Protein Localization To Membrane (GO:0072657),0.009735042398234334,2.131181767471512,9.871683571346825,PIGR;RAMP2;RAMP3;CAV1;ANK2;LIN7A;EMP2;ITGAL;SYNE3;RAP1A;CAPN3;SHANK3;SPTBN1;S100A10,0.0929203965452306
296,Positive Regulation Of Cell Migration (GO:0030335),0.009789592613183254,1.923495119458142,8.89892598134696,SEMA5A;EDN1;PRKCE;HGF;CAV1;FAM107A;SEMA3G;NEDD9;FGR;CDH5;BMP2;DAB2;GLIPR2;HYAL1;MYADM;PECAM1;CTSH;HBEGF,0.0929203965452306
297,Vascular Transport (GO:0010232),0.009897221451686563,2.881350210970464,13.298875421703997,SLC22A3;SLC15A2;ATP8A1;SLC1A1;LEPR;SLC4A4;AGER;ABCG2,0.0929203965452306
298,Regulation Of Heterotypic Cell-Cell Adhesion (GO:0034114),0.009921299035277756,5.387692307692308,24.85380937808719,FGG;MYADM;KLF4;AGER,0.0929203965452306
299,Negative Regulation Of Cell Junction Assembly (GO:1901889),0.009921299035277756,5.387692307692308,24.85380937808719,ACVRL1;ROBO2;FAM107A;ARHGAP6,0.0929203965452306
300,Negative Regulation Of Ion Transmembrane Transporter Activity (GO:0032413),0.009921299035277756,5.387692307692308,24.85380937808719,PLN;PRKCE;HECW2;NEDD4L,0.0929203965452306
301,Positive Regulation Of Vascular Endothelial Growth Factor Production (GO:0010575),0.009921299035277756,5.387692307692308,24.85380937808719,CCBE1;IL6;CXCL17;PTGS2,0.0929203965452306
302,Aortic Valve Morphogenesis (GO:0003180),0.0099561615957566,4.212403711484594,19.417343084942615,ROBO2;TIE1;SLIT2;SMAD6;TGFBR2,0.0929203965452306
303,Regulation Of Ossification (GO:0030278),0.0099561615957566,4.212403711484594,19.417343084942615,BMP2;ZBTB16;S1PR1;SGMS2;SMAD6,0.0929203965452306
304,Muscle Cell Differentiation (GO:0042692),0.0099561615957566,4.212403711484594,19.417343084942615,MYOCD;TMEM204;GATA6;DMD;SYNE1,0.0929203965452306
305,Cardiac Left Ventricle Morphogenesis (GO:0003214),0.010103585734486666,8.074441340782123,37.10096706288489,FOXF1;TBX5;TGFBR2,0.0929203965452306
306,Cardiocyte Differentiation (GO:0035051),0.010103585734486666,8.074441340782123,37.10096706288489,MYOCD;BMP2;GATA6,0.0929203965452306
307,Regulation Of Vasculogenesis (GO:2001212),0.010103585734486666,8.074441340782123,37.10096706288489,TMEM100;RAP1A;EMP2,0.0929203965452306
308,Secondary Palate Development (GO:0062009),0.010103585734486666,8.074441340782123,37.10096706288489,TGFBR3;LRRC32;TGFBR2,0.0929203965452306
309,Negative Regulation Of Cell Migration Involved In Sprouting Angiogenesis (GO:0090051),0.010103585734486666,8.074441340782123,37.10096706288489,STARD13;MMRN2;KLF4,0.0929203965452306
310,Regulation Of Cellular Ketone Metabolic Process (GO:0010565),0.010103585734486666,8.074441340782123,37.10096706288489,PDK4;FGFR4;CES1,0.0929203965452306
311,Cardiac Muscle Tissue Development (GO:0048738),0.010557794658583518,3.518812122690408,16.013729933061608,MYOCD;BMP2;GATA6;SGCG;BMP5;TBX2,0.09678544235248106
312,Fatty Acid Transport (GO:0015908),0.01113360106340218,4.0845429080723195,18.371406526698735,FABP4;SLCO2A1;PPARG;CD36;SLC27A3,0.10037599025689496
313,Calcium Ion Homeostasis (GO:0055074),0.011203280832162241,2.615356656065425,11.74700155878626,CCL14;CDH5;EDN1;CCL23;PLN;CAV1;ALPL;ANK2;FAM20A,0.10037599025689496
314,Defense Response To Gram-positive Bacterium (GO:0050830),0.011349749304098914,2.8062176922936417,12.567813250175917,FGR;IL6;DMBT1;PLA2G1B;DEFA3;DEFA1;RNASE1;HLA-E,0.10037599025689496
315,Integrin-Mediated Signaling Pathway (GO:0007229),0.011349749304098914,2.8062176922936417,12.567813250175917,FGR;DAB2;ADAMTS1;ITGA1;ITGA8;NEDD9;CD47;ITGAL,0.10037599025689496
316,Positive Regulation Of Endothelial Cell Migration (GO:0010595),0.011349749304098914,2.8062176922936417,12.567813250175917,SEMA5A;EDN1;ANGPT1;ANXA3;ATOH8;TEK;GATA2;SASH1,0.10037599025689496
317,Sterol Transport (GO:0015918),0.011481744183162557,5.130869130869131,22.919576847205757,MSR1;VAPA;CAV1;CD36,0.10037599025689496
318,Ventricular Cardiac Muscle Tissue Development (GO:0003229),0.011481744183162557,5.130869130869131,22.919576847205757,TGFBR3;TNNC1;TBX5;HOPX,0.10037599025689496
319,Regulation Of Monoatomic Ion Transmembrane Transporter Activity (GO:0032412),0.011808527784876875,3.0475942370424067,13.528067589087046,DAPK1;FHL1;FXYD1;NEDD4L;ANK2;GPD1L;SCN4B,0.10037599025689496
320,Positive Regulation Of Phosphatidylinositol 3-Kinase Signaling (GO:0014068),0.011808527784876875,3.0475942370424067,13.528067589087046,FGR;SELP;CSF3;HGF;ROR1;TEK;DCN,0.10037599025689496
321,His-Purkinje System Development (GO:0003164),0.01200568666348691,17.92468619246862,79.26968146226275,TBX5;HOPX,0.10037599025689496
322,Amylin Receptor Signaling Pathway (GO:0097647),0.01200568666348691,17.92468619246862,79.26968146226275,RAMP2;RAMP3,0.10037599025689496
323,Bradykinin Catabolic Process (GO:0010815),0.01200568666348691,17.92468619246862,79.26968146226275,MME;CTSH,0.10037599025689496
324,Regulation Of Renal Sodium Excretion (GO:0035813),0.01200568666348691,17.92468619246862,79.26968146226275,NPR1;AGTR1,0.10037599025689496
325,Regulation Of Type B Pancreatic Cell Proliferation (GO:0061469),0.01200568666348691,17.92468619246862,79.26968146226275,NR4A1;NR4A3,0.10037599025689496
326,Response To Heparin (GO:0071503),0.01200568666348691,17.92468619246862,79.26968146226275,SLIT2;GPIHBP1,0.10037599025689496
327,Response To Peptidoglycan (GO:0032494),0.01200568666348691,17.92468619246862,79.26968146226275,IL6;IRAK3,0.10037599025689496
328,Endothelin Receptor Signaling Pathway (GO:0086100),0.01200568666348691,17.92468619246862,79.26968146226275,EDN1;EDNRB,0.10037599025689496
329,Sphingomyelin Biosynthetic Process (GO:0006686),0.01200568666348691,17.92468619246862,79.26968146226275,VAPA;SGMS2,0.10037599025689496
330,Epithelial Tube Branching Involved In Lung Morphogenesis (GO:0060441),0.01200568666348691,17.92468619246862,79.26968146226275,NKX2-1;CTSH,0.10037599025689496
331,Glomerulus Vasculature Development (GO:0072012),0.01200568666348691,17.92468619246862,79.26968146226275,PECAM1;TEK,0.10037599025689496
332,Hydrogen Peroxide Biosynthetic Process (GO:0050665),0.01200568666348691,17.92468619246862,79.26968146226275,DUOX1;MAOB,0.10037599025689496
333,Inflammatory Response To Wounding (GO:0090594),0.01200568666348691,17.92468619246862,79.26968146226275,IL6;TLR3,0.10037599025689496
334,Negative Regulation Of Monocyte Chemotaxis (GO:0090027),0.01200568666348691,17.92468619246862,79.26968146226275,DUSP1;SLIT2,0.10037599025689496
335,Neutrophil Extravasation (GO:0072672),0.01200568666348691,17.92468619246862,79.26968146226275,JAML;PECAM1,0.10037599025689496
336,Plasma Membrane Raft Assembly (GO:0044854),0.01200568666348691,17.92468619246862,79.26968146226275,CAV2;EMP2,0.10037599025689496
337,Plasma Membrane Raft Organization (GO:0044857),0.01200568666348691,17.92468619246862,79.26968146226275,COLEC12;EMP2,0.10037599025689496
338,Positive Regulation Of Endothelial Cell Development (GO:1901552),0.01200568666348691,17.92468619246862,79.26968146226275,CDH5;CLDN5,0.10037599025689496
339,Positive Regulation Of Establishment Of Endothelial Barrier (GO:1903142),0.01200568666348691,17.92468619246862,79.26968146226275,CDH5;CLDN5,0.10037599025689496
340,Positive Regulation Of Gap Junction Assembly (GO:1903598),0.01200568666348691,17.92468619246862,79.26968146226275,CAV1;TBX5,0.10037599025689496
341,Protein Import (GO:0017038),0.01200568666348691,17.92468619246862,79.26968146226275,CLU;GPIHBP1,0.10037599025689496
342,Negative Regulation Of Lymphocyte Proliferation (GO:0050672),0.012402494026611708,3.9642033283901794,17.402288487331102,TYROBP;LST1;SFTPD;MNDA;VSIG4,0.10169537505409221
343,Regulation Of Cholesterol Storage (GO:0010885),0.012520195245172347,7.34002031488065,32.15231540732123,MSR1;PPARG;CES1,0.10169537505409221
344,T Cell Proliferation (GO:0042098),0.012520195245172347,7.34002031488065,32.15231540732123,CADM1;DOCK8;SLC11A1,0.10169537505409221
345,Aorta Development (GO:0035904),0.012520195245172347,7.34002031488065,32.15231540732123,ROBO2;TBX2;TGFBR2,0.10169537505409221
346,"Blood Coagulation, Fibrin Clot Formation (GO:0072378)",0.012520195245172347,7.34002031488065,32.15231540732123,THBD;F8;FGG,0.10169537505409221
347,Endoderm Development (GO:0007492),0.012520195245172347,7.34002031488065,32.15231540732123,SOX17;DUSP1;SOX7,0.10169537505409221
348,Striated Muscle Tissue Development (GO:0014706),0.012520195245172347,7.34002031488065,32.15231540732123,PGM5;SGCG;TBX2,0.10169537505409221
349,Pathway-Restricted SMAD Protein Phosphorylation (GO:0060389),0.012520195245172347,7.34002031488065,32.15231540732123,TGFBR3;BMP2;TGFBR2,0.10169537505409221
350,Prostanoid Biosynthetic Process (GO:0046457),0.012520195245172347,7.34002031488065,32.15231540732123,EDN1;PTGS2;PTGDS,0.10169537505409221
351,Protein Activation Cascade (GO:0072376),0.012520195245172347,7.34002031488065,32.15231540732123,THBD;F8;FGG,0.10169537505409221
352,Regulation Of Smooth Muscle Cell Proliferation (GO:0048660),0.01261378965236275,3.371844319775596,14.744956004244871,EDN1;BMP2;IL6;NR4A3;OGN;PPARG,0.10181925337666942
353,Positive Regulation Of Inflammatory Response (GO:0050729),0.012623302842177955,2.5600296515937733,11.192989140487134,IL33;IL6;CAMK2N1;NFKBIZ;AGTR1;S100A12;CD47;NLRC4;TLR3,0.10181925337666942
354,Fatty Acid Metabolic Process (GO:0006631),0.012642587055538751,2.413988515011082,10.550781555904413,HPGD;PLA2G1B;ALOX5;ACSL5;CYP4B1;CD36;GGT1;SLC27A3;ACACB;CES1,0.10181925337666942
355,Sulfur Compound Biosynthetic Process (GO:0044272),0.012726097866578471,2.999063670411985,13.088215095374888,GGTLC2;GGTLC1;ANGPT1;GGT3P;GGT1;CDO1;PAPSS2,0.10220311272567667
356,Regulation Of Vascular Endothelial Growth Factor Production (GO:0010574),0.013191505673542632,4.897393515575334,21.19681127454118,CCBE1;IL6;CXCL17;PTGS2,0.10505302423259788
357,Response To Glucocorticoid (GO:0051384),0.013191505673542632,4.897393515575334,21.19681127454118,ZFP36;IL6;FAM107A;SLIT2,0.10505302423259788
358,Negative Regulation Of Protein Polymerization (GO:0032272),0.013191505673542632,4.897393515575334,21.19681127454118,CDH5;MYADM;SLIT2;KANK3,0.10505302423259788
359,Positive Regulation Of Epithelial Cell Proliferation (GO:0050679),0.013333810645345888,2.392500967335272,10.329508841918269,SEMA5A;NR4A1;BMP2;NR4A3;JAML;HYAL1;C5AR1;TEK;AREG;BMP5,0.10589051295231511
360,Negative Regulation Of Supramolecular Fiber Organization (GO:1902904),0.013693837016563586,2.952049683988764,12.666682533821266,CDH5;PLEKHH2;MYADM;SLIT2;CLU;SHANK3;KANK3,0.10841540715829304
361,Endothelial Cell Migration (GO:0043542),0.01376582861848547,3.8507402961184476,16.502601474955302,CDH5;NR4A1;STARD13;S100A12;EMP2,0.10841540715829304
362,Positive Regulation Of Monoatomic Ion Transport (GO:0043270),0.01376582861848547,3.8507402961184476,16.502601474955302,FHL1;ANK2;GPD1L;LILRA2;SCN4B,0.10841540715829304
363,Positive Regulation Of Defense Response (GO:0031349),0.01405300265659813,2.3713903941800907,10.113788408184249,IL33;CAMK2N1;NFKBIZ;MMRN2;AGTR1;S100A12;TLR8;CD47;NLRC4;TLR3,0.11037220543790983
364,Regulation Of G1/S Transition Of Mitotic Cell Cycle (GO:2000045),0.014173020807195708,2.5069841730797155,10.670765201289909,KANK2;CDKN2B;RGCC;ADAMTS1;HYAL1;FHL1;FAM107A;CCL2;KLF4,0.11100901736624989
365,Cellular Response To Hypoxia (GO:0071456),0.01471314046095493,2.906482281763181,12.262490238501211,RGCC;EPAS1;GATA6;PPARG;NDNF;PTGS2;AQP1,0.11433174081964043
366,Cellular Response To Peptide Hormone Stimulus (GO:0071375),0.01471755485121292,2.6670833984476743,11.251662846001302,NR4A2;NR4A1;NR4A3;PLA2G1B;SCNN1B;CAV1;PPARG;SORBS1,0.11433174081964043
367,Organic Anion Transport (GO:0015711),0.01471755485121292,2.6670833984476743,11.251662846001302,SLC22A3;CA4;SLCO2A1;SLCO4C1;SLC39A8;SLC4A4;CFTR;ABCG2,0.11433174081964043
368,Activation Of Phospholipase C Activity (GO:0007202),0.01505509371257633,4.684220127698389,19.655169836322354,GNAQ;C5AR1;ARHGAP6;SELE,0.1161635397976678
369,Regulation Of Chemokine Production (GO:0032642),0.015226457999170762,3.743580765639589,15.665839946348026,IL33;IL6;AGER;ALOX15B;TLR3,0.1161635397976678
370,Lymphocyte Migration (GO:0072676),0.015226457999170762,3.743580765639589,15.665839946348026,CCL14;CCL23;S1PR1;NEDD9;CCL2,0.1161635397976678
371,Positive Regulation Of Ossification (GO:0045778),0.015226457999170762,3.743580765639589,15.665839946348026,KL;BMP2;ALOX5;ZBTB16;GPM6B,0.1161635397976678
372,Digestive Tract Morphogenesis (GO:0048546),0.015238570285628817,6.728002793296089,28.14946276314445,SOX17;FOXF1;TCF21,0.1161635397976678
373,Positive Regulation Of Endothelial Cell Apoptotic Process (GO:2000353),0.015238570285628817,6.728002793296089,28.14946276314445,RGCC;ECSCR;CCL2,0.1161635397976678
374,Positive Regulation Of Transmembrane Transport (GO:0034764),0.015238570285628817,6.728002793296089,28.14946276314445,NR4A3;CA2;ACSL5,0.1161635397976678
375,Regulation Of Phosphatidylinositol 3-Kinase Signaling (GO:0014066),0.015662058643337258,2.634420774587493,10.950007195944659,FGR;SELP;CSF3;HGF;ROR1;PIP5K1B;TEK;DCN,0.11907341117907873
376,Cellular Response To Decreased Oxygen Levels (GO:0036294),0.015785379041233377,2.8622957099080693,11.874723618756356,RGCC;EPAS1;GATA6;PPARG;NDNF;PTGS2;AQP1,0.11969179693233073
377,Negative Regulation Of Response To External Stimulus (GO:0032102),0.01647545315226717,2.2034526051475205,9.047120120926296,CDH5;MMRN1;ALOX5;CXCL17;SLC39A8;IRAK3;PPARG;CARD16;TEK;LILRA2;KLF4,0.12346397489539426
378,Regulation Of Actin Cytoskeleton Organization (GO:0032956),0.01664964608602598,2.602545201904665,10.658375963233052,ARHGAP44;CSF3;FAM107A;ARHGAP18;NEDD9;ESAM;CLU;GPM6B,0.12346397489539426
379,Skeletal Muscle Tissue Development (GO:0007519),0.016787093334012668,3.642213642213642,14.886255064579192,CAV2;CAV1;TCF21;DMD;CFLAR,0.12346397489539426
380,Monocyte Chemotaxis (GO:0002548),0.016787093334012668,3.642213642213642,14.886255064579192,CCL14;CCL23;IL6;CCL2;S100A12,0.12346397489539426
381,Positive Regulation Of Calcium Ion Transmembrane Transport (GO:1904427),0.016787093334012668,3.642213642213642,14.886255064579192,RAMP3;PLA2G1B;CAV1;CAPN3;ANK2,0.12346397489539426
382,Gland Development (GO:0048732),0.01691189682861556,2.819428140197887,11.50252798186923,TGFBR3;CITED2;NOTCH4;CAV1;NKX2-1;TCF21;COBL,0.12346397489539426
383,Regulation Of Sodium Ion Transmembrane Transport (GO:1902305),0.017076578540677293,4.488811188811189,18.269674444216452,FXYD1;NEDD4L;GPD1L;SCN4B,0.12346397489539426
384,Mucosal Immune Response (GO:0002385),0.017076578540677293,4.488811188811189,18.269674444216452,PIGR;PLA2G1B;DEFA3;DEFA1,0.12346397489539426
385,Regulation Of Phagocytosis (GO:0050764),0.017537957391168996,3.1118243607724674,12.582312510278662,FGR;SLC11A1;SFTPD;RAB27A;CD47;GATA2,0.12346397489539426
386,Regulation Of Bone Mineralization (GO:0030500),0.017537957391168996,3.1118243607724674,12.582312510278662,KL;BMP2;ALOX5;S1PR1;SGMS2;GPM6B,0.12346397489539426
387,G Protein-Coupled Receptor Internalization (GO:0002031),0.017582032201869546,13.44281729428173,54.3207819205511,DMBT1;ARRB1,0.12346397489539426
388,Regulation Of Extracellular Matrix Assembly (GO:1901201),0.017582032201869546,13.44281729428173,54.3207819205511,RGCC;TIE1,0.12346397489539426
389,Bleb Assembly (GO:0032060),0.017582032201869546,13.44281729428173,54.3207819205511,EMP1;EMP2,0.12346397489539426
390,Regulation Of Skeletal Muscle Satellite Cell Proliferation (GO:0014842),0.017582032201869546,13.44281729428173,54.3207819205511,ANGPT1;CFLAR,0.12346397489539426
391,Regulation Of Systemic Arterial Blood Pressure By Renin-Angiotensin (GO:0003081),0.017582032201869546,13.44281729428173,54.3207819205511,AGTR1;AGTR2,0.12346397489539426
392,Cellular Response To Laminar Fluid Shear Stress (GO:0071499),0.017582032201869546,13.44281729428173,54.3207819205511,KLF4;KLF2,0.12346397489539426
393,Regulation Of Transforming Growth Factor Beta1 Production (GO:0032908),0.017582032201869546,13.44281729428173,54.3207819205511,TYROBP;GATA6,0.12346397489539426
394,Definitive Hemopoiesis (GO:0060216),0.017582032201869546,13.44281729428173,54.3207819205511,TGFBR3;TEK,0.12346397489539426
395,Vascular Wound Healing (GO:0061042),0.017582032201869546,13.44281729428173,54.3207819205511,NDNF;GATA2,0.12346397489539426
396,Heart Trabecula Formation (GO:0060347),0.017582032201869546,13.44281729428173,54.3207819205511,TGFBR3;TEK,0.12346397489539426
397,Hemostasis (GO:0007599),0.017582032201869546,13.44281729428173,54.3207819205511,VWF;FLI1,0.12346397489539426
398,Long-Chain Fatty Acid Catabolic Process (GO:0042758),0.017582032201869546,13.44281729428173,54.3207819205511,ACADL;ADTRP,0.12346397489539426
399,Negative Regulation Of Steroid Metabolic Process (GO:0045939),0.017582032201869546,13.44281729428173,54.3207819205511,BMP2;BMP5,0.12346397489539426
400,Positive Regulation Of Leukocyte Tethering Or Rolling (GO:1903238),0.017582032201869546,13.44281729428173,54.3207819205511,SELP;SELE,0.12346397489539426
401,Positive Regulation Of Lipoprotein Lipase Activity (GO:0051006),0.017582032201869546,13.44281729428173,54.3207819205511,APOH;GPIHBP1,0.12346397489539426
402,Protein Localization To Basolateral Plasma Membrane (GO:1903361),0.017582032201869546,13.44281729428173,54.3207819205511,CAV1;LIN7A,0.12346397489539426
403,Regulation Of Adiponectin Secretion (GO:0070163),0.017582032201869546,13.44281729428173,54.3207819205511,RAB11FIP1;PPARG,0.12346397489539426
404,Regulation Of Bile Acid Metabolic Process (GO:1904251),0.017582032201869546,13.44281729428173,54.3207819205511,FGFR4;CES1,0.12346397489539426
405,Regulation Of Cardiac Muscle Cell Membrane Potential (GO:0086036),0.017582032201869546,13.44281729428173,54.3207819205511,PLN;FXYD1,0.12346397489539426
406,Regulation Of Cell Adhesion Molecule Production (GO:0060353),0.017582032201869546,13.44281729428173,54.3207819205511,CAV1;NOTCH4,0.12346397489539426
407,Regulation Of Canonical Wnt Signaling Pathway (GO:0060828),0.01781216205697753,1.9640024988057179,7.9107541950588365,CCL14;SEMA5A;CAV1;LRRK2;DKK2;SCEL;ZEB2;BMP2;DAB2;SOX17;GNAQ;SOX7;FOLR1;RBMS3,0.12477266345071975
408,Regulation Of Stress Fiber Assembly (GO:0051492),0.01809400879686976,2.7778213813615333,11.145103837412096,RGCC;ARHGEF15;LIMCH1;CD47;ARHGAP6;CGNL1;S100A10,0.12486138707701691
409,Apoptotic Process (GO:0006915),0.018209932884781184,1.907410371318822,7.640681711689768,PPP1R15A;CSRNP1;DAPK1;DAPK2;PRKCE;MAGI3;ZBTB16;EMP1;EMP2;CFLAR;ALOX15B;TGFBR2;CAPN3;MAL;IFT57,0.12486138707701691
410,Regulation Of Fatty Acid Oxidation (GO:0046320),0.018262784430416013,6.2101418134937685,24.858514113368617,NR4A3;ACADL;PDK4,0.12486138707701691
411,Negative Regulation Of Receptor Signaling Pathway Via JAK-STAT (GO:0046426),0.018262784430416013,6.2101418134937685,24.858514113368617,SOCS3;LEPROT;CAV1,0.12486138707701691
412,Oligodendrocyte Development (GO:0014003),0.018262784430416013,6.2101418134937685,24.858514113368617,MYRF;TPPP;GPM6B,0.12486138707701691
413,Positive Regulation Of Cardiac Muscle Tissue Growth (GO:0055023),0.018262784430416013,6.2101418134937685,24.858514113368617,TGFBR3;EDN1;TBX2,0.12486138707701691
414,Positive Regulation Of Cell Migration Involved In Sprouting Angiogenesis (GO:0090050),0.018262784430416013,6.2101418134937685,24.858514113368617,RHOJ;GATA2;PTGS2,0.12486138707701691
415,Positive Regulation Of Lymphocyte Migration (GO:2000403),0.018262784430416013,6.2101418134937685,24.858514113368617,DOCK8;NEDD9;JAM2,0.12486138707701691
416,Prostanoid Metabolic Process (GO:0006692),0.018262784430416013,6.2101418134937685,24.858514113368617,HPGDS;HPGD;CES1,0.12486138707701691
417,Protein Localization To Endoplasmic Reticulum (GO:0070972),0.018262784430416013,6.2101418134937685,24.858514113368617,PPP1R15A;VAPA;LRRK2,0.12486138707701691
418,Response To Amyloid-Beta (GO:1904645),0.018450297582297853,3.546181630546956,14.15874995982463,RAMP3;ADRB2;CD36;AGER;ICAM1,0.12524237715983613
419,Positive Regulation Of miRNA Transcription (GO:1902895),0.018450297582297853,3.546181630546956,14.15874995982463,ATOH8;PPARG;FOS;GATA2;KLF4,0.12524237715983613
420,Positive Regulation Of Stress Fiber Assembly (GO:0051496),0.018450297582297853,3.546181630546956,14.15874995982463,RGCC;ARHGEF15;LIMCH1;CD47;S100A10,0.12524237715983613
421,Negative Regulation Of Inflammatory Response (GO:0050728),0.018657327493473274,2.3834714167357083,9.489830331981146,FGR;CDH5;IL33;ALOX5;CXCL17;SLC39A8;PPARG;TEK;KLF4,0.12604748977225663
422,Negative Regulation Of Transmembrane Receptor Protein Serine/Threonine Kinase Signaling Pathway (GO:0090101),0.018657327493473274,2.3834714167357083,9.489830331981146,BMP2;CAV1;SNX25;VEPH1;PRDM16;NKX2-1;PPARG;SMAD6;CHRDL1,0.12604748977225663
423,Positive Regulation Of Cellular Component Biogenesis (GO:0044089),0.018758084614205143,2.54104409696368,10.103522783504024,CDH5;RGCC;HYAL1;TAL1;SYNPO2;TPPP;CLU;SPIDR,0.1264286033926687
424,Lymphocyte Chemotaxis (GO:0048247),0.02021848003331748,3.4550743374272788,13.478791720104415,CCL14;CH25H;CCL23;CCL2;DEFA1,0.13563032135291325
425,Positive Regulation Of Leukocyte Cell-Cell Adhesion (GO:1903039),0.02021848003331748,3.4550743374272788,13.478791720104415,HLA-DMA;IL6;NR4A3;CCL2;CD47,0.13563032135291325
426,Chloride Transport (GO:0006821),0.02063011638467083,2.6981741573033706,10.471622836501515,CLIC5;CLIC3;SLC1A1;FXYD1;SLC26A9;CLIC2;CFTR,0.13774347028734552
427,Monoatomic Cation Homeostasis (GO:0055080),0.02063011638467083,2.6981741573033706,10.471622836501515,SLC11A1;SCNN1B;CAV1;CYBRD1;ALPL;SLC39A8;FAM20A,0.13774347028734552
428,Plasma Membrane Bounded Cell Projection Organization (GO:0120036),0.020891108292760734,2.2149645078498925,8.568438808173482,GPM6A;IL6;TNXB;VAPA;FLRT3;RASGRF1;TMEM108;PTPRM;FRY;AGER,0.13916016295014216
429,Regulation Of Glucose Transmembrane Transport (GO:0010827),0.021595198128480677,5.766260973663209,22.11525016972799,NR4A3;PLA2G1B;PRKCB,0.14096669217717867
430,cGMP-mediated Signaling (GO:0019934),0.021595198128480677,5.766260973663209,22.11525016972799,GUCY1A2;CD36;AQP1,0.14096669217717867
431,Embryonic Heart Tube Development (GO:0035050),0.021595198128480677,5.766260973663209,22.11525016972799,SOX17;CITED2;TBX2,0.14096669217717867
432,Myeloid Cell Activation Involved In Immune Response (GO:0002275),0.021595198128480677,5.766260973663209,22.11525016972799,TYROBP;LILRA2;DNASE1L3,0.14096669217717867
433,Positive Regulation Of Alpha-Beta T Cell Proliferation (GO:0046641),0.021595198128480677,5.766260973663209,22.11525016972799,CD55;HLA-E;TGFBR2,0.14096669217717867
434,Positive Regulation Of Leukocyte Adhesion To Vascular Endothelial Cell (GO:1904996),0.021595198128480677,5.766260973663209,22.11525016972799,SELP;IL6;SELE,0.14096669217717867
435,Prostaglandin Biosynthetic Process (GO:0001516),0.021595198128480677,5.766260973663209,22.11525016972799,EDN1;PTGS2;PTGDS,0.14096669217717867
436,Innate Immune Response Activating Cell Surface Receptor Signaling Pathway (GO:0002220),0.021607311287768178,4.14308768154922,15.887595844233413,FCN1;FCN3;TYROBP;LILRA2,0.14096669217717867
437,Negative Regulation Of Epithelial To Mesenchymal Transition (GO:0010719),0.021607311287768178,4.14308768154922,15.887595844233413,NKX2-1;TBX5;BMP5;FOXA2,0.14096669217717867
438,Long-Chain Fatty Acid Metabolic Process (GO:0001676),0.021986576762986765,2.660033233106504,10.154206464384062,ACADL;ALOX5;ACSL5;ADTRP;SLC27A3;ALOX15B;MGLL,0.1425105993830289
439,Positive Regulation Of Tumor Necrosis Factor Production (GO:0032760),0.021986576762986765,2.660033233106504,10.154206464384062,IL33;IL6;TYROBP;LILRA2;CLU;TLR3;HLA-E,0.1425105993830289
440,Positive Regulation Of Interleukin-8 Production (GO:0032757),0.02199963032480835,2.941629478515874,11.227404388729092,FCN1;IL6;PLA2G1B;TLR8;LILRA2;TLR3,0.1425105993830289
441,Regulation Of Intracellular Signal Transduction (GO:1902531),0.022071550552497134,1.7488380654364732,6.66913416113726,STARD13;ARHGEF15;VWF;DAPK2;DOCK8;LRRK2;WWC2;ARHGAP18;ARHGAP29;ARHGAP6;AGER;AKAP12;ARHGAP44;FGD5;ARHGAP31;CAPN3;PIP5K1B;TEK,0.1425105993830289
442,Epidermal Growth Factor Receptor Signaling Pathway (GO:0007173),0.022093891591476244,3.3685224089635852,12.842337093380815,PIGR;SHC3;EFEMP1;AREG;HBEGF,0.1425105993830289
443,Regulation Of Signal Transduction (GO:0009966),0.022543223297484562,1.953989612842304,7.410155407130591,SEMA5A;HHIP;LRRK2;CMAHP;CLU;SOCS2;GRK5;TMEM204;VEPH1;TMEM108;CD36;MGLL;CD55,0.14327757499191343
444,Positive Regulation Of Cytokine Production (GO:0001819),0.02300138364871237,1.7115329852871382,6.456246278130318,FCN1;CCBE1;IL33;CADM1;PLA2G1B;SLC11A1;CXCL17;LILRA2;PTGS2;ALOX15B;AGER;HLA-E;FGR;IL6;TYROBP;RGCC;TLR8;SPTBN1;TLR3,0.14327757499191343
445,Epithelium Development (GO:0060429),0.023470576247015085,2.0793133420252063,7.801599705188731,KANK2;BMP2;DMBT1;SOX17;ALDH1A2;GATA6;TCF21;PPARG;TBX5;CES1;TBX2,0.14327757499191343
446,Regulation Of Extracellular Matrix Constituent Secretion (GO:0003330),0.02403368626696061,10.753695955369595,40.092992137786815,BMP2;RGCC,0.14327757499191343
447,T-helper 17 Cell Lineage Commitment (GO:0072540),0.02403368626696061,10.753695955369595,40.092992137786815,SOCS3;IL6,0.14327757499191343
448,Aldehyde Catabolic Process (GO:0046185),0.02403368626696061,10.753695955369595,40.092992137786815,ALDH2;ALDH3B1,0.14327757499191343
449,Axon Ensheathment In Central Nervous System (GO:0032291),0.02403368626696061,10.753695955369595,40.092992137786815,MYRF;GPM6B,0.14327757499191343
450,Catecholamine Catabolic Process (GO:0042424),0.02403368626696061,10.753695955369595,40.092992137786815,MAOB;MAOA,0.14327757499191343
451,Cellular Response To Leptin Stimulus (GO:0044320),0.02403368626696061,10.753695955369595,40.092992137786815,NR4A3;LEPR,0.14327757499191343
452,Regulation Of Transforming Growth Factor Beta Activation (GO:1901388),0.02403368626696061,10.753695955369595,40.092992137786815,TNXB;LRRC32,0.14327757499191343
453,Coronary Vasculature Development (GO:0060976),0.02403368626696061,10.753695955369595,40.092992137786815,MYOCD;GATA6,0.14327757499191343
454,Response To Hydroperoxide (GO:0033194),0.02403368626696061,10.753695955369595,40.092992137786815,DAPK1;GPX3,0.14327757499191343
455,Dopamine Catabolic Process (GO:0042420),0.02403368626696061,10.753695955369595,40.092992137786815,MAOB;MAOA,0.14327757499191343
456,Spleen Development (GO:0048536),0.02403368626696061,10.753695955369595,40.092992137786815,CITED2;TCF21,0.14327757499191343
457,Sulfur Amino Acid Biosynthetic Process (GO:0000097),0.02403368626696061,10.753695955369595,40.092992137786815,CDO1;GGT1,0.14327757499191343
458,Glutathione Catabolic Process (GO:0006751),0.02403368626696061,10.753695955369595,40.092992137786815,GGT3P;GGT1,0.14327757499191343
459,Lipoxygenase Pathway (GO:0019372),0.02403368626696061,10.753695955369595,40.092992137786815,HPGD;ALOX5,0.14327757499191343
460,Lymphatic Endothelial Cell Differentiation (GO:0060836),0.02403368626696061,10.753695955369595,40.092992137786815,ACVRL1;TIE1,0.14327757499191343
461,Myeloid Leukocyte Mediated Immunity (GO:0002444),0.02403368626696061,10.753695955369595,40.092992137786815,IL6;PLA2G1B,0.14327757499191343
462,Negative Regulation Of SMAD Protein Signal Transduction (GO:0060392),0.02403368626696061,10.753695955369595,40.092992137786815,VEPH1;PPARG,0.14327757499191343
463,Pericardium Development (GO:0060039),0.02403368626696061,10.753695955369595,40.092992137786815,TBX5;BMP5,0.14327757499191343
464,Positive Regulation Of Apoptotic Cell Clearance (GO:2000427),0.02403368626696061,10.753695955369595,40.092992137786815,CCL2;CD300LF,0.14327757499191343
465,Positive Regulation Of Cardiac Epithelial To Mesenchymal Transition (GO:0062043),0.02403368626696061,10.753695955369595,40.092992137786815,EMP2;TGFBR2,0.14327757499191343
466,Positive Regulation Of Melanin Biosynthetic Process (GO:0048023),0.02403368626696061,10.753695955369595,40.092992137786815,ZEB2;TYRP1,0.14327757499191343
467,Positive Regulation Of Plasminogen Activation (GO:0010756),0.02403368626696061,10.753695955369595,40.092992137786815,CLEC3B;S100A10,0.14327757499191343
468,Positive Regulation Of Secondary Metabolite Biosynthetic Process (GO:1900378),0.02403368626696061,10.753695955369595,40.092992137786815,ZEB2;TYRP1,0.14327757499191343
469,Positive Regulation Of Triglyceride Lipase Activity (GO:0061365),0.02403368626696061,10.753695955369595,40.092992137786815,APOH;GPIHBP1,0.14327757499191343
470,Positive Regulation Of Vascular Associated Smooth Muscle Cell Migration (GO:1904754),0.02403368626696061,10.753695955369595,40.092992137786815,DOCK4;NR4A3,0.14327757499191343
471,Positive Regulation Of Vascular Endothelial Growth Factor Signaling Pathway (GO:1900748),0.02403368626696061,10.753695955369595,40.092992137786815,CCBE1;TNXB,0.14327757499191343
472,Postsynaptic Density Organization (GO:0097106),0.02403368626696061,10.753695955369595,40.092992137786815,TMEM108;SHANK3,0.14327757499191343
473,Regulation Of Apoptotic Cell Clearance (GO:2000425),0.02403368626696061,10.753695955369595,40.092992137786815,CCL2;CD300LF,0.14327757499191343
474,Positive Regulation Of Cell-Cell Adhesion (GO:0022409),0.0240786207911175,3.286192525790804,12.245769490738901,CITED2;FGG;CD47;AGER;FOXA2,0.14327757499191343
475,Regulation Of Extrinsic Apoptotic Signaling Pathway Via Death Domain Receptors (GO:1902041),0.024122495964966136,3.9894327894327892,14.859082982660667,FGG;CFLAR;ICAM1;BMP5,0.14327757499191343
476,Actin Filament Polymerization (GO:0030041),0.024122495964966136,3.9894327894327892,14.859082982660667,FAM107A;COBL;ARHGAP6;WASF3,0.14327757499191343
477,Regulation Of Long-Term Synaptic Potentiation (GO:1900271),0.024122495964966136,3.9894327894327892,14.859082982660667,TYROBP;FAM107A;AGER;SHANK3,0.14327757499191343
478,Cardiac Muscle Tissue Morphogenesis (GO:0055008),0.024122495964966136,3.9894327894327892,14.859082982660667,TGFBR3;BMP2;TNNC1;S1PR1,0.14327757499191343
479,Negative Regulation Of Chemotaxis (GO:0050922),0.024122495964966136,3.9894327894327892,14.859082982660667,ROBO2;SEMA5A;SEMA3G;SLIT2,0.14327757499191343
480,Negative Regulation Of Intracellular Steroid Hormone Receptor Signaling Pathway (GO:0033144),0.024122495964966136,3.9894327894327892,14.859082982660667,KANK2;DAB2;TCF21;ZNF366,0.14327757499191343
481,Positive Regulation Of Protein-Containing Complex Assembly (GO:0031334),0.024851503868683657,2.3992498827941864,8.864837264184589,CDH5;TPPP3;TAL1;TPPP;CD36;CLU;SPIDR;RASIP1,0.14505964456761056
482,Regulation Of Protein Localization To Plasma Membrane (GO:1903076),0.024882194096868166,2.586886255194705,9.55493038745205,DAB2;PID1;RAMP3;STAC;PRKCE;SORBS1;SPTBN1,0.14505964456761056
483,Response To Type II Interferon (GO:0034341),0.024882194096868166,2.586886255194705,9.55493038745205,CCL14;CCL23;DAPK1;SLC11A1;CCL2;AQP4;CD47,0.14505964456761056
484,Regulation Of Vascular Endothelial Cell Proliferation (GO:1905562),0.02523661301491927,5.381564245810056,19.801247374185515,COL4A3;CCL2;PPARG,0.14505964456761056
485,Response To Axon Injury (GO:0048678),0.02523661301491927,5.381564245810056,19.801247374185515,TYROBP;FLRT3;FOLR1,0.14505964456761056
486,Endothelial Cell Proliferation (GO:0001935),0.02523661301491927,5.381564245810056,19.801247374185515,SEMA5A;PROK2;TEK,0.14505964456761056
487,Energy Reserve Metabolic Process (GO:0006112),0.02523661301491927,5.381564245810056,19.801247374185515,PID1;ADGRF5;LEPR,0.14505964456761056
488,Icosanoid Biosynthetic Process (GO:0046456),0.02523661301491927,5.381564245810056,19.801247374185515,PLA2G1B;ALOX5AP;NLRC4,0.14505964456761056
489,Mesenchyme Morphogenesis (GO:0072132),0.02523661301491927,5.381564245810056,19.801247374185515,ACVRL1;BMP2;TBX2,0.14505964456761056
490,Negative Regulation Of Lipid Storage (GO:0010888),0.02523661301491927,5.381564245810056,19.801247374185515,IL6;PPARG;CES1,0.14505964456761056
491,Negative Regulation Of Viral Entry Into Host Cell (GO:0046597),0.02523661301491927,5.381564245810056,19.801247374185515,FCN1;CH25H;FCN3,0.14505964456761056
492,Nitric Oxide Mediated Signal Transduction (GO:0007263),0.02523661301491927,5.381564245810056,19.801247374185515,NDNF;AGTR2;CD36,0.14505964456761056
493,Positive Regulation Of Cation Transmembrane Transport (GO:1904064),0.02523661301491927,5.381564245810056,19.801247374185515,EDN1;STAC;ANK2,0.14505964456761056
494,Positive Regulation Of Extracellular Matrix Organization (GO:1903055),0.02523661301491927,5.381564245810056,19.801247374185515,IL6;TNXB;RGCC,0.14505964456761056
495,Pulmonary Valve Morphogenesis (GO:0003184),0.02523661301491927,5.381564245810056,19.801247374185515,ROBO2;SLIT2;SMAD6,0.14505964456761056
496,Regulation Of Cell-Cell Adhesion Mediated By Cadherin (GO:2000047),0.02523661301491927,5.381564245810056,19.801247374185515,RGCC;NOTCH4;FOXA2,0.14505964456761056
497,Epithelial To Mesenchymal Transition (GO:0001837),0.02617459049222365,3.207783113245298,11.685845353730516,TGFBR3;BMP2;NOTCH4;HGF;S100A4,0.14984690259704744
498,Positive Regulation Of Lymphocyte Activation (GO:0051251),0.02617459049222365,3.207783113245298,11.685845353730516,HLA-DMA;IL6;TYROBP;CCL2;CD47,0.14984690259704744
499,Activation Of Protein Kinase Activity (GO:0032147),0.02642358508011593,2.5517954752505316,9.271944504439647,ANGPT1;CAB39L;SLC11A1;EMP2;ADRB2;TLR3;TGFBR2,0.15096922056795695
500,Regulation Of Transmembrane Transport (GO:0034762),0.02680745901564697,3.846753246753247,13.92168892467482,KCNJ5;PRKCB;KCNJ15;NEDD4L,0.15255102924872158
501,Muscle Cell Development (GO:0055001),0.02680745901564697,3.846753246753247,13.92168892467482,RAMP2;DMD;MYH11;ANK2,0.15255102924872158
502,Negative Regulation Of Cytokine Production (GO:0001818),0.02752939881820887,1.9544656703191834,7.021419479111722,ZFP36;IL6;TYROBP;RGCC;SLC11A1;SFTPD;TLR8;ARRB1;IRAK3;VSIG4;KLF4;AGER,0.1563472430890707
503,Transmembrane Receptor Protein Tyrosine Kinase Signaling Pathway (GO:0007169),0.028372973045395152,1.7245430391497807,6.143371124469188,KL;SHC3;ANGPT1;CAV2;HGF;TIE1;NEDD9;SORBS1;ADRB2;SOCS2;FGR;NR4A3;FLRT3;PDK4;ROR1;TEK;FGFR4,0.16081778559129536
504,Regulation Of Neuroinflammatory Response (GO:0150077),0.029186416127827228,5.044954608938547,17.829131315437756,IL33;IL6;PTGS2,0.16347833473562953
505,Atrioventricular Valve Morphogenesis (GO:0003181),0.029186416127827228,5.044954608938547,17.829131315437756,BMP2;SMAD6;TGFBR2,0.16347833473562953
506,Bicarbonate Transport (GO:0015701),0.029186416127827228,5.044954608938547,17.829131315437756,SLC39A8;SLC4A4;CFTR,0.16347833473562953
507,Calcium-Independent Cell-Cell Adhesion Via Plasma Membrane Cell-Adhesion Molecules (GO:0016338),0.029186416127827228,5.044954608938547,17.829131315437756,CLDN22;CLDN5;CLDN18,0.16347833473562953
508,Regulation Of Vascular Endothelial Growth Factor Signaling Pathway (GO:1900746),0.029186416127827228,5.044954608938547,17.829131315437756,CCBE1;TNXB;DCN,0.16347833473562953
509,Positive Regulation Of Hormone Secretion (GO:0046887),0.029186416127827228,5.044954608938547,17.829131315437756,EDN1;FGG;PPARG,0.16347833473562953
510,Regulation Of Protein Polymerization (GO:0032271),0.02966409071475049,3.713913672534362,13.06487248477941,TPPP3;ARHGAP18;ESAM;TPPP,0.1648583287090714
511,Regulation Of Sprouting Angiogenesis (GO:1903670),0.02966409071475049,3.713913672534362,13.06487248477941,ALOX5;RHOJ;KLF4;KLF2,0.1648583287090714
512,Epithelial Tube Morphogenesis (GO:0060562),0.02966409071475049,3.713913672534362,13.06487248477941,ACVRL1;SOX17;SLIT2;RASIP1,0.1648583287090714
513,Negative Regulation Of Epithelial Cell Migration (GO:0010633),0.02966409071475049,3.713913672534362,13.06487248477941,APOH;PTPRM;SLIT2;DCN,0.1648583287090714
514,Organic Substance Transport (GO:0071702),0.030094659725650976,1.8700575613284312,6.551573761938775,SLC22A3;RAMP2;RAMP3;CALCRL;ABCA3;CAV1;AQP4;ABCA8;CLU;AQP1;SLC6A4;SLCO2A1;ABCG2,0.166925826610566
515,Negative Regulation Of Cysteine-Type Endopeptidase Activity Involved In Apoptotic Process (GO:0043154),0.030707099392645626,3.0616564807741278,10.664549841219687,LAMP3;HGF;CARD16;KLF4;AQP1,0.16705944883906362
516,Positive Regulation Of miRNA Metabolic Process (GO:2000630),0.030707099392645626,3.0616564807741278,10.664549841219687,ATOH8;PPARG;FOS;GATA2;KLF4,0.16705944883906362
517,Regulation Of Cell Communication (GO:0010646),0.030707099392645626,3.0616564807741278,10.664549841219687,SOCS2;GRK5;VEPH1;LRRC32;MGLL,0.16705944883906362
518,Cellular Response To Type II Interferon (GO:0071346),0.03102793155437626,2.6957924263674613,9.362129802610841,CCL14;CCL23;DAPK1;CCL2;AQP4;CD47,0.16705944883906362
519,Regulation Of Gap Junction Assembly (GO:1903596),0.0312906859628411,8.960948396094839,31.04462145360898,CAV1;TBX5,0.16705944883906362
520,T Cell Mediated Cytotoxicity (GO:0001913),0.0312906859628411,8.960948396094839,31.04462145360898,CTSH;EMP2,0.16705944883906362
521,T-helper 17 Cell Differentiation (GO:0072539),0.0312906859628411,8.960948396094839,31.04462145360898,SOCS3;IL6,0.16705944883906362
522,Regulation Of Organ Growth (GO:0046620),0.0312906859628411,8.960948396094839,31.04462145360898,WWC2;SLC6A4,0.16705944883906362
523,Cell Surface Pattern Recognition Receptor Signaling Pathway (GO:0002752),0.0312906859628411,8.960948396094839,31.04462145360898,FCN1;FCN3,0.16705944883906362
524,"Complement Activation, Lectin Pathway (GO:0001867)",0.0312906859628411,8.960948396094839,31.04462145360898,FCN1;FCN3,0.16705944883906362
525,Cyclooxygenase Pathway (GO:0019371),0.0312906859628411,8.960948396094839,31.04462145360898,PTGDS;PTGS2,0.16705944883906362
526,Response To Leptin (GO:0044321),0.0312906859628411,8.960948396094839,31.04462145360898,NR4A3;LEPR,0.16705944883906362
527,Embryonic Digestive Tract Morphogenesis (GO:0048557),0.0312906859628411,8.960948396094839,31.04462145360898,FOXF1;TCF21,0.16705944883906362
528,Serotonin Uptake (GO:0051610),0.0312906859628411,8.960948396094839,31.04462145360898,SLC22A3;SLC6A4,0.16705944883906362
529,Skeletal Myofibril Assembly (GO:0014866),0.0312906859628411,8.960948396094839,31.04462145360898,MYH11;CFLAR,0.16705944883906362
530,Manganese Ion Transport (GO:0006828),0.0312906859628411,8.960948396094839,31.04462145360898,SLC11A1;SLC39A8,0.16705944883906362
531,Negative Regulation Of Cholesterol Storage (GO:0010887),0.0312906859628411,8.960948396094839,31.04462145360898,PPARG;CES1,0.16705944883906362
532,Neurotransmitter Reuptake (GO:0098810),0.0312906859628411,8.960948396094839,31.04462145360898,SLC22A3;SLC6A4,0.16705944883906362
533,"Phototransduction, Visible Light (GO:0007603)",0.0312906859628411,8.960948396094839,31.04462145360898,DMBT1;GNAQ,0.16705944883906362
534,Positive Regulation Of Opsonization (GO:1903028),0.0312906859628411,8.960948396094839,31.04462145360898,FCN1;FCN3,0.16705944883906362
535,Regulation Of Cysteine-Type Endopeptidase Activity Involved In Apoptotic Process (GO:0043281),0.03143459071141112,2.4519918283963227,8.483515044860521,DAPK1;LAMP3;HGF;CARD16;KLF4;SOX7;AQP1,0.1675140525574451
536,Protein Localization To Cell Periphery (GO:1990778),0.03250238623488986,2.046095653288883,7.010827611291526,RAMP2;RAP1A;RAMP3;CAV1;MYADM;ANK2;LIN7A;EMP2;SPTBN1;S100A10,0.17261149103808515
537,Cellular Response To Amyloid-Beta (GO:1904646),0.03269386361296597,3.58993006993007,12.279599473515843,ADRB2;CD36;AGER;ICAM1,0.17261149103808515
538,Response To Estrogen (GO:0043627),0.03269386361296597,3.58993006993007,12.279599473515843,SLC34A2;CITED2;CAV1;ZNF366,0.17261149103808515
539,Negative Regulation Of Ras Protein Signal Transduction (GO:0046580),0.03269386361296597,3.58993006993007,12.279599473515843,ARHGAP44;FBP1;RASIP1;SCAI,0.17261149103808515
540,Regulation Of DNA Biosynthetic Process (GO:2000278),0.03269386361296597,3.58993006993007,12.279599473515843,DACH1;RGCC;HGF;FGFR4,0.17261149103808515
541,Regulation Of Kinase Activity (GO:0043549),0.033237078473711316,2.420429991356958,8.239359604415741,FGR;TIE1;EMP2;ROR1;LDB2;TEK;FGFR4,0.17367063570143923
542,Response To Interleukin-1 (GO:0070555),0.033237078473711316,2.420429991356958,8.239359604415741,CCL14;CCL23;HYAL1;CCL2;IRAK3;CD47;SELE,0.17367063570143923
543,Regulation Of Smooth Muscle Contraction (GO:0006940),0.033442714486176826,4.747946105816628,16.13314729552966,MYOCD;CAV1;PROK2,0.17367063570143923
544,Regulation Of Toll-Like Receptor Signaling Pathway (GO:0034121),0.033442714486176826,4.747946105816628,16.13314729552966,IRAK3;CD36;TLR3,0.17367063570143923
545,Response To Ketone (GO:1901654),0.033442714486176826,4.747946105816628,16.13314729552966,TGFBR3;CAV1;SLIT2,0.17367063570143923
546,Sensory Perception Of Pain (GO:0019233),0.033442714486176826,4.747946105816628,16.13314729552966,MME;CCL2;PROK2,0.17367063570143923
547,Negative Regulation Of Small GTPase Mediated Signal Transduction (GO:0051058),0.033442714486176826,4.747946105816628,16.13314729552966,SLIT2;FBP1;CGNL1,0.17367063570143923
548,Pulmonary Valve Development (GO:0003177),0.033442714486176826,4.747946105816628,16.13314729552966,ROBO2;SLIT2;SMAD6,0.17367063570143923
549,Regulation Of Cardiac Muscle Cell Proliferation (GO:0060043),0.033442714486176826,4.747946105816628,16.13314729552966,TGFBR3;TBX5;TBX2,0.17367063570143923
550,Enzyme-Linked Receptor Protein Signaling Pathway (GO:0007167),0.03498763991157013,2.11260257195346,7.083050297520481,FGR;SHC3;NPR1;TIE1;NEDD9;LIFR;ROR1;TEK;FGFR4,0.1813632025234299
551,Actin Filament Organization (GO:0007015),0.03527893937638849,2.015346399174789,6.740263780656085,NEBL;PLA2G1B;NOSTRIN;LMOD1;COBL;SHROOM3;NEDD9;EMP2;CGNL1;RND1,0.182541299749698
552,Regulation Of Cell Growth (GO:0001558),0.03546372345124351,1.7777245030466486,5.936257621881007,ACVRL1;NPR1;FHL1;FAM107A;WFDC1;RERG;SOCS2;SOX17;HYAL1;AGTR1;SCGB3A1;AGTR2;SLIT2;FBP1,0.18316499195560734
553,Sensory Perception (GO:0007600),0.03570340381403391,2.928236511996103,9.75837526186032,MME;C5AR1;TRPV2;PROK2;CCL2,0.1834061338266859
554,Positive Regulation Of Protein Localization To Cell Periphery (GO:1904377),0.03570340381403391,2.928236511996103,9.75837526186032,RAMP3;STAC;PRKCE;SORBS1;SPTBN1,0.1834061338266859
555,Positive Regulation Of Protein Localization To Plasma Membrane (GO:1903078),0.03570340381403391,2.928236511996103,9.75837526186032,RAMP3;STAC;PRKCE;SORBS1;SPTBN1,0.1834061338266859
556,Liver Development (GO:0001889),0.035897842350732866,3.4739454094292803,11.558087646955249,TGFBR3;IL6;CITED2;COBL,0.183413527852938
557,Macrophage Activation (GO:0042116),0.035897842350732866,3.4739454094292803,11.558087646955249,CD93;SLC11A1;C5AR1;CLU,0.183413527852938
558,Positive Regulation Of Substrate Adhesion-Dependent Cell Spreading (GO:1900026),0.035897842350732866,3.4739454094292803,11.558087646955249,FGG;MYADM;NEDD9;S100A10,0.183413527852938
559,Positive Regulation Of Protein Kinase Activity (GO:0045860),0.03672734341004648,2.0003134304967873,6.609503146206023,RAP1A;ACE;CAB39L;SLC11A1;LRRK2;NEDD9;EMP2;ADRB2;CLU;TGFBR2,0.18731602157789357
560,Regulation Of Heart Contraction (GO:0008016),0.03745808599545557,2.5670206371468645,8.431463167536343,PLN;DES;CELF2;FXYD1;ANK2;TBX2,0.18824724343749605
561,Supramolecular Fiber Organization (GO:0097435),0.03746083623925123,1.6356978046702217,5.372382798968401,TNXB;PLA2G1B;LMOD1;SHROOM3;EMP2;FBLN5;RND1;MFAP4;TPPP3;DES;NOSTRIN;CAPN3;MYH11;PGM5;CD36;TPPP;NCKAP5;CGNL1,0.18824724343749605
562,Innate Immune Response In Mucosa (GO:0002227),0.03800246065263229,4.483938547486034,14.662947026998358,PLA2G1B;DEFA3;DEFA1,0.18824724343749605
563,Lipid Catabolic Process (GO:0016042),0.03800246065263229,4.483938547486034,14.662947026998358,PLA2G1B;CES1;PLA1A,0.18824724343749605
564,Negative Regulation Of Interleukin-2 Production (GO:0032703),0.03800246065263229,4.483938547486034,14.662947026998358,ZFP36;SFTPD;VSIG4,0.18824724343749605
565,Positive Regulation Of Amyloid Precursor Protein Catabolic Process (GO:1902993),0.03800246065263229,4.483938547486034,14.662947026998358,GSAP;AGER;CLU,0.18824724343749605
566,Arachidonic Acid Metabolic Process (GO:0019369),0.03837847182995028,2.8657846117170274,9.34319894337383,CYP2B6;PTGDS;PTGS2;ALOX15B;MGLL,0.18824724343749605
567,Negative Regulation Of Response To Stimulus (GO:0048585),0.03837847182995028,2.8657846117170274,9.34319894337383,HHIP;ALOX5;SLIT2;KLF4;CLU,0.18824724343749605
568,Regulation Of Cytokine Production (GO:0001817),0.03910797465690717,1.9047425032594525,6.174087354014021,BTNL9;FGR;IL33;IL6;RGCC;CADM1;SLC11A1;ALOX5;SFTPD;CD47;ACKR1,0.18824724343749605
569,Regulation Of Receptor Internalization (GO:0002090),0.03927669460367892,3.36520979020979,10.893601204077456,CCL14;ANGPT1;ARRB1;SELE,0.18824724343749605
570,Positive Regulation Of Myeloid Cell Differentiation (GO:0045639),0.03927669460367892,3.36520979020979,10.893601204077456,CSF3;TAL1;FAXDC2;HOXA5,0.18824724343749605
571,Positive Regulation Of Phospholipase C Activity (GO:0010863),0.03927669460367892,3.36520979020979,10.893601204077456,GNAQ;C5AR1;ARHGAP6;SELE,0.18824724343749605
572,Regulation Of Cellular Response To Oxidative Stress (GO:1900407),0.03928695539996849,7.6804144251843,24.86044727196407,ALOX5;FBLN5,0.18824724343749605
573,Regulation Of Leukocyte Mediated Cytotoxicity (GO:0001910),0.03928695539996849,7.6804144251843,24.86044727196407,DNASE1L3;ICAM1,0.18824724343749605
574,Regulation Of Long-Term Synaptic Depression (GO:1900452),0.03928695539996849,7.6804144251843,24.86044727196407,AGER;SHANK3,0.18824724343749605
575,Apical Protein Localization (GO:0045176),0.03928695539996849,7.6804144251843,24.86044727196407,MAL;SHROOM3,0.18824724343749605
576,Embryonic Eye Morphogenesis (GO:0048048),0.03928695539996849,7.6804144251843,24.86044727196407,EFEMP1;TBX2,0.18824724343749605
577,Serotonin Transport (GO:0006837),0.03928695539996849,7.6804144251843,24.86044727196407,SLC22A3;SLC6A4,0.18824724343749605
578,Vasoconstriction (GO:0042310),0.03928695539996849,7.6804144251843,24.86044727196407,EDN1;EDNRB,0.18824724343749605
579,Iron Ion Transmembrane Transport (GO:0034755),0.03928695539996849,7.6804144251843,24.86044727196407,SCARA5;SLC39A8,0.18824724343749605
580,Myelin Maintenance (GO:0043217),0.03928695539996849,7.6804144251843,24.86044727196407,MYRF;CLU,0.18824724343749605
581,Negative Regulation Of Cell-Cell Adhesion Mediated By Cadherin (GO:2000048),0.03928695539996849,7.6804144251843,24.86044727196407,RGCC;NOTCH4,0.18824724343749605
582,Negative Regulation Of Heterotypic Cell-Cell Adhesion (GO:0034115),0.03928695539996849,7.6804144251843,24.86044727196407,MYADM;KLF4,0.18824724343749605
583,Negative Regulation Of Leukocyte Migration (GO:0002686),0.03928695539996849,7.6804144251843,24.86044727196407,SLIT2;BMP5,0.18824724343749605
584,Negative Regulation Of Lipid Localization (GO:1905953),0.03928695539996849,7.6804144251843,24.86044727196407,IL6;PPARG,0.18824724343749605
585,Negative Regulation Of Transcription By Competitive Promoter Binding (GO:0010944),0.03928695539996849,7.6804144251843,24.86044727196407,MUC1;DACH1,0.18824724343749605
586,Negative Regulation Of Transforming Growth Factor Beta Production (GO:0071635),0.03928695539996849,7.6804144251843,24.86044727196407,TYROBP;GATA6,0.18824724343749605
587,Neuron Projection Regeneration (GO:0031102),0.03928695539996849,7.6804144251843,24.86044727196407,OMG;FOLR1,0.18824724343749605
588,Positive Regulation Of Cardiocyte Differentiation (GO:1905209),0.03928695539996849,7.6804144251843,24.86044727196407,MYOCD;TBX5,0.18824724343749605
589,Positive Regulation Of Protein Kinase A Signaling (GO:0010739),0.03928695539996849,7.6804144251843,24.86044727196407,RAMP3;ADRB2,0.18824724343749605
590,Positive Regulation Of Smooth Muscle Contraction (GO:0045987),0.03928695539996849,7.6804144251843,24.86044727196407,MYOCD;PROK2,0.18824724343749605
591,Positive Regulation Of Sodium Ion Transmembrane Transport (GO:1902307),0.03928695539996849,7.6804144251843,24.86044727196407,FXYD1;DMD,0.18824724343749605
592,Positive Regulation Of Vasculogenesis (GO:2001214),0.03928695539996849,7.6804144251843,24.86044727196407,TMEM100;RAP1A,0.18824724343749605
593,"Regulation Of CD4-positive, Alpha-Beta T Cell Proliferation (GO:2000561)",0.03928695539996849,7.6804144251843,24.86044727196407,CD55;TGFBR2,0.18824724343749605
594,Regulation Of Cell-Cell Adhesion Involved In Gastrulation (GO:0070587),0.03928695539996849,7.6804144251843,24.86044727196407,MYADM;KLF4,0.18824724343749605
595,Regulation Of Cellular Extravasation (GO:0002691),0.03928695539996849,7.6804144251843,24.86044727196407,LYVE1;ICAM1,0.18824724343749605
596,Regulation Of Actin Filament-Based Process (GO:0032970),0.03977671235983608,2.5267794530154277,8.1475337770466,ARHGAP44;FAM107A;ARHGAP18;NEDD9;ESAM;GPM6B,0.1902040781198699
597,Regulation Of Anatomical Structure Morphogenesis (GO:0022603),0.03982877398721934,2.058570064454524,6.635112347456429,ARHGAP44;IL6;PID1;HECW2;LRRK2;NEDD4L;EMP2;TSPAN12;SHANK3,0.1902040781198699
598,Actin Polymerization Or Depolymerization (GO:0008154),0.041172734696895856,2.80593487394958,8.950873381912883,CFL2;FAM107A;COBL;ARHGAP6;WASF3,0.19498914721071442
599,Cellular Response To Alcohol (GO:0097306),0.041172734696895856,2.80593487394958,8.950873381912883,SCNN1B;KLF9;SPIDR;CFTR;CES1,0.19498914721071442
600,Negative Regulation Of Cysteine-Type Endopeptidase Activity (GO:2000117),0.041172734696895856,2.80593487394958,8.950873381912883,LAMP3;HGF;CARD16;KLF4;AQP1,0.19498914721071442
601,Positive Regulation Of NIK/NF-kappaB Signaling (GO:1901224),0.041172734696895856,2.80593487394958,8.950873381912883,RTKN2;AGER;TLR3;SASH1;NR3C2,0.19498914721071442
602,Positive Regulation Of Chemokine Production (GO:0032722),0.041172734696895856,2.80593487394958,8.950873381912883,IL33;IL6;AGER;ALOX15B;TLR3,0.19498914721071442
603,Negative Regulation Of Cellular Response To Growth Factor Stimulus (GO:0090288),0.04218436487273245,2.4877764591649583,7.875567936090336,MMRN2;PPARG;AGTR2;SLIT2;SMAD6;CHRDL1,0.19837392116835859
604,Negative Regulation Of Protein Binding (GO:0032091),0.04218436487273245,2.4877764591649583,7.875567936090336,DAB2;SLPI;LRRK2;CAV1;CARD16;ADRB2,0.19837392116835859
605,Intracellular Monoatomic Cation Homeostasis (GO:0030003),0.04218735349329291,1.8215596840582935,5.76639269536032,CCL14;CDH5;EDN1;CCL23;PLN;SCARA5;SLC11A1;SCNN1B;CAV1;CYBRD1;SLC39A8;ANK2,0.19837392116835859
606,Regulation Of p38MAPK Cascade (GO:1900744),0.04283070308307194,3.263064208518754,10.280284023295927,BMP2;GADD45B;DUSP1;SASH1,0.19837392116835859
607,Muscle Tissue Development (GO:0060537),0.04283070308307194,3.263064208518754,10.280284023295927,CAV1;DMD;PGM5;CFLAR,0.19837392116835859
608,Positive Regulation Of Exocytosis (GO:0045921),0.04283070308307194,3.263064208518754,10.280284023295927,FGG;RAB27A;CFTR;S100A10,0.19837392116835859
609,Positive Regulation Of Signaling (GO:0023056),0.04283070308307194,3.263064208518754,10.280284023295927,EDN1;RAMP3;TNXB;GATA6,0.19837392116835859
610,Fc Receptor Mediated Stimulatory Signaling Pathway (GO:0002431),0.042861569778922796,4.247721258453396,13.379386037682895,FGR;NR4A3;PRKCE,0.19837392116835859
611,Regulation Of Mononuclear Cell Migration (GO:0071675),0.042861569778922796,4.247721258453396,13.379386037682895,CXCL17;SLIT2;BMP5,0.19837392116835859
612,Regulation Of Release Of Sequestered Calcium Ion Into Cytosol By Sarcoplasmic Reticulum (GO:0010880),0.042861569778922796,4.247721258453396,13.379386037682895,ANK2;DMD;CLIC2,0.19837392116835859
613,Cellular Response To Cadmium Ion (GO:0071276),0.042861569778922796,4.247721258453396,13.379386037682895,SLC11A1;SLC39A8;FOS,0.19837392116835859
614,Regulation Of Vascular Endothelial Growth Factor Receptor Signaling Pathway (GO:0030947),0.042861569778922796,4.247721258453396,13.379386037682895,PRKCB;TMEM204;MMRN2,0.19837392116835859
615,Negative Regulation Of Myeloid Cell Differentiation (GO:0045638),0.042861569778922796,4.247721258453396,13.379386037682895,ZFP36;ZBTB16;HOXA5,0.19837392116835859
616,Positive Regulation Of Phosphatase Activity (GO:0010922),0.042861569778922796,4.247721258453396,13.379386037682895,PPP1R15A;BMP2;ITGA1,0.19837392116835859
617,Skeletal System Development (GO:0001501),0.04293242517378282,1.9423445728607522,6.114749154810162,GDF10;BMP2;COL13A1;HYAL1;HHIP;ZBTB16;OGN;ALPL;PRELP;BMP5,0.19837981226978088
618,ERBB Signaling Pathway (GO:0038127),0.044086915966720604,2.7485279826216202,8.579783596269142,PIGR;EFEMP1;SHC3;AREG;HBEGF,0.20240225027555628
619,Regulation Of Exocytosis (GO:0017157),0.044086915966720604,2.7485279826216202,8.579783596269142,FGG;RAB27A;STXBP6;CFTR;S100A10,0.20240225027555628
620,Mesenchymal Cell Differentiation (GO:0048762),0.044086915966720604,2.7485279826216202,8.579783596269142,TGFBR3;BMP2;HGF;NOTCH4;S100A4,0.20240225027555628
621,Regulation Of Blood Vessel Endothelial Cell Migration (GO:0043535),0.044086915966720604,2.7485279826216202,8.579783596269142,RGCC;ANGPT1;PPARG;AGTR2;GATA2,0.20240225027555628
622,Negative Regulation Of Cell Adhesion (GO:0007162),0.044681751389451185,2.4499553742190487,7.614927056834269,ACVRL1;SEMA5A;MUC1;ANGPT1;DUSP1;RND1,0.20480333313717897
623,Positive Regulation Of Binding (GO:0051099),0.04549757528170726,2.2468398876404496,6.942951499817699,CLDN5;CSF3;BMP2;LRRK2;CAV1;PPARG;CLIC2,0.20820800502110334
624,Regulation Of GTPase Activity (GO:0043087),0.0460385798351762,1.7479176356179442,5.380572107030246,CCL14;CCL23;CAV2;DOCK8;LRRK2;RASGRF1;ADRB1;RASIP1;ARHGAP44;FGD5;RAP1A;CCL2;S100A10,0.2096337619479807
625,Response To cAMP (GO:0051591),0.046559778348403,3.1669271904566023,9.713023445622042,DUOX1;RAP1A;CFTR;AQP1,0.2096337619479807
626,Heart Looping (GO:0001947),0.046559778348403,3.1669271904566023,9.713023445622042,SOX17;FOLR1;TBX2;TGFBR2,0.2096337619479807
627,Positive Regulation Of Bone Mineralization (GO:0030501),0.046559778348403,3.1669271904566023,9.713023445622042,KL;BMP2;ALOX5;GPM6B,0.2096337619479807
628,Positive Regulation Of Protein Tyrosine Kinase Activity (GO:0061098),0.046559778348403,3.1669271904566023,9.713023445622042,ACE;NEDD9;AREG;HBEGF,0.2096337619479807
629,T-helper Cell Lineage Commitment (GO:0002295),0.04796011732500988,6.720013947001394,20.411272939328605,SOCS3;IL6,0.2096337619479807
630,Regulation Of Melanin Biosynthetic Process (GO:0048021),0.04796011732500988,6.720013947001394,20.411272939328605,ZEB2;TYRP1,0.2096337619479807
631,Regulation Of Mitochondrial Depolarization (GO:0051900),0.04796011732500988,6.720013947001394,20.411272939328605,LRRK2;DCN,0.2096337619479807
632,Angiogenesis Involved In Wound Healing (GO:0060055),0.04796011732500988,6.720013947001394,20.411272939328605,NDNF;GATA2,0.2096337619479807
633,Regulation Of Opsonization (GO:1903027),0.04796011732500988,6.720013947001394,20.411272939328605,FCN1;FCN3,0.2096337619479807
634,Mast Cell Activation Involved In Immune Response (GO:0002279),0.04796011732500988,6.720013947001394,20.411272939328605,NR4A3;FCER1A,0.2096337619479807
635,Mast Cell Degranulation (GO:0043303),0.04796011732500988,6.720013947001394,20.411272939328605,NR4A3;FCER1A,0.2096337619479807
636,Monoamine Transport (GO:0015844),0.04796011732500988,6.720013947001394,20.411272939328605,SLC22A3;SLC6A4,0.2096337619479807
637,Negative Regulation Of B Cell Proliferation (GO:0030889),0.04796011732500988,6.720013947001394,20.411272939328605,TYROBP;MNDA,0.2096337619479807
638,Negative Regulation Of Hydrogen Peroxide-Induced Cell Death (GO:1903206),0.04796011732500988,6.720013947001394,20.411272939328605,HGF;LRRK2,0.2096337619479807
639,Negative Regulation Of Intracellular Estrogen Receptor Signaling Pathway (GO:0033147),0.04796011732500988,6.720013947001394,20.411272939328605,KANK2;ZNF366,0.2096337619479807
640,Negative Regulation Of Lipopolysaccharide-Mediated Signaling Pathway (GO:0031665),0.04796011732500988,6.720013947001394,20.411272939328605,CARD16;LILRA2,0.2096337619479807
641,Negative Regulation Of Response To Cytokine Stimulus (GO:0060761),0.04796011732500988,6.720013947001394,20.411272939328605,IRAK3;KLF4,0.2096337619479807
642,Negative Regulation Of Sprouting Angiogenesis (GO:1903671),0.04796011732500988,6.720013947001394,20.411272939328605,ALOX5;KLF2,0.2096337619479807
643,Neuron Projection Fasciculation (GO:0106030),0.04796011732500988,6.720013947001394,20.411272939328605,SEMA5A;CRTAC1,0.2096337619479807
644,Positive Regulation Of Actin Filament Depolymerization (GO:0030836),0.04796011732500988,6.720013947001394,20.411272939328605,SEMA5A;CFL2,0.2096337619479807
645,Positive Regulation Of Defense Response To Bacterium (GO:1900426),0.04796011732500988,6.720013947001394,20.411272939328605,MMRN2;PGC,0.2096337619479807
646,Positive Regulation Of Dendrite Development (GO:1900006),0.04796011732500988,6.720013947001394,20.411272939328605,COBL;BMP5,0.2096337619479807
647,Positive Regulation Of Epidermal Growth Factor-Activated Receptor Activity (GO:0045741),0.04796011732500988,6.720013947001394,20.411272939328605,AREG;HBEGF,0.2096337619479807
648,Receptor-Mediated Endocytosis Of Virus By Host Cell (GO:0019065),0.04796011732500988,6.720013947001394,20.411272939328605,CAV2;CAV1,0.2096337619479807
649,Artery Development (GO:0060840),0.048015028604711116,4.0351256983240225,12.251614977761243,ACVRL1;ROBO2;TGFBR2,0.2096337619479807
650,Response To BMP (GO:0071772),0.048015028604711116,4.0351256983240225,12.251614977761243,ACVRL1;TMEM100;BMP2,0.2096337619479807
651,Hepaticobiliary System Development (GO:0061008),0.048015028604711116,4.0351256983240225,12.251614977761243,TGFBR3;CITED2;COBL,0.2096337619479807
652,Long-Chain Fatty Acid Transport (GO:0015909),0.048015028604711116,4.0351256983240225,12.251614977761243,FABP4;PPARG;CD36,0.2096337619479807
653,Negative Regulation Of Actin Filament Polymerization (GO:0030837),0.048015028604711116,4.0351256983240225,12.251614977761243,MYADM;SLIT2;KANK3,0.2096337619479807
654,Negative Regulation Of Defense Response (GO:0031348),0.04893937045997882,2.074759277290923,6.259907848377343,CDH5;ALOX5;CXCL17;SLC39A8;IRAK3;PPARG;TEK;KLF4,0.2133427296351676
655,Regulation Of Peptidyl-Serine Phosphorylation (GO:0033135),0.0501512561083476,2.194359158609877,6.567084367169556,CSF3;IL6;RAMP3;CAV1;SH2D3C;DMD;GPD1L,0.21784186752391058
656,Positive Regulation Of Protein Kinase B Signaling (GO:0051897),0.0501512561083476,2.194359158609877,6.567084367169556,SEMA5A;CX3CR1;CSF3;RAMP3;ANGPT1;TEK;HBEGF,0.21784186752391058
657,Cellular Response To Peptide (GO:1901653),0.0502770778080439,2.640467951886637,7.895543153004949,CAV1;CD36;ADRB2;AGER;ICAM1,0.21784186752391058
658,Pattern Recognition Receptor Signaling Pathway (GO:0002221),0.0502770778080439,2.640467951886637,7.895543153004949,FCN1;FCN3;TLR8;NLRC4;TLR3,0.21784186752391058
659,Digestive Tract Development (GO:0048565),0.05046347237989106,3.0762837162837164,9.187338310941891,EDNRB;FOXF1;GATA6;COBL,0.21831769310329197
660,Regulation Of Cytoskeleton Organization (GO:0051493),0.053300795497401965,2.0354005785102034,5.967395604528079,ARHGAP44;FAM107A;ARHGAP18;NEDD9;NEXN;ESAM;TPPP;GPM6B,0.2291961978601997
661,Regulation Of MAP Kinase Activity (GO:0043405),0.053300795497401965,2.0354005785102034,5.967395604528079,BMP2;EDN1;DUSP1;PLA2G1B;LRRK2;S100A12;IRAK3;PPARG,0.2291961978601997
662,Eosinophil Chemotaxis (GO:0048245),0.05345699687660776,3.842777334397446,11.255025013695096,CCL14;CCL23;CCL2,0.2291961978601997
663,Eosinophil Migration (GO:0072677),0.05345699687660776,3.842777334397446,11.255025013695096,CCL14;CCL23;CCL2,0.2291961978601997
664,Positive Regulation Of p38MAPK Cascade (GO:1900745),0.05345699687660776,3.842777334397446,11.255025013695096,BMP2;GADD45B;SASH1,0.2291961978601997
665,Positive Regulation Of Hydrolase Activity (GO:0051345),0.05346035481481333,1.8,5.271866876301389,CCL14;BMP2;CCL23;RAP1A;CAV2;DOCK8;RASGRF1;CTSH;CCL2;ADRB1;S100A10,0.2291961978601997
666,Monoatomic Anion Transport (GO:0006820),0.05355366087460445,2.589555052790347,7.579811810624319,CLIC5;CLIC3;FXYD1;SLC26A9;CLIC2,0.22925148221245836
667,Regulation Of Cytosolic Calcium Ion Concentration (GO:0051480),0.0545409926836943,2.9906759906759905,8.699286398624384,PLN;CAV2;TMEM178A;CAV1,0.23243104654889754
668,Cyclic-Nucleotide-Mediated Signaling (GO:0019935),0.0545409926836943,2.9906759906759905,8.699286398624384,GUCY1A2;ADGRG6;CD36;AQP1,0.23243104654889754
669,Positive Regulation Of Wound Healing (GO:0090303),0.0545409926836943,2.9906759906759905,8.699286398624384,DUOX1;APOH;PRKCE;HBEGF,0.23243104654889754
670,Cell Junction Assembly (GO:0034329),0.05509535758055836,2.1442639172625126,6.215555990097306,CDH5;CLDN5;GPM6A;PARD6B;FLRT3;SPOCK2;SHANK3,0.23444308128682373
671,Positive Regulation Of Interleukin-6 Production (GO:0032755),0.05557960201739514,2.3094770587056703,6.674247856731375,IL33;IL6;TYROBP;TLR8;LILRA2;TLR3,0.23615118532279217
672,Regulation Of Epithelial Cell Apoptotic Process (GO:1904035),0.05725131318685749,5.97303579730358,17.084702358616227,ZFP36;TEK,0.23621344992146268
673,Regulation Of Fatty Acid Metabolic Process (GO:0019217),0.05725131318685749,5.97303579730358,17.084702358616227,CAV1;PDK4,0.23621344992146268
674,Regulation Of Leukocyte Tethering Or Rolling (GO:1903236),0.05725131318685749,5.97303579730358,17.084702358616227,SELP;SELE,0.23621344992146268
675,Regulation Of Muscle System Process (GO:0090257),0.05725131318685749,5.97303579730358,17.084702358616227,TNNC1;DMD,0.23621344992146268
676,Brain Morphogenesis (GO:0048854),0.05725131318685749,5.97303579730358,17.084702358616227,SHANK3;SLC6A4,0.23621344992146268
677,Cellular Response To Fluid Shear Stress (GO:0071498),0.05725131318685749,5.97303579730358,17.084702358616227,KLF4;KLF2,0.23621344992146268
678,Digestive System Development (GO:0055123),0.05725131318685749,5.97303579730358,17.084702358616227,FOXF1;COBL,0.23621344992146268
679,Mast Cell Mediated Immunity (GO:0002448),0.05725131318685749,5.97303579730358,17.084702358616227,NR4A3;FCER1A,0.23621344992146268
680,Negative Regulation Of Glucose Transmembrane Transport (GO:0010829),0.05725131318685749,5.97303579730358,17.084702358616227,PID1;PRKCB,0.23621344992146268
681,Negative Regulation Of Leukocyte Chemotaxis (GO:0002689),0.05725131318685749,5.97303579730358,17.084702358616227,DUSP1;SLIT2,0.23621344992146268
682,Negative Regulation Of Nitrogen Compound Metabolic Process (GO:0051172),0.05725131318685749,5.97303579730358,17.084702358616227,EDN1;EDNRB,0.23621344992146268
683,Negative Regulation Of Potassium Ion Transmembrane Transport (GO:1901380),0.05725131318685749,5.97303579730358,17.084702358616227,CAV1;NEDD4L,0.23621344992146268
684,Phasic Smooth Muscle Contraction (GO:0014821),0.05725131318685749,5.97303579730358,17.084702358616227,EDN1;EDNRB,0.23621344992146268
685,Positive Regulation Of Muscle Contraction (GO:0045933),0.05725131318685749,5.97303579730358,17.084702358616227,MYOCD;PROK2,0.23621344992146268
686,Positive Regulation Of Myelination (GO:0031643),0.05725131318685749,5.97303579730358,17.084702358616227,MYRF;TPPP,0.23621344992146268
687,Positive Regulation Of Platelet Aggregation (GO:1901731),0.05725131318685749,5.97303579730358,17.084702358616227,IL6;MMRN1,0.23621344992146268
688,Positive Regulation Of Protein Maturation (GO:1903319),0.05725131318685749,5.97303579730358,17.084702358616227,CCBE1;NLRC4,0.23621344992146268
689,Regulation Of Actin Filament Depolymerization (GO:0030834),0.05725131318685749,5.97303579730358,17.084702358616227,SEMA5A;PLEKHH2,0.23621344992146268
690,Regulation Of Astrocyte Differentiation (GO:0048710),0.05725131318685749,5.97303579730358,17.084702358616227,BMP2;IL6,0.23621344992146268
691,Regulation Of Cell Communication By Electrical Coupling Involved In Cardiac Conduction (GO:1901844),0.05725131318685749,5.97303579730358,17.084702358616227,CAV1;TBX5,0.23621344992146268
692,Regulation Of Protein Metabolic Process (GO:0051246),0.05767724743052273,2.120060598409292,6.048304998829335,EDN1;EDNRB;ACE;AGTR1;GSAP;KLF4;KLF2,0.23762692546881545
693,Sphingolipid Biosynthetic Process (GO:0030148),0.05853308208971508,2.2768306896074906,6.462017027549743,VAPA;ALDH3B1;SGMS2;ABCA8;ST6GALNAC5;HACD4,0.23898689903008954
694,Positive Regulation Of Endothelial Cell Proliferation (GO:0001938),0.05853308208971508,2.2768306896074906,6.462017027549743,SEMA5A;NR4A1;BMP2;AGTR1;TEK;GATA2,0.23898689903008954
695,Regulation Of Dendrite Development (GO:0050773),0.05879121692709281,2.90969570969571,8.245387482471685,HECW2;NEDD4L;COBL;BMP5,0.23898689903008954
696,Regulation Of Heart Rate By Cardiac Conduction (GO:0086091),0.05879121692709281,2.90969570969571,8.245387482471685,KCNJ5;CAV1;ANK2;SCN4B,0.23898689903008954
697,Heart Contraction (GO:0060047),0.05879121692709281,2.90969570969571,8.245387482471685,TNNC1;DMD;SCN4B;SGCG,0.23898689903008954
698,Regulation Of Monocyte Chemotaxis (GO:0090025),0.0591809016889664,3.667915185373286,10.36976987538262,DUSP1;CXCL17;SLIT2,0.23898689903008954
699,Regulation Of Myelination (GO:0031641),0.0591809016889664,3.667915185373286,10.36976987538262,MYRF;TPPP;JAM2,0.23898689903008954
700,Regulation Of Postsynapse Organization (GO:0099175),0.0591809016889664,3.667915185373286,10.36976987538262,ARHGAP44;LRRK2;SHANK3,0.23898689903008954
701,Regulation Of Protein Processing (GO:0070613),0.0591809016889664,3.667915185373286,10.36976987538262,CCBE1;LRRK2;NLRC4,0.23898689903008954
702,Metanephros Development (GO:0001656),0.0591809016889664,3.667915185373286,10.36976987538262,ROBO2;SOX17;CTSH,0.23898689903008954
703,Negative Regulation Of Lipid Biosynthetic Process (GO:0051055),0.0591809016889664,3.667915185373286,10.36976987538262,BMP2;ACADL;BMP5,0.23898689903008954
704,Negative Regulation Of Response To Wounding (GO:1903035),0.0591809016889664,3.667915185373286,10.36976987538262,IL33;MMRN1;ALOX5,0.23898689903008954
705,Negative Regulation Of Signaling Receptor Activity (GO:2000272),0.0591809016889664,3.667915185373286,10.36976987538262,RAMP3;GPRC5A;PPARG,0.23898689903008954
706,Osteoclast Differentiation (GO:0030316),0.0591809016889664,3.667915185373286,10.36976987538262,BMP2;TYROBP;OSCAR,0.23898689903008954
707,Positive Regulation Of Programmed Cell Death (GO:0043068),0.059892928528049186,1.6376531270148291,4.610315900742319,GADD45B;DAPK1;DAPK2;LRRK2;NLRC4;CFLAR;CLU;BMP2;IL6;ADAMTSL4;RPS6KA2;MNDA;SLIT2;HOXA5,0.24152014035851235
708,Regulation Of miRNA Transcription (GO:1902893),0.06047010330874514,2.4933862433862433,6.99545989413572,ATOH8;PPARG;FOS;GATA2;KLF4,0.24247575883717634
709,Negative Regulation Of Cytokine-Mediated Signaling Pathway (GO:0001960),0.06047010330874514,2.4933862433862433,6.99545989413572,IL6;IRAK3;PPARG;CARD16;SLIT2,0.24247575883717634
710,Positive Regulation Of Protein Binding (GO:0032092),0.06047010330874514,2.4933862433862433,6.99545989413572,CLDN5;CSF3;BMP2;LRRK2;CAV1,0.24247575883717634
711,Positive Regulation Of Proteolysis (GO:0045862),0.06047010330874514,2.4933862433862433,6.99545989413572,CCBE1;CAPN3;CTSH;NLRC4;FGFR4,0.24247575883717634
712,Regulation Of Protein Binding (GO:0043393),0.06275092173773822,1.9609768571793889,5.42912525279497,CLDN5;CSF3;BMP2;DAB2;SLPI;CAV1;LRRK2;CARD16,0.251268086902095
713,Cardiac Ventricle Morphogenesis (GO:0003208),0.06321270781938089,2.8329775487670226,7.82255904391894,TGFBR3;FOXF1;TNNC1;TGFBR2,0.25205514684343344
714,Determination Of Heart Left/Right Asymmetry (GO:0061371),0.06321270781938089,2.8329775487670226,7.82255904391894,SOX17;FOLR1;TBX2;TGFBR2,0.25205514684343344
715,Embryonic Heart Tube Morphogenesis (GO:0003143),0.06321270781938089,2.8329775487670226,7.82255904391894,SOX17;FOLR1;TBX2;TGFBR2,0.25205514684343344
716,Intracellular Calcium Ion Homeostasis (GO:0006874),0.06365608134231718,1.8673781148429036,5.143245621671657,CCL14;CDH5;EDN1;CCL23;PLN;TMEM178A;CAV2;CAV1;ANK2,0.25346855852925454
717,Positive Regulation Of DNA-templated Transcription (GO:0045893),0.06451149267627973,1.2615043507362784,3.4576722742515495,ACVRL1;CSRNP1;CSF3;PID1;CITED2;TCF21;ADIRF;ARRB1;LDB2;SOX17;CAPN3;HOXA5;EDN1;MYOCD;SLC11A1;LMO3;HGF;LMO2;LMO7;ETV1;FOS;DCN;ZEB2;TOX2;TAL1;PPARG;ERG;TLR3;MYRF;EPAS1;PLA2G1B;NOTCH4;GATA6;GATA2;PRDM16;ATOH8;NKX2-1;S100A10;IL33;FOXF1;ZBTB16;NR2F1;KLF4;TBX5;FLI1;KLF2;BMP5;NR4A2;NR4A1;DAB2;BMP2;IL6;RGCC;NR4A3;FOXA2,0.25542916472066124
718,Regulation Of Epidermal Growth Factor-Activated Receptor Activity (GO:0007176),0.06517952508467181,3.5082584406120962,9.579685200967374,GPRC5A;AREG;HBEGF,0.25542916472066124
719,Regulation Of Myeloid Cell Differentiation (GO:0045637),0.06517952508467181,3.5082584406120962,9.579685200967374,CSF3;ZBTB16;HOXA5,0.25542916472066124
720,Regulation Of Potassium Ion Transmembrane Transporter Activity (GO:1901016),0.06517952508467181,3.5082584406120962,9.579685200967374,FHL1;NEDD4L;ANK2,0.25542916472066124
721,Regulation Of Reactive Oxygen Species Biosynthetic Process (GO:1903426),0.06517952508467181,3.5082584406120962,9.579685200967374,ALOX5;RAB27A;CD36,0.25542916472066124
722,Regulation Of Vasoconstriction (GO:0019229),0.06517952508467181,3.5082584406120962,9.579685200967374,CAV1;FGG;AGTR1,0.25542916472066124
723,Negative Regulation Of Insulin Receptor Signaling Pathway (GO:0046627),0.06517952508467181,3.5082584406120962,9.579685200967374,PID1;PRKCB;TNS2,0.25542916472066124
724,Plasma Membrane Invagination (GO:0099024),0.06517952508467181,3.5082584406120962,9.579685200967374,MSR1;MARCO;CD36,0.25542916472066124
725,Regulation Of Cardiac Muscle Cell Contraction (GO:0086004),0.06517952508467181,3.5082584406120962,9.579685200967374,PLN;CAV1;ANK2,0.25542916472066124
726,Cellular Response To Tumor Necrosis Factor (GO:0071356),0.0652665621464189,1.9432090318166269,5.303552683358609,CCL14;ZFP36;CCL23;PID1;HYAL1;LRRK2;CCL2;NPNT,0.25542916472066124
727,Axonal Fasciculation (GO:0007413),0.06710503134892153,5.375453277545327,14.521766898056235,SEMA5A;CRTAC1,0.25542916472066124
728,Biogenic Amine Metabolic Process (GO:0006576),0.06710503134892153,5.375453277545327,14.521766898056235,SLC22A3;MAOA,0.25542916472066124
729,Regulation Of Sensory Perception (GO:0051931),0.06710503134892153,5.375453277545327,14.521766898056235,TMEM100;MGLL,0.25542916472066124
730,Regulation Of Transcription From RNA Polymerase II Promoter In Response To Stress (GO:0043618),0.06710503134892153,5.375453277545327,14.521766898056235,MUC1;KLF2,0.25542916472066124
731,Regulation Of Tube Diameter (GO:0035296),0.06710503134892153,5.375453277545327,14.521766898056235,NPR1;AGTR1,0.25542916472066124
732,Regulation Of Vascular Associated Smooth Muscle Cell Migration (GO:1904752),0.06710503134892153,5.375453277545327,14.521766898056235,DOCK4;NR4A3,0.25542916472066124
733,Response To Interleukin-6 (GO:0070741),0.06710503134892153,5.375453277545327,14.521766898056235,PID1;FOXA2,0.25542916472066124
734,Dendrite Self-Avoidance (GO:0070593),0.06710503134892153,5.375453277545327,14.521766898056235,ROBO4;NEXN,0.25542916472066124
735,Secretion (GO:0046903),0.06710503134892153,5.375453277545327,14.521766898056235,NPR1;FBLN5,0.25542916472066124
736,Gamma-Delta T Cell Activation (GO:0046629),0.06710503134892153,5.375453277545327,14.521766898056235,JAML;TRGC2,0.25542916472066124
737,Vascular Process In Circulatory System (GO:0003018),0.06710503134892153,5.375453277545327,14.521766898056235,NPR1;AGTR1,0.25542916472066124
738,Granulocyte Differentiation (GO:0030851),0.06710503134892153,5.375453277545327,14.521766898056235,CSF3;TAL1,0.25542916472066124
739,Icosanoid Secretion (GO:0032309),0.06710503134892153,5.375453277545327,14.521766898056235,ACE;PLA2G1B,0.25542916472066124
740,Multicellular Organismal-Level Iron Ion Homeostasis (GO:0060586),0.06710503134892153,5.375453277545327,14.521766898056235,SLC11A1;CYBRD1,0.25542916472066124
741,Negative Regulation Of Alcohol Biosynthetic Process (GO:1902931),0.06710503134892153,5.375453277545327,14.521766898056235,BMP2;BMP5,0.25542916472066124
742,Negative Regulation Of Cell Cycle Phase Transition (GO:1901988),0.06710503134892153,5.375453277545327,14.521766898056235,RGCC;SUSD2,0.25542916472066124
743,Negative Regulation Of Potassium Ion Transport (GO:0043267),0.06710503134892153,5.375453277545327,14.521766898056235,CAV1;NEDD4L,0.25542916472066124
744,Phosphate Ion Homeostasis (GO:0055062),0.06710503134892153,5.375453277545327,14.521766898056235,SLC34A2;FGFR4,0.25542916472066124
745,Positive Regulation Of Neuroinflammatory Response (GO:0150078),0.06710503134892153,5.375453277545327,14.521766898056235,IL33;IL6,0.25542916472066124
746,Positive Regulation Of Protein Localization To Cell Surface (GO:2000010),0.06710503134892153,5.375453277545327,14.521766898056235,TYROBP;GPD1L,0.25542916472066124
747,Positive Regulation Of Reactive Oxygen Species Biosynthetic Process (GO:1903428),0.06710503134892153,5.375453277545327,14.521766898056235,RAB27A;CD36,0.25542916472066124
748,Positive Regulation Of Sodium Ion Transport (GO:0010765),0.06710503134892153,5.375453277545327,14.521766898056235,GPD1L;SCN4B,0.25542916472066124
749,Positive Regulation Of Vasoconstriction (GO:0045907),0.06710503134892153,5.375453277545327,14.521766898056235,CAV1;FGG,0.25542916472066124
750,Energy Derivation By Oxidation Of Organic Compounds (GO:0015980),0.06780372835927817,2.7601936525013446,7.428062287817727,PID1;NR4A3;ADGRF5;LEPR,0.25691556273770877
751,Positive Regulation Of Biomineral Tissue Development (GO:0070169),0.06780372835927817,2.7601936525013446,7.428062287817727,KL;BMP2;ALOX5;GPM6B,0.25691556273770877
752,Positive Regulation Of Cell-Matrix Adhesion (GO:0001954),0.06780372835927817,2.7601936525013446,7.428062287817727,EMP2;CD36;TEK;S100A10,0.25691556273770877
753,Positive Regulation Of Cell Junction Assembly (GO:1901890),0.0678694103954933,2.4040866346538614,6.467401394716652,CLDN5;CAV1;TEK;TBX5;S100A10,0.25691556273770877
754,Negative Regulation Of Protein Serine/Threonine Kinase Activity (GO:0071901),0.06794610112389772,2.1841855881126566,5.873363546652715,MYOCD;BMP2;DUSP1;IRAK3;PPARG;RASIP1,0.25691556273770877
755,Cellular Response To Interleukin-1 (GO:0071347),0.0712679047147433,2.1549509116409538,5.691891662346602,CCL14;CCL23;HYAL1;CCL2;IRAK3;CD47,0.2669592899491131
756,T Cell Activation Involved In Immune Response (GO:0002286),0.07144508531433648,3.3619064245810057,8.871486627164588,SLC11A1;ITGAL;ICAM1,0.2669592899491131
757,Regulation Of Mitochondrial Fission (GO:0090140),0.07144508531433648,3.3619064245810057,8.871486627164588,LRRK2;PPARG;DCN,0.2669592899491131
758,Cardiac Muscle Cell Differentiation (GO:0055007),0.07144508531433648,3.3619064245810057,8.871486627164588,MYOCD;BMP2;MYH11,0.2669592899491131
759,Respiratory Tube Development (GO:0030323),0.07144508531433648,3.3619064245810057,8.871486627164588,FOXF1;NKX2-1;TCF21,0.2669592899491131
760,Microtubule Polymerization Or Depolymerization (GO:0031109),0.07144508531433648,3.3619064245810057,8.871486627164588,TPPP3;TPPP;NCKAP5,0.2669592899491131
761,Negative Regulation Of Cellular Response To Insulin Stimulus (GO:1900077),0.07144508531433648,3.3619064245810057,8.871486627164588,PID1;PRKCB;TNS2,0.2669592899491131
762,Positive Regulation Of Response To Wounding (GO:1903036),0.07144508531433648,3.3619064245810057,8.871486627164588,DUOX1;PRKCE;HBEGF,0.2669592899491131
763,Regulation Of SMAD Protein Signal Transduction (GO:0060390),0.07144508531433648,3.3619064245810057,8.871486627164588,DAB2;VEPH1;PPARG,0.2669592899491131
764,Hemopoiesis (GO:0030097),0.07169436095960639,2.006768467606981,5.288523599309199,TGFBR3;TAL1;NOTCH4;ZBTB16;RTKN2;TEK;TGFBR2,0.2675400825861752
765,Regulation Of Insulin Receptor Signaling Pathway (GO:0046626),0.07256225721258415,2.691048951048951,7.0594566071855205,PID1;PRKCB;SORBS1;TNS2,0.26901819936681065
766,Cellular Response To Ketone (GO:1901655),0.07256225721258415,2.691048951048951,7.0594566071855205,SCNN1B;KLF9;CFTR;AQP1,0.26901819936681065
767,Embryonic Organ Morphogenesis (GO:0048562),0.07256225721258415,2.691048951048951,7.0594566071855205,EFEMP1;SOX17;FOXF1;TCF21,0.26901819936681065
768,Positive Regulation Of Biosynthetic Process (GO:0009891),0.07256225721258415,2.691048951048951,7.0594566071855205,RGCC;RAB27A;CD36;SORBS1,0.26901819936681065
769,Regulation Of Cell-Substrate Adhesion (GO:0010810),0.07256225721258415,2.691048951048951,7.0594566071855205,ECM2;MYADM;NDNF;NPNT,0.26901819936681065
770,Positive Regulation Of Macromolecule Biosynthetic Process (GO:0010557),0.07318379965881312,1.8917758531349471,4.946579932828497,IL33;IL6;RGCC;HGF;CCL2;SORBS1;FGFR4;KLF4,0.27097014652893014
771,Negative Regulation Of Multicellular Organismal Process (GO:0051241),0.07464787484223077,1.610176209163916,4.17836414820481,MYOCD;SLC11A1;WWC2;SMAD6;TBX5;AGER;SLC6A4;BMP5;BMP2;RAB11FIP1;RGCC;NKX2-1;FOXA2,0.2757992470906309
772,Negative Regulation Of Apoptotic Signaling Pathway (GO:2001234),0.07468152183583553,2.1264855687606112,5.5172148293508085,CX3CR1;NR4A2;HGF;RTKN2;CFLAR;CLU,0.2757992470906309
773,Regulation Of Cellular Catabolic Process (GO:0031329),0.07574762269333105,2.320945619627161,5.988847895238418,DRAM1;DAPK1;LRRK2;LAMP3;DAPK2,0.27890904522090665
774,Regulation Of Cell Motility (GO:2000145),0.07594662632251784,1.8752277869504066,4.833820554452952,DUOX1;ROBO4;PARD6B;TNXB;SPOCK2;ARHGAP18;NEXN;LDB2,0.27890904522090665
775,GTP Metabolic Process (GO:0046039),0.07746894305801859,4.886522125015849,12.499128210567319,LRRK2;GIMAP7,0.27890904522090665
776,Regulation Of Humoral Immune Response (GO:0002920),0.07746894305801859,4.886522125015849,12.499128210567319,GATA6;CD55,0.27890904522090665
777,Regulation Of Immune Effector Process (GO:0002697),0.07746894305801859,4.886522125015849,12.499128210567319,C4BPA;CD55,0.27890904522090665
778,Regulation Of Myoblast Fusion (GO:1901739),0.07746894305801859,4.886522125015849,12.499128210567319,SCGB3A1;CFLAR,0.27890904522090665
779,Atrioventricular Valve Development (GO:0003171),0.07746894305801859,4.886522125015849,12.499128210567319,BMP2;TGFBR2,0.27890904522090665
780,Regulation Of Nitric-Oxide Synthase Biosynthetic Process (GO:0051769),0.07746894305801859,4.886522125015849,12.499128210567319,IL33;EDN1,0.27890904522090665
781,Branching Involved In Blood Vessel Morphogenesis (GO:0001569),0.07746894305801859,4.886522125015849,12.499128210567319,NOTCH4;TGFBR2,0.27890904522090665
782,Response To Chemokine (GO:1990868),0.07746894305801859,4.886522125015849,12.499128210567319,DUSP1;DOCK8,0.27890904522090665
783,Embryonic Hemopoiesis (GO:0035162),0.07746894305801859,4.886522125015849,12.499128210567319,TAL1;TGFBR2,0.27890904522090665
784,Endothelial Cell Differentiation (GO:0045446),0.07746894305801859,4.886522125015849,12.499128210567319,ACVRL1;TIE1,0.27890904522090665
785,Sodium-Independent Organic Anion Transport (GO:0043252),0.07746894305801859,4.886522125015849,12.499128210567319,SLCO2A1;SLCO4C1,0.27890904522090665
786,Immune Response-Regulating Cell Surface Receptor Signaling Pathway (GO:0002768),0.07746894305801859,4.886522125015849,12.499128210567319,FGR;PIGR,0.27890904522090665
787,Lipid Oxidation (GO:0034440),0.07746894305801859,4.886522125015849,12.499128210567319,ALOX5;ALOX15B,0.27890904522090665
788,Negative Regulation Of Interleukin-12 Production (GO:0032695),0.07746894305801859,4.886522125015849,12.499128210567319,TLR8;IRAK3,0.27890904522090665
789,Negative Regulation Of Toll-Like Receptor Signaling Pathway (GO:0034122),0.07746894305801859,4.886522125015849,12.499128210567319,IRAK3;CD300LF,0.27890904522090665
790,Positive Regulation Of Cardiac Muscle Cell Proliferation (GO:0060045),0.07746894305801859,4.886522125015849,12.499128210567319,TGFBR3;TBX2,0.27890904522090665
791,Regulation Of Apoptotic Signaling Pathway (GO:2001233),0.07748600411573013,2.625277161862528,6.7145610065813335,CX3CR1;NR4A2;DAPK2;CTSH,0.27890904522090665
792,Inorganic Cation Import Across Plasma Membrane (GO:0098659),0.0778198145152032,1.9647559691011236,5.016727719516022,KCNJ5;SCNN1B;TRPV2;KCNJ15;SCN7A;SLC39A8;CLU,0.27890904522090665
793,Regulation Of Monoatomic Ion Transport (GO:0043269),0.07796931218557089,3.2272625698324022,8.23416669249428,KCNJ5;KCNJ15;NEDD4L,0.27890904522090665
794,Apoptotic Cell Clearance (GO:0043277),0.07796931218557089,3.2272625698324022,8.23416669249428,FCN1;FCN3;TYROBP,0.27890904522090665
795,Regulation Of Platelet Activation (GO:0010543),0.07796931218557089,3.2272625698324022,8.23416669249428,SELP;THBD;GNAQ,0.27890904522090665
796,Sterol Biosynthetic Process (GO:0016126),0.07796931218557089,3.2272625698324022,8.23416669249428,CH25H;FAXDC2;CES1,0.27890904522090665
797,Negative Regulation Of Actin Filament Bundle Assembly (GO:0032232),0.07796931218557089,3.2272625698324022,8.23416669249428,ARHGAP6;SHANK3;CGNL1,0.27890904522090665
798,Cardiac Conduction (GO:0061337),0.08257242538623276,2.562637362637363,6.391421279507394,KCNJ5;CAV1;ANK2;SCN4B,0.2939001058378896
799,Epithelial Cell Migration (GO:0010631),0.08257242538623276,2.562637362637363,6.391421279507394,KANK2;STARD13;ZEB2;S100A12,0.2939001058378896
800,Myofibril Assembly (GO:0030239),0.08257242538623276,2.562637362637363,6.391421279507394,LMOD1;CAPN3;PGM5;CFLAR,0.2939001058378896
801,Positive Regulation Of Blood Vessel Endothelial Cell Migration (GO:0043536),0.08257242538623276,2.562637362637363,6.391421279507394,ANGPT1;RHOJ;GATA2;PTGS2,0.2939001058378896
802,Negative Regulation Of Transcription By RNA Polymerase II (GO:0000122),0.0839923382836746,1.3040513945119208,3.230174028282683,KANK2;CITED2;NOTCH4;WWC2;GATA6;TCF21;LDB2;GATA2;SDR16C5;ZFP36;DACH1;EDNRB;PRDM16;NKX2-1;ZBED2;LRRFIP1;ZNF366;IRX2;IL33;EDN1;ZBTB16;CAV1;NR2F1;KLF4;KLF2;TBX2;NR4A2;ZEB2;DAB2;BMP2;NR4A3;ID4;FOSB;PPARG;FBP1,0.29858124245231454
803,Positive Regulation Of DNA Biosynthetic Process (GO:2000573),0.0840984288112542,2.2433473389355743,5.554006196420274,PARM1;RGCC;HGF;KLF4;FGFR4,0.298586077884042
804,Negative Regulation Of MAPK Cascade (GO:0043409),0.08424102982345007,1.9244582664526484,4.761250595292373,BMP2;DUSP1;LMO3;CAV1;TIMP3;IRAK3;PPARG,0.29872036819235837
805,Regulation Of Monoatomic Ion Transmembrane Transport (GO:0034765),0.08474351687997954,3.1029759346798453,7.658535683035701,KCNJ5;KCNJ15;NEDD4L,0.2990145626544823
806,Response To Alcohol (GO:0097305),0.08474351687997954,3.1029759346798453,7.658535683035701,TGFBR3;SLIT2;TGFBR2,0.2990145626544823
807,Response To Steroid Hormone (GO:0048545),0.08474351687997954,3.1029759346798453,7.658535683035701,CAV1;ADTRP;TFPI,0.2990145626544823
808,Peptidyl-Tyrosine Dephosphorylation (GO:0035335),0.08474351687997954,3.1029759346798453,7.658535683035701,PTPRB;DUSP1;TNS2,0.2990145626544823
809,Regulation Of Osteoblast Differentiation (GO:0045667),0.08547002075812675,2.0454133896710283,5.030877498755022,GDF10;IL6;HGF;PPARG;NPNT;SMAD6,0.3004624280905294
810,Negative Regulation Of Cell Cycle (GO:0045786),0.08547002075812675,2.0454133896710283,5.030877498755022,NR4A1;MYOCD;BMP2;HPGD;DUSP1;RPS6KA2,0.3004624280905294
811,Positive Regulation Of Canonical Wnt Signaling Pathway (GO:0090263),0.08547002075812675,2.0454133896710283,5.030877498755022,SEMA5A;SCEL;ZEB2;LRRK2;CAV1;DKK2,0.3004624280905294
812,Regulation Of Interleukin-2 Production (GO:0032663),0.08781873930254712,2.502911042445926,6.088281977160492,ZFP36;SFTPD;VSIG4;SPTBN1,0.3043838808953633
813,Response To Organonitrogen Compound (GO:0010243),0.08781873930254712,2.502911042445926,6.088281977160492,IL6;IRAK3;CLU;GPIHBP1,0.3043838808953633
814,Regulation Of Extracellular Matrix Disassembly (GO:0010715),0.08829374587880232,4.47907949790795,10.871111151129268,IL6;FGFR4,0.3043838808953633
815,Regulation Of Feeding Behavior (GO:0060259),0.08829374587880232,4.47907949790795,10.871111151129268,NR4A3;LEPR,0.3043838808953633
816,Regulation Of Integrin Activation (GO:0033623),0.08829374587880232,4.47907949790795,10.871111151129268,SELP;RASIP1,0.3043838808953633
817,Aminoglycan Catabolic Process (GO:0006026),0.08829374587880232,4.47907949790795,10.871111151129268,HYAL1;CHI3L2,0.3043838808953633
818,Regulation Of Sensory Perception Of Pain (GO:0051930),0.08829374587880232,4.47907949790795,10.871111151129268,TMEM100;MGLL,0.3043838808953633
819,Renal Water Homeostasis (GO:0003091),0.08829374587880232,4.47907949790795,10.871111151129268,AQP4;AQP1,0.3043838808953633
820,Contractile Actin Filament Bundle Assembly (GO:0030038),0.08829374587880232,4.47907949790795,10.871111151129268,PHACTR1;SORBS1,0.3043838808953633
821,Stress Fiber Assembly (GO:0043149),0.08829374587880232,4.47907949790795,10.871111151129268,PHACTR1;SORBS1,0.3043838808953633
822,Striated Muscle Cell Development (GO:0055002),0.08829374587880232,4.47907949790795,10.871111151129268,LMOD1;PGM5,0.3043838808953633
823,Negative Regulation Of Leukocyte Mediated Cytotoxicity (GO:0001911),0.08829374587880232,4.47907949790795,10.871111151129268,CX3CR1;HLA-E,0.3043838808953633
824,Positive Regulation Of Acute Inflammatory Response (GO:0002675),0.08829374587880232,4.47907949790795,10.871111151129268,IL6;PTGS2,0.3043838808953633
825,Protein Homotrimerization (GO:0070207),0.08829374587880232,4.47907949790795,10.871111151129268,STEAP4;SCARA5,0.3043838808953633
826,Protein Trimerization (GO:0070206),0.08829374587880232,4.47907949790795,10.871111151129268,STEAP4;SCARA5,0.3043838808953633
827,Regulation Of Bone Remodeling (GO:0046850),0.08829374587880232,4.47907949790795,10.871111151129268,LEPR;S1PR1,0.3043838808953633
828,Response To Reactive Oxygen Species (GO:0000302),0.08844847227674754,2.2064563530330163,5.351396107352675,HYAL1;CAT;HBB;FOS;HBA1,0.30454902712682036
829,Negative Regulation Of Binding (GO:0051100),0.08924723987211979,2.019740532959327,4.880389503067918,DAB2;PLN;SLPI;LRRK2;CAV1;CARD16,0.3069286862188342
830,Regulation Of Dendritic Spine Morphogenesis (GO:0061001),0.09175865639420415,2.9878957169459963,7.136868135425334,ARHGAP44;LRRK2;SHANK3,0.31329811901781557
831,Cardiac Muscle Cell Action Potential Involved In Contraction (GO:0086002),0.09175865639420415,2.9878957169459963,7.136868135425334,NEDD4L;GPD1L;SCN4B,0.31329811901781557
832,Regulation Of Vasculature Development (GO:1901342),0.09175865639420415,2.9878957169459963,7.136868135425334,IL6;EMP2;TSPAN12,0.31329811901781557
833,Immunoglobulin Mediated Immune Response (GO:0016064),0.09175865639420415,2.9878957169459963,7.136868135425334,HLA-DMA;FCER1A;TLR8,0.31329811901781557
834,"Phagocytosis, Engulfment (GO:0006911)",0.09175865639420415,2.9878957169459963,7.136868135425334,MSR1;MARCO;CD36,0.31329811901781557
835,Positive Regulation Of Cell Communication (GO:0010647),0.09175865639420415,2.9878957169459963,7.136868135425334,EDN1;TNXB;GATA6,0.31329811901781557
836,Glucose Homeostasis (GO:0042593),0.09311403343702607,1.9947015739442107,4.735282647401696,IL6;ALOX5;LEPR;PDK4;PPARG;FGFR4,0.31754558532172406
837,Protein Homooligomerization (GO:0051260),0.0938220792307357,1.781683346700608,4.216095410646672,STEAP4;SCARA5;ALDH1A2;ALOX5AP;AQP4;NLRC4;CLU;ACACB,0.31957795446454895
838,Lipid Transport (GO:0006869),0.09442366777325872,1.8670041161419513,4.406061604511755,FABP4;VAPA;ABCA3;SLCO2A1;ABCA8;CD36;SLC27A3,0.3212432897631988
839,Positive Regulation Of Cell Adhesion (GO:0045785),0.09706971164116648,1.9702733212465364,4.595319461540948,ECM2;CITED2;HYAL1;NDNF;CD47;NPNT,0.32467805896988705
840,Positive Regulation Of Wnt Signaling Pathway (GO:0030177),0.0979634818952604,1.8486037673496365,4.29460325888841,SEMA5A;SCEL;BMP2;ZEB2;CAV1;LRRK2;DKK2,0.32467805896988705
841,Regulation Of Wnt Signaling Pathway (GO:0030111),0.0979634818952604,1.8486037673496365,4.29460325888841,BMP2;WIF1;GNAQ;LRRK2;CMAHP;SOX7;FOLR1,0.32467805896988705
842,Cellular Response To cAMP (GO:0071320),0.09900539316631765,2.881035514764565,6.662627858965201,RAP1A;CFTR;AQP1,0.32467805896988705
843,Response To Estradiol (GO:0032355),0.09900539316631765,2.881035514764565,6.662627858965201,SOCS2;RAMP3;SSTR1,0.32467805896988705
844,Toll-Like Receptor Signaling Pathway (GO:0002224),0.09900539316631765,2.881035514764565,6.662627858965201,TLR8;IRAK3;TLR3,0.32467805896988705
845,Modulation Of Excitatory Postsynaptic Potential (GO:0098815),0.09900539316631765,2.881035514764565,6.662627858965201,LRRK2;TMEM108;SHANK3,0.32467805896988705
846,Negative Regulation Of Cell-Matrix Adhesion (GO:0001953),0.09900539316631765,2.881035514764565,6.662627858965201,ACVRL1;FAM107A;ARHGAP6,0.32467805896988705
847,Negative Regulation Of Developmental Growth (GO:0048640),0.09900539316631765,2.881035514764565,6.662627858965201,WWC2;SEMA3G;SLC6A4,0.32467805896988705
848,Positive Regulation Of G1/S Transition Of Mitotic Cell Cycle (GO:1900087),0.09900539316631765,2.881035514764565,6.662627858965201,RGCC;ADAMTS1;HYAL1,0.32467805896988705
849,Positive Regulation Of Extrinsic Apoptotic Signaling Pathway (GO:2001238),0.09900539316631765,2.881035514764565,6.662627858965201,CAV1;G0S2;AGTR2,0.32467805896988705
850,Positive Regulation Of Leukocyte Migration (GO:0002687),0.09900539316631765,2.881035514764565,6.662627858965201,IL6;LYVE1;ICAM1,0.32467805896988705
851,Positive Regulation Of Mononuclear Cell Migration (GO:0071677),0.09900539316631765,2.881035514764565,6.662627858965201,CXCL17;CD47;JAM2,0.32467805896988705
852,Regulation Of Clathrin-Dependent Endocytosis (GO:2000369),0.0995330142194603,4.134320351893574,9.538976320678934,CCL14;DAB2,0.32467805896988705
853,Regulation Of Lipoprotein Lipase Activity (GO:0051004),0.0995330142194603,4.134320351893574,9.538976320678934,APOH;GPIHBP1,0.32467805896988705
854,Adenylate Cyclase-Activating Adrenergic Receptor Signaling Pathway (GO:0071880),0.0995330142194603,4.134320351893574,9.538976320678934,ADRB1;ADRB2,0.32467805896988705
855,Regulation Of miRNA-mediated Gene Silencing (GO:0060964),0.0995330142194603,4.134320351893574,9.538976320678934,ZFP36;PPARG,0.32467805896988705
856,Amyloid-Beta Metabolic Process (GO:0050435),0.0995330142194603,4.134320351893574,9.538976320678934,ACE;MME,0.32467805896988705
857,Cellular Response To Corticosteroid Stimulus (GO:0071384),0.0995330142194603,4.134320351893574,9.538976320678934,ZFP36;FAM107A,0.32467805896988705
858,Regulation Of Systemic Arterial Blood Pressure By Hormone (GO:0001990),0.0995330142194603,4.134320351893574,9.538976320678934,EDN1;AGTR1,0.32467805896988705
859,Defense Response To Protozoan (GO:0042832),0.0995330142194603,4.134320351893574,9.538976320678934,SLC11A1;DEFA1,0.32467805896988705
860,Dendritic Cell Chemotaxis (GO:0002407),0.0995330142194603,4.134320351893574,9.538976320678934,CXCR2;CLU,0.32467805896988705
861,Melanosome Transport (GO:0032402),0.0995330142194603,4.134320351893574,9.538976320678934,MLPH;RAB27A,0.32467805896988705
862,Negative Regulation Of Cation Transmembrane Transport (GO:1904063),0.0995330142194603,4.134320351893574,9.538976320678934,CAV1;NEDD4L,0.32467805896988705
863,Negative Regulation Of Cell-Substrate Junction Organization (GO:0150118),0.0995330142194603,4.134320351893574,9.538976320678934,FAM107A;ARHGAP6,0.32467805896988705
864,Negative Regulation Of Focal Adhesion Assembly (GO:0051895),0.0995330142194603,4.134320351893574,9.538976320678934,FAM107A;ARHGAP6,0.32467805896988705
865,Negative Regulation Of Immune Effector Process (GO:0002698),0.0995330142194603,4.134320351893574,9.538976320678934,CD47;CD55,0.32467805896988705
866,Negative Regulation Of Phagocytosis (GO:0050765),0.0995330142194603,4.134320351893574,9.538976320678934,CD47;CD300LF,0.32467805896988705
867,Pigment Granule Transport (GO:0051904),0.0995330142194603,4.134320351893574,9.538976320678934,MLPH;RAB27A,0.32467805896988705
868,Positive Regulation Of Cell Activation (GO:0050867),0.0995330142194603,4.134320351893574,9.538976320678934,SELP;LILRA2,0.32467805896988705
869,Positive Regulation Of Potassium Ion Transport (GO:0043268),0.0995330142194603,4.134320351893574,9.538976320678934,FHL1;ANK2,0.32467805896988705
870,Positive Regulation Of Secretion (GO:0051047),0.0995330142194603,4.134320351893574,9.538976320678934,NPR1;AQP1,0.32467805896988705
871,Positive Regulation Of Syncytium Formation By Plasma Membrane Fusion (GO:0060143),0.0995330142194603,4.134320351893574,9.538976320678934,TYROBP;SCGB3A1,0.32467805896988705
872,Protein Localization To Cell-Cell Junction (GO:0150105),0.0995330142194603,4.134320351893574,9.538976320678934,CDH5;CGNL1,0.32467805896988705
873,Regulation Of Rac Protein Signal Transduction (GO:0035020),0.0995330142194603,4.134320351893574,9.538976320678934,ARHGAP44;RASGRF1,0.32467805896988705
874,Regulation Of Amyloid-Beta Clearance (GO:1900221),0.0995330142194603,4.134320351893574,9.538976320678934,MYOCD;CLU,0.32467805896988705
875,Negative Regulation Of Gene Expression (GO:0010629),0.09979984263124328,1.4394787843063706,3.3174065006269133,ACVRL1;MSR1;DAPK1;CITED2;SLC11A1;GATA2;UPK3B;KLF4;CLDN5;SDR16C5;ZFP36;BMP2;RGCC;ATOH8;MYADM;PPARG;RBMS3,0.32517640153334243
876,Sodium Ion Transport (GO:0006814),0.10111350811004759,1.946433701143987,4.460275308464751,SCNN1B;SLC6A14;SCN7A;SLC4A4;SCN4B;SLC6A4,0.3290806068741389
877,"G Protein-Coupled Receptor Signaling Pathway, Coupled To Cyclic Nucleotide Second Messenger (GO:0007187)",0.10448596950348459,2.3393128610519915,5.2838117600894785,VIPR1;CALCRL;CCL2;AGTR2,0.3392818895836385
878,Regulation Of Interleukin-12 Production (GO:0032655),0.10448596950348459,2.3393128610519915,5.2838117600894785,TLR8;IRAK3;CD47;TLR3,0.3392818895836385
879,Cytoskeleton Organization (GO:0007010),0.10525896372207692,1.812864628349179,4.081359504164378,FGD5;DES;DPYSL2;NEDD9;CCL2;SYNE3;WASF3,0.34140307801096853
880,Respiratory System Development (GO:0060541),0.10647414999111646,2.7815449816990947,6.230252000909456,FOXF1;NKX2-1;TCF21,0.34416984311187415
881,Negative Regulation Of Osteoblast Differentiation (GO:0045668),0.10647414999111646,2.7815449816990947,6.230252000909456,GDF10;PPARG;SMAD6,0.34416984311187415
882,Regulation Of Calcium Ion Transmembrane Transporter Activity (GO:1901019),0.10647414999111646,2.7815449816990947,6.230252000909456,PLN;DMD;ANK2,0.34416984311187415
883,Positive Regulation Of Protein Polymerization (GO:0032273),0.10698202355732242,2.070243482008188,4.627189743225664,CSF3;TPPP3;PRKCE;LMOD1;TPPP,0.34502912801122876
884,Regulation Of Cellular Biosynthetic Process (GO:0031326),0.10698202355732242,2.070243482008188,4.627189743225664,CX3CR1;PDK4;CD47;FGFR4;CES1,0.34502912801122876
885,Positive Regulation Of Apoptotic Process (GO:0043065),0.10958842583965901,1.4757867907801419,3.262999295618958,GADD45B;DAPK1;DAPK2;NLRC4;CFLAR;CLU;BMP2;IL6;ADAMTSL4;RPS6KA2;CTSH;MNDA;SLIT2;HOXA5,0.34859059893854294
886,Amide Biosynthetic Process (GO:0043604),0.11033980808023156,2.2894212170807915,5.0463205212002,VAPA;DMD;SGMS2;ABCA8,0.34859059893854294
887,Regulation Of Release Of Sequestered Calcium Ion Into Cytosol (GO:0051279),0.11033980808023156,2.2894212170807915,5.0463205212002,CAPN3;ANK2;DMD;CLIC2,0.34859059893854294
888,Regulation Of Substrate Adhesion-Dependent Cell Spreading (GO:1900024),0.11033980808023156,2.2894212170807915,5.0463205212002,FGG;MYADM;NEDD9;S100A10,0.34859059893854294
889,Negative Regulation Of MAP Kinase Activity (GO:0043407),0.11033980808023156,2.2894212170807915,5.0463205212002,BMP2;DUSP1;IRAK3;PPARG,0.34859059893854294
890,Regulation Of Establishment Of Endothelial Barrier (GO:1903140),0.11114305662403912,3.8388125124526797,8.43362966326526,CDH5;CLDN5,0.34859059893854294
891,Regulation Of Plasminogen Activation (GO:0010755),0.11114305662403912,3.8388125124526797,8.43362966326526,CLEC3B;S100A10,0.34859059893854294
892,Regulation Of Protein Kinase C Signaling (GO:0090036),0.11114305662403912,3.8388125124526797,8.43362966326526,MYADM;GPD1L,0.34859059893854294
893,Cellular Response To Fatty Acid (GO:0071398),0.11114305662403912,3.8388125124526797,8.43362966326526,PID1;PDK4,0.34859059893854294
894,Regulation Of Transforming Growth Factor Beta Production (GO:0071634),0.11114305662403912,3.8388125124526797,8.43362966326526,LRRC32;PTGS2,0.34859059893854294
895,Reverse Cholesterol Transport (GO:0043691),0.11114305662403912,3.8388125124526797,8.43362966326526,CLU;CES1,0.34859059893854294
896,Establishment Of Melanosome Localization (GO:0032401),0.11114305662403912,3.8388125124526797,8.43362966326526,MLPH;RAB27A,0.34859059893854294
897,Heart Process (GO:0003015),0.11114305662403912,3.8388125124526797,8.43362966326526,RAMP3;SGCG,0.34859059893854294
898,Innate Immune Response-Activating Signaling Pathway (GO:0002758),0.11114305662403912,3.8388125124526797,8.43362966326526,NLRC4;LILRA2,0.34859059893854294
899,Negative Regulation Of Amyloid-Beta Formation (GO:1902430),0.11114305662403912,3.8388125124526797,8.43362966326526,RTN1;CLU,0.34859059893854294
900,Negative Regulation Of Anoikis (GO:2000811),0.11114305662403912,3.8388125124526797,8.43362966326526,CAV1;PDK4,0.34859059893854294
901,Negative Regulation Of Chemokine Production (GO:0032682),0.11114305662403912,3.8388125124526797,8.43362966326526,IL6;KLF4,0.34859059893854294
902,Negative Regulation Of Release Of Cytochrome C From Mitochondria (GO:0090201),0.11114305662403912,3.8388125124526797,8.43362966326526,HGF;CLU,0.34859059893854294
903,Pharyngeal System Development (GO:0060037),0.11114305662403912,3.8388125124526797,8.43362966326526,FOLR1;BMP5,0.34859059893854294
904,Positive Regulation Of Homotypic Cell-Cell Adhesion (GO:0034112),0.11114305662403912,3.8388125124526797,8.43362966326526,IL6;MMRN1,0.34859059893854294
905,Positive Regulation Of Muscle Hypertrophy (GO:0014742),0.11114305662403912,3.8388125124526797,8.43362966326526,EDN1;NR4A3,0.34859059893854294
906,Positive Regulation Of Smooth Muscle Cell Migration (GO:0014911),0.11114305662403912,3.8388125124526797,8.43362966326526,DOCK4;NR4A3,0.34859059893854294
907,Regulation Of NMDA Receptor Activity (GO:2000310),0.11114305662403912,3.8388125124526797,8.43362966326526,DAPK1;CCL2,0.34859059893854294
908,Regulation Of Blood Vessel Endothelial Cell Proliferation Involved In Sprouting Angiogenesis (GO:1903587),0.11114305662403912,3.8388125124526797,8.43362966326526,MMRN2;GATA2,0.34859059893854294
909,Regulation Of Cardiac Muscle Contraction By Regulation Of The Release Of Sequestered Calcium Ion (GO:0010881),0.11114305662403912,3.8388125124526797,8.43362966326526,DMD;CLIC2,0.34859059893854294
910,Cellular Response To Metal Ion (GO:0071248),0.11389817671858755,1.6969777511988218,3.6866000222059525,LRRK2;MT1M;ALOX5AP;CAPN3;FOS;CLU;FBP1;AQP1,0.35491424543606764
911,Regulation Of Potassium Ion Transmembrane Transport (GO:1901379),0.11415516066814242,2.688687150837989,5.83497997534769,CAV1;FHL1;NEDD4L,0.35491424543606764
912,Cardiac Muscle Contraction (GO:0060048),0.11415516066814242,2.688687150837989,5.83497997534769,TNNC1;DMD;SCN4B,0.35491424543606764
913,Lung Development (GO:0030324),0.11415516066814242,2.688687150837989,5.83497997534769,FOXF1;NKX2-1;TCF21,0.35491424543606764
914,Positive Regulation Of Nitrogen Compound Metabolic Process (GO:0051173),0.11415516066814242,2.688687150837989,5.83497997534769,AGTR1;KLF4;KLF2,0.35491424543606764
915,Positive Regulation Of Protein Dephosphorylation (GO:0035307),0.11415516066814242,2.688687150837989,5.83497997534769,PPP1R15A;CDH5;ITGA1,0.35491424543606764
916,Positive Regulation Of Small Molecule Metabolic Process (GO:0062013),0.11415516066814242,2.688687150837989,5.83497997534769,PRKCE;SLC4A4;CES1,0.35491424543606764
917,Regulation Of Amyloid-Beta Formation (GO:1902003),0.11415516066814242,2.688687150837989,5.83497997534769,RTN1;GSAP;CLU,0.35491424543606764
918,Rho Protein Signal Transduction (GO:0007266),0.11633658915330158,2.2416083916083918,4.8222996366701265,RHOJ;AGTR1;ARHGAP29;ARHGAP6,0.36012553276445475
919,Cartilage Development (GO:0051216),0.11633658915330158,2.2416083916083918,4.8222996366701265,BMP2;HYAL1;ZBTB16;OGN,0.36012553276445475
920,Regulation Of Proteolysis (GO:0030162),0.11633658915330158,2.2416083916083918,4.8222996366701265,CAV1;CAPN3;GSAP;FGFR4,0.36012553276445475
921,Neurotransmitter Transport (GO:0006836),0.11633658915330158,2.2416083916083918,4.8222996366701265,SLC22A3;SLC1A1;LIN7A;SLC6A4,0.36012553276445475
922,Negative Regulation Of Canonical Wnt Signaling Pathway (GO:0090090),0.11673375405742918,1.7617609996849732,3.7840151768177703,CCL14;BMP2;DAB2;SOX17;CAV1;DKK2;RBMS3,0.3609630507784497
923,Cellular Response To Reactive Oxygen Species (GO:0034614),0.12202692722518416,1.9786002636348656,4.1620124520102015,EDN1;IL6;FOS;CLU;AQP1,0.3693779001253824
924,Regulation Of Rho Protein Signal Transduction (GO:0035023),0.12202692722518416,1.9786002636348656,4.1620124520102015,KANK2;STARD13;ARRB1;RASIP1;SCAI,0.3693779001253824
925,Glial Cell Differentiation (GO:0010001),0.1220385164474411,2.6018201477743736,5.472716828909545,MYRF;ADGRG6;TPPP,0.3693779001253824
926,Regulation Of Receptor Signaling Pathway Via JAK-STAT (GO:0046425),0.12247241691784981,2.1957471100328245,4.610782259528041,SOCS3;LEPROT;IL6;CAV1,0.3693779001253824
927,Protein Homotetramerization (GO:0051289),0.12247241691784981,2.1957471100328245,4.610782259528041,ALDH1A2;AQP4;CLU;ACACB,0.3693779001253824
928,T Cell Migration (GO:0072678),0.12308277976819126,3.5827057182705717,7.505403558740916,S1PR1;DEFA1,0.3693779001253824
929,Regulation Of Leukocyte Chemotaxis (GO:0002688),0.12308277976819126,3.5827057182705717,7.505403558740916,IL6;SLIT2,0.3693779001253824
930,Aorta Morphogenesis (GO:0035909),0.12308277976819126,3.5827057182705717,7.505403558740916,TBX2;TGFBR2,0.3693779001253824
931,Carboxylic Acid Biosynthetic Process (GO:0046394),0.12308277976819126,3.5827057182705717,7.505403558740916,NLRC4;CDO1,0.3693779001253824
932,Regulation Of Receptor Signaling Pathway Via STAT (GO:1904892),0.12308277976819126,3.5827057182705717,7.505403558740916,IL6;PPARG,0.3693779001253824
933,Cell Migration Involved In Sprouting Angiogenesis (GO:0002042),0.12308277976819126,3.5827057182705717,7.505403558740916,NR4A1;SLIT2,0.3693779001253824
934,Embryo Development Ending In Birth Or Egg Hatching (GO:0009792),0.12308277976819126,3.5827057182705717,7.505403558740916,SCEL;RAI2,0.3693779001253824
935,Sensory Perception Of Taste (GO:0050909),0.12308277976819126,3.5827057182705717,7.505403558740916,SCNN1B;CD36,0.3693779001253824
936,Transepithelial Transport (GO:0070633),0.12308277976819126,3.5827057182705717,7.505403558740916,SLC1A1;ABCG2,0.3693779001253824
937,Ventricular Cardiac Muscle Cell Action Potential (GO:0086005),0.12308277976819126,3.5827057182705717,7.505403558740916,NEDD4L;GPD1L,0.3693779001253824
938,Intracellular Estrogen Receptor Signaling Pathway (GO:0030520),0.12308277976819126,3.5827057182705717,7.505403558740916,DEFA3;DEFA1,0.3693779001253824
939,Muscle Tissue Morphogenesis (GO:0060415),0.12308277976819126,3.5827057182705717,7.505403558740916,TGFBR3;BMP2,0.3693779001253824
940,Negative Regulation Of Rho Protein Signal Transduction (GO:0035024),0.12308277976819126,3.5827057182705717,7.505403558740916,RASIP1;SCAI,0.3693779001253824
941,Negative Regulation Of Interleukin-8 Production (GO:0032717),0.12308277976819126,3.5827057182705717,7.505403558740916,ARRB1;KLF4,0.3693779001253824
942,Nicotinamide Nucleotide Metabolic Process (GO:0046496),0.12308277976819126,3.5827057182705717,7.505403558740916,FMO2;GPD1L,0.3693779001253824
943,Positive Regulation By Host Of Viral Process (GO:0044794),0.12308277976819126,3.5827057182705717,7.505403558740916,VAPA;CAV2,0.3693779001253824
944,Positive Regulation Of SMAD Protein Signal Transduction (GO:0060391),0.12308277976819126,3.5827057182705717,7.505403558740916,DAB2;PPARG,0.3693779001253824
945,Positive Regulation Of Amyloid-Beta Formation (GO:1902004),0.12308277976819126,3.5827057182705717,7.505403558740916,GSAP;CLU,0.3693779001253824
946,Positive Regulation Of Cardiac Muscle Hypertrophy (GO:0010613),0.12308277976819126,3.5827057182705717,7.505403558740916,EDN1;NR4A3,0.3693779001253824
947,Positive Regulation Of Cartilage Development (GO:0061036),0.12308277976819126,3.5827057182705717,7.505403558740916,BMP2;ZBTB16,0.3693779001253824
948,Positive Regulation Of Heart Rate (GO:0010460),0.12308277976819126,3.5827057182705717,7.505403558740916,EDN1;ADRB1,0.3693779001253824
949,Positive Regulation Of Transcription From RNA Polymerase II Promoter In Response To Stress (GO:0036003),0.12308277976819126,3.5827057182705717,7.505403558740916,MUC1;KLF2,0.3693779001253824
950,Regulation Of Cartilage Development (GO:0061035),0.12308277976819126,3.5827057182705717,7.505403558740916,BMP2;ZBTB16,0.3693779001253824
951,Regulation Of Lipid Metabolic Process (GO:0019216),0.12874325976196246,2.15172027972028,4.410886909936905,CAV1;ADGRF5;PPARG;FGFR4,0.38541132394782646
952,Peptidyl-Tyrosine Modification (GO:0018212),0.12874325976196246,2.15172027972028,4.410886909936905,FGR;EFEMP1;TEK;FGFR4,0.38541132394782646
953,Protein Processing (GO:0016485),0.12883093361005915,1.7134448416751789,3.511284254795083,CPM;THBD;MME;MYRF;CTSH;TMPRSS2;GGT1,0.38541132394782646
954,Regulation Of Sodium Ion Transport (GO:0002028),0.13011420880903432,2.5203823324022347,5.139923272754058,NEDD4L;GPD1L;SCN4B,0.3880288800361474
955,Response To Exogenous dsRNA (GO:0043330),0.13011420880903432,2.5203823324022347,5.139923272754058,COLEC12;IRAK3;TLR3,0.3880288800361474
956,Endoderm Formation (GO:0001706),0.13011420880903432,2.5203823324022347,5.139923272754058,SOX17;DUSP1;SOX7,0.3880288800361474
957,Negative Regulation Of Wnt Signaling Pathway (GO:0030178),0.13225858745356883,1.6322720879682906,3.302080356791284,CCL14;BMP2;DAB2;SOX17;WIF1;CAV1;DKK2;RBMS3,0.39365199486054403
958,Negative Regulation Of Phosphorylation (GO:0042326),0.13257374929358273,1.9218687474989995,3.8833591061692148,CDKN2B;PID1;LRRK2;MYADM;SLIT2,0.39365199486054403
959,Positive Regulation Of Neurogenesis (GO:0050769),0.13257374929358273,1.9218687474989995,3.8833591061692148,ROBO2;CX3CR1;MME;SLIT2;SHANK3,0.39365199486054403
960,Regulation Of Collagen Biosynthetic Process (GO:0032965),0.13531355838770015,3.3586122733612274,6.717763735022049,IL6;RGCC,0.39365199486054403
961,Regulation Of Epithelial Cell Differentiation (GO:0030856),0.13531355838770015,3.3586122733612274,6.717763735022049,CAV1;ALOX15B,0.39365199486054403
962,Regulation Of Establishment Or Maintenance Of Cell Polarity (GO:0032878),0.13531355838770015,3.3586122733612274,6.717763735022049,CDH5;TEK,0.39365199486054403
963,Adrenergic Receptor Signaling Pathway (GO:0071875),0.13531355838770015,3.3586122733612274,6.717763735022049,ADRB1;ADRB2,0.39365199486054403
964,Branching Involved In Ureteric Bud Morphogenesis (GO:0001658),0.13531355838770015,3.3586122733612274,6.717763735022049,TCF21;NPNT,0.39365199486054403
965,Regulation Of Synaptic Vesicle Exocytosis (GO:2000300),0.13531355838770015,3.3586122733612274,6.717763735022049,RAP1A;LRRK2,0.39365199486054403
966,Cellular Response To Inorganic Substance (GO:0071241),0.13531355838770015,3.3586122733612274,6.717763735022049,SPIDR;AQP1,0.39365199486054403
967,Regulation Of Ventricular Cardiac Muscle Cell Membrane Repolarization (GO:0060307),0.13531355838770015,3.3586122733612274,6.717763735022049,ANK2;SCN4B,0.39365199486054403
968,Renal Absorption (GO:0070293),0.13531355838770015,3.3586122733612274,6.717763735022049,SLC15A2;HBB,0.39365199486054403
969,Response To Cholesterol (GO:0070723),0.13531355838770015,3.3586122733612274,6.717763735022049,TGFBR2;CES1,0.39365199486054403
970,Dendritic Cell Migration (GO:0036336),0.13531355838770015,3.3586122733612274,6.717763735022049,CXCR2;CLU,0.39365199486054403
971,Ureteric Bud Morphogenesis (GO:0060675),0.13531355838770015,3.3586122733612274,6.717763735022049,TCF21;NPNT,0.39365199486054403
972,Melanosome Localization (GO:0032400),0.13531355838770015,3.3586122733612274,6.717763735022049,MLPH;RAB27A,0.39365199486054403
973,Negative Regulation Of Amyloid Precursor Protein Catabolic Process (GO:1902992),0.13531355838770015,3.3586122733612274,6.717763735022049,RTN1;CLU,0.39365199486054403
974,Negative Regulation Of Nervous System Development (GO:0051961),0.13531355838770015,3.3586122733612274,6.717763735022049,ROBO2;IL6,0.39365199486054403
975,Positive Regulation Of Focal Adhesion Assembly (GO:0051894),0.13531355838770015,3.3586122733612274,6.717763735022049,TEK;S100A10,0.39365199486054403
976,Positive Regulation Of Natural Killer Cell Activation (GO:0032816),0.13531355838770015,3.3586122733612274,6.717763735022049,TYROBP;HLA-E,0.39365199486054403
977,Positive Regulation Of Nervous System Process (GO:0031646),0.13531355838770015,3.3586122733612274,6.717763735022049,MYRF;TPPP,0.39365199486054403
978,Positive Regulation Of Osteoclast Differentiation (GO:0045672),0.13531355838770015,3.3586122733612274,6.717763735022049,TYROBP;NEDD9,0.39365199486054403
979,Positive Regulation Of Phosphoprotein Phosphatase Activity (GO:0032516),0.13531355838770015,3.3586122733612274,6.717763735022049,PPP1R15A;ITGA1,0.39365199486054403
980,Protein Autoprocessing (GO:0016540),0.13531355838770015,3.3586122733612274,6.717763735022049,MYRF;TMPRSS2,0.39365199486054403
981,Regulation Of Protein-Containing Complex Assembly (GO:0043254),0.13723136788212026,1.6826720505617978,3.3419330191648884,SELP;CDH5;TAL1;TPPP;CD36;CLU;SPIDR,0.39882429136791525
982,Regulation Of Ras Protein Signal Transduction (GO:0046578),0.13799587423112872,1.8947015425888665,3.752516071423435,KANK2;STARD13;RASGRF1;DENND3;FBP1,0.40010045887687207
983,Regulation Of Erythrocyte Differentiation (GO:0045646),0.13837216852072812,2.4438801422041645,4.8335265529316365,ZFP36;TAL1;HOXA5,0.40010045887687207
984,Regulation Of Glucose Import (GO:0046324),0.13837216852072812,2.4438801422041645,4.8335265529316365,PID1;PLA2G1B;SORBS1,0.40010045887687207
985,Neural Crest Cell Migration (GO:0001755),0.13837216852072812,2.4438801422041645,4.8335265529316365,SEMA5A;SEMA3G;FOLR1,0.40010045887687207
986,Protein Destabilization (GO:0031648),0.13837216852072812,2.4438801422041645,4.8335265529316365,SOX17;CAPN3;CTSH,0.40010045887687207
987,Positive Regulation Of GTPase Activity (GO:0043547),0.13871345346316521,1.457165793799457,2.8784051059590454,CCL14;CCL23;RAP1A;ARHGEF26;ARHGEF15;CAV2;DOCK8;RASGRF1;ARHGAP29;CCL2;ADRB1;S100A10,0.4006809076225776
988,Regulation Of Mitotic Nuclear Division (GO:0007088),0.14167326500211697,2.0687466379774073,4.042810514331947,EDN1;RGCC;DUSP1;CAV2,0.40757868670134756
989,Regulation Of Reactive Oxygen Species Metabolic Process (GO:2000377),0.14167326500211697,2.0687466379774073,4.042810514331947,PID1;ALOX5;AGTR1;TGFBR2,0.40757868670134756
990,Positive Regulation Of Cellular Metabolic Process (GO:0031325),0.14167326500211697,2.0687466379774073,4.042810514331947,PID1;PRKCE;AGTR1;TGFBR2,0.40757868670134756
991,Regulation Of Cation Channel Activity (GO:2001257),0.14167326500211697,2.0687466379774073,4.042810514331947,EDN1;STAC;ANK2;DMD,0.40757868670134756
992,Central Nervous System Development (GO:0007417),0.14298579955656626,1.4035065517150465,2.729834218436871,ROBO2;CCL14;CX3CR1;RTN1;SHC3;MYRF;ZBTB16;TGFBR2;NR4A2;NKX2-1;MAL;AGTR2;TPPP;SPTBN1,0.4109400348142847
993,Embryonic Organ Development (GO:0048568),0.1435141254795083,1.8682889822595705,3.626950154677102,SOX17;TAL1;COBL;TGFBR2;TBX2,0.41204307325486217
994,Negative Regulation Of Programmed Cell Death (GO:0043069),0.14572939258869722,1.3382063404109832,2.5773905670777193,KANK2;ANGPT1;CITED2;HGF;GATA6;CFLAR;SMAD6;AQP1;SOCS2;SOCS3;DAB2;IL6;GRK5;CAT;PROK2;CTSH;CAPN3;TEK,0.41555746227492935
995,Calcium Ion Import Across Plasma Membrane (GO:0098703),0.14680230140848322,2.371878080841275,4.55084772576345,TRPV2;SCN7A;CLU,0.41555746227492935
996,Negative Regulation Of Smooth Muscle Cell Proliferation (GO:0048662),0.14680230140848322,2.371878080841275,4.55084772576345,BMP2;OGN;PPARG,0.41555746227492935
997,Regulation Of Cellular Component Biogenesis (GO:0044087),0.14680230140848322,2.371878080841275,4.55084772576345,RAP1A;TIE1;CD36,0.41555746227492935
998,Regulation Of Cellular Response To Growth Factor Stimulus (GO:0090287),0.14779911145099206,3.1608827631470997,6.043295808123238,TMEM204;SLIT2,0.41555746227492935
999,Cardiac Epithelial To Mesenchymal Transition (GO:0060317),0.14779911145099206,3.1608827631470997,6.043295808123238,TGFBR3;BMP2,0.41555746227492935
1000,Cellular Response To Catecholamine Stimulus (GO:0071870),0.14779911145099206,3.1608827631470997,6.043295808123238,NR4A3;LRRK2,0.41555746227492935
1001,Response To Fatty Acid (GO:0070542),0.14779911145099206,3.1608827631470997,6.043295808123238,PID1;PDK4,0.41555746227492935
1002,Dopamine Metabolic Process (GO:0042417),0.14779911145099206,3.1608827631470997,6.043295808123238,MAOB;MAOA,0.41555746227492935
1003,Dopaminergic Neuron Differentiation (GO:0071542),0.14779911145099206,3.1608827631470997,6.043295808123238,NR4A2;FOXA2,0.41555746227492935
1004,Embryonic Digestive Tract Development (GO:0048566),0.14779911145099206,3.1608827631470997,6.043295808123238,FOXF1;TCF21,0.41555746227492935
1005,Skeletal Muscle Contraction (GO:0003009),0.14779911145099206,3.1608827631470997,6.043295808123238,STAC;TNNC1,0.41555746227492935
1006,Superoxide Anion Generation (GO:0042554),0.14779911145099206,3.1608827631470997,6.043295808123238,DUOX1;NCF2,0.41555746227492935
1007,Water Transport (GO:0006833),0.14779911145099206,3.1608827631470997,6.043295808123238,AQP4;CFTR,0.41555746227492935
1008,Linoleic Acid Metabolic Process (GO:0043651),0.14779911145099206,3.1608827631470997,6.043295808123238,ALOX5;ALOX15B,0.41555746227492935
1009,Negative Regulation Of Axon Extension Involved In Axon Guidance (GO:0048843),0.14779911145099206,3.1608827631470997,6.043295808123238,SEMA5A;SEMA3G,0.41555746227492935
1010,Negative Regulation Of Peptidyl-Serine Phosphorylation (GO:0033137),0.14779911145099206,3.1608827631470997,6.043295808123238,DMD;GPD1L,0.41555746227492935
1011,Oligodendrocyte Differentiation (GO:0048709),0.14779911145099206,3.1608827631470997,6.043295808123238,MYRF;TPPP,0.41555746227492935
1012,Positive Regulation Of Alpha-Beta T Cell Activation (GO:0046635),0.14779911145099206,3.1608827631470997,6.043295808123238,CD55;HLA-E,0.41555746227492935
1013,Receptor Clustering (GO:0043113),0.14779911145099206,3.1608827631470997,6.043295808123238,PIGR;ITGAL,0.41555746227492935
1014,Regulation Of Acute Inflammatory Response (GO:0002673),0.14779911145099206,3.1608827631470997,6.043295808123238,IL6;DNASE1L3,0.41555746227492935
1015,Regulation Of Cell Adhesion (GO:0030155),0.14796861013445184,1.5839331513195996,3.0265083808379067,SEMA5A;ACVRL1;TNXB;ANGPT1;HYAL1;DUSP1;MYADM;RND1,0.41562414531361797
1016,Striated Muscle Contraction (GO:0006941),0.1483238034914114,2.0296081277213354,3.8732179609413557,STAC;TNNC1;DMD;SCN4B,0.4158025208987354
1017,Myeloid Cell Differentiation (GO:0030099),0.1483238034914114,2.0296081277213354,3.8732179609413557,CDKN2B;TAL1;ZBTB16;CFLAR,0.4158025208987354
1018,Cellular Response To UV (GO:0034644),0.15482951691850555,1.817605420546597,3.390616876061891,MFAP4;MME;HYAL1;CRIP1;AQP1,0.41619985488237043
1019,Positive Regulation Of Protein Localization To Membrane (GO:1905477),0.15482951691850555,1.817605420546597,3.390616876061891,RAMP3;STAC;PRKCE;SORBS1;SPTBN1,0.41619985488237043
1020,mRNA Transcription By RNA Polymerase II (GO:0042789),0.15539452097073667,2.3039904229848363,4.289541950319234,C5AR1;PPARG;S100A10,0.41619985488237043
1021,Membrane Assembly (GO:0071709),0.15539452097073667,2.3039904229848363,4.289541950319234,EMP2;SPTBN1;S100A10,0.41619985488237043
1022,Positive Regulation Of Cation Channel Activity (GO:2001259),0.15539452097073667,2.3039904229848363,4.289541950319234,EDN1;STAC;ANK2,0.41619985488237043
1023,Brain Development (GO:0007420),0.15601717506246232,1.514867957746479,2.814305302906323,ROBO2;CCL14;CX3CR1;RTN1;NKX2-1;AGTR2;SHANK3;SLC6A4;TGFBR2,0.41619985488237043
1024,Fc-gamma Receptor Signaling Pathway Involved In Phagocytosis (GO:0038096),0.16050538386620425,2.9851231985123197,5.461067343803727,FGR;PRKCE,0.41619985488237043
1025,Activation Of Adenylate Cyclase Activity (GO:0007190),0.16050538386620425,2.9851231985123197,5.461067343803727,ADRB1;ADRB2,0.41619985488237043
1026,Calcium-Mediated Signaling Using Intracellular Calcium Source (GO:0035584),0.16050538386620425,2.9851231985123197,5.461067343803727,SELP;CLU,0.41619985488237043
1027,Cellular Response To Copper Ion (GO:0071280),0.16050538386620425,2.9851231985123197,5.461067343803727,MT1M;AQP1,0.41619985488237043
1028,Cellular Response To Estradiol Stimulus (GO:0071392),0.16050538386620425,2.9851231985123197,5.461067343803727,RAMP3;SSTR1,0.41619985488237043
1029,Cellular Response To pH (GO:0071467),0.16050538386620425,2.9851231985123197,5.461067343803727,HYAL1;SCNN1B,0.41619985488237043
1030,Striated Muscle Cell Differentiation (GO:0051146),0.16050538386620425,2.9851231985123197,5.461067343803727,MYOCD;BMP2,0.41619985488237043
1031,Lipopolysaccharide-Mediated Signaling Pathway (GO:0031663),0.16050538386620425,2.9851231985123197,5.461067343803727,PRKCE;CCL2,0.41619985488237043
1032,Long-Term Memory (GO:0007616),0.16050538386620425,2.9851231985123197,5.461067343803727,CAMK2N1;RASGRF1,0.41619985488237043
1033,Myoblast Differentiation (GO:0045445),0.16050538386620425,2.9851231985123197,5.461067343803727,MYOCD;EPAS1,0.41619985488237043
1034,Negative Regulation Of B Cell Activation (GO:0050869),0.16050538386620425,2.9851231985123197,5.461067343803727,TYROBP;MNDA,0.41619985488237043
1035,Negative Regulation Of Protein Localization To Cell Periphery (GO:1904376),0.16050538386620425,2.9851231985123197,5.461067343803727,DAB2;PID1,0.41619985488237043
1036,Negative Regulation Of Protein Localization To Plasma Membrane (GO:1903077),0.16050538386620425,2.9851231985123197,5.461067343803727,DAB2;PID1,0.41619985488237043
1037,Negative Regulation Of Viral Life Cycle (GO:1903901),0.16050538386620425,2.9851231985123197,5.461067343803727,FCN1;FCN3,0.41619985488237043
1038,Positive Regulation Of Epithelial Cell Differentiation (GO:0030858),0.16050538386620425,2.9851231985123197,5.461067343803727,TMEM100;ATOH8,0.41619985488237043
1039,Regulation Of Calcium Ion Import (GO:0090279),0.16050538386620425,2.9851231985123197,5.461067343803727,PLN;CCL2,0.41619985488237043
1040,Regulation Of Cardiac Muscle Contraction By Calcium Ion Signaling (GO:0010882),0.16050538386620425,2.9851231985123197,5.461067343803727,DMD;CLIC2,0.41619985488237043
1041,Chordate Embryonic Development (GO:0043009),0.1619737381641364,1.9556007628734902,3.5598212672782537,BMP2;FOXF1;ALDH1A2;BMP5,0.41619985488237043
1042,Regulation Of Protein Tyrosine Kinase Activity (GO:0061097),0.1641387780174468,2.2398743016759775,4.0475491812314015,ACE;CAV1;NEDD9,0.41619985488237043
1043,Fibroblast Growth Factor Receptor Signaling Pathway (GO:0008543),0.1641387780174468,2.2398743016759775,4.0475491812314015,KL;FLRT3;FGFR4,0.41619985488237043
1044,Negative Regulation Of Mitochondrion Organization (GO:0010823),0.1641387780174468,2.2398743016759775,4.0475491812314015,HGF;PPARG;CLU,0.41619985488237043
1045,Neuron Projection Extension (GO:1990138),0.1641387780174468,2.2398743016759775,4.0475491812314015,SEMA5A;FLRT3;TMEM108,0.41619985488237043
1046,Regulation Of Circadian Sleep/Wake Cycle (GO:0042749),0.16729745131364313,6.712047353760446,12.001019216265114,PTGDS,0.41619985488237043
1047,"Regulation Of Circadian Sleep/Wake Cycle, Sleep (GO:0045187)",0.16729745131364313,6.712047353760446,12.001019216265114,PTGDS,0.41619985488237043
1048,Regulation Of Enamel Mineralization (GO:0070173),0.16729745131364313,6.712047353760446,12.001019216265114,CFTR,0.41619985488237043
1049,Regulation Of Establishment Of T Cell Polarity (GO:1903903),0.16729745131364313,6.712047353760446,12.001019216265114,DOCK8,0.41619985488237043
1050,Regulation Of Fat Cell Proliferation (GO:0070344),0.16729745131364313,6.712047353760446,12.001019216265114,PID1,0.41619985488237043
1051,Regulation Of Glucagon Secretion (GO:0070092),0.16729745131364313,6.712047353760446,12.001019216265114,IL6,0.41619985488237043
1052,Regulation Of Glutamate Receptor Signaling Pathway (GO:1900449),0.16729745131364313,6.712047353760446,12.001019216265114,SHANK3,0.41619985488237043
1053,Regulation Of Growth Hormone Receptor Signaling Pathway (GO:0060398),0.16729745131364313,6.712047353760446,12.001019216265114,LEPROT,0.41619985488237043
1054,Regulation Of Interleukin-1-Mediated Signaling Pathway (GO:2000659),0.16729745131364313,6.712047353760446,12.001019216265114,IL6,0.41619985488237043
1055,Regulation Of Keratinocyte Apoptotic Process (GO:1902172),0.16729745131364313,6.712047353760446,12.001019216265114,ZFP36,0.41619985488237043
1056,Activation Of Transmembrane Receptor Protein Tyrosine Kinase Activity (GO:0007171),0.16729745131364313,6.712047353760446,12.001019216265114,ANGPT1,0.41619985488237043
1057,Regulation Of Long-Chain Fatty Acid Import Across Plasma Membrane (GO:0010746),0.16729745131364313,6.712047353760446,12.001019216265114,ACSL5,0.41619985488237043
1058,Regulation Of Macrophage Proliferation (GO:0120040),0.16729745131364313,6.712047353760446,12.001019216265114,IL33,0.41619985488237043
1059,Aminophospholipid Transport (GO:0015917),0.16729745131364313,6.712047353760446,12.001019216265114,ATP8A1,0.41619985488237043
1060,Regulation Of Mitotic Spindle Checkpoint (GO:1903504),0.16729745131364313,6.712047353760446,12.001019216265114,DUSP1,0.41619985488237043
1061,Regulation Of Monoatomic Anion Transport (GO:0044070),0.16729745131364313,6.712047353760446,12.001019216265114,CA2,0.41619985488237043
1062,Regulation Of Morphogenesis Of A Branching Structure (GO:0060688),0.16729745131364313,6.712047353760446,12.001019216265114,LRRK2,0.41619985488237043
1063,Autocrine Signaling (GO:0035425),0.16729745131364313,6.712047353760446,12.001019216265114,CX3CR1,0.41619985488237043
1064,Regulation Of Peptidyl-Cysteine S-nitrosylation (GO:2000169),0.16729745131364313,6.712047353760446,12.001019216265114,DMD,0.41619985488237043
1065,Blood Vessel Endothelial Cell Proliferation Involved In Sprouting Angiogenesis (GO:0002043),0.16729745131364313,6.712047353760446,12.001019216265114,SEMA5A,0.41619985488237043
1066,Regulation Of Plasma Membrane Repair (GO:1905684),0.16729745131364313,6.712047353760446,12.001019216265114,S100A10,0.41619985488237043
1067,Regulation Of Protein Autoubiquitination (GO:1902498),0.16729745131364313,6.712047353760446,12.001019216265114,SASH1,0.41619985488237043
1068,Cell Junction Disassembly (GO:0150146),0.16729745131364313,6.712047353760446,12.001019216265114,CX3CR1,0.41619985488237043
1069,Regulation Of Relaxation Of Cardiac Muscle (GO:1901897),0.16729745131364313,6.712047353760446,12.001019216265114,PLN,0.41619985488237043
1070,Cell-Cell Signaling Involved In Cardiac Conduction (GO:0086019),0.16729745131364313,6.712047353760446,12.001019216265114,TBX5,0.41619985488237043
1071,Regulation Of Retinal Ganglion Cell Axon Guidance (GO:0090259),0.16729745131364313,6.712047353760446,12.001019216265114,SLIT2,0.41619985488237043
1072,"Regulation Of Retrograde Transport, Endosome To Golgi (GO:1905279)",0.16729745131364313,6.712047353760446,12.001019216265114,LRRK2,0.41619985488237043
1073,Regulation Of Sarcomere Organization (GO:0060297),0.16729745131364313,6.712047353760446,12.001019216265114,EDN1,0.41619985488237043
1074,Regulation Of Superoxide Metabolic Process (GO:0090322),0.16729745131364313,6.712047353760446,12.001019216265114,FBLN5,0.41619985488237043
1075,Cellular Response To Granulocyte Macrophage Colony-Stimulating Factor Stimulus (GO:0097011),0.16729745131364313,6.712047353760446,12.001019216265114,ZFP36,0.41619985488237043
1076,Cellular Response To Magnesium Ion (GO:0071286),0.16729745131364313,6.712047353760446,12.001019216265114,FBP1,0.41619985488237043
1077,Regulation Of Ventricular Cardiac Muscle Cell Membrane Depolarization (GO:0060373),0.16729745131364313,6.712047353760446,12.001019216265114,GPD1L,0.41619985488237043
1078,Chitin Catabolic Process (GO:0006032),0.16729745131364313,6.712047353760446,12.001019216265114,CHI3L2,0.41619985488237043
1079,Chitin Metabolic Process (GO:0006030),0.16729745131364313,6.712047353760446,12.001019216265114,CHI3L2,0.41619985488237043
1080,Cholesterol Import (GO:0070508),0.16729745131364313,6.712047353760446,12.001019216265114,CD36,0.41619985488237043
1081,Choline Metabolic Process (GO:0019695),0.16729745131364313,6.712047353760446,12.001019216265114,BCHE,0.41619985488237043
1082,Renal System Process Involved In Regulation Of Blood Volume (GO:0001977),0.16729745131364313,6.712047353760446,12.001019216265114,EMP2,0.41619985488237043
1083,Cilium Disassembly (GO:0061523),0.16729745131364313,6.712047353760446,12.001019216265114,NEDD9,0.41619985488237043
1084,Response To Bile Acid (GO:1903412),0.16729745131364313,6.712047353760446,12.001019216265114,FGFR4,0.41619985488237043
1085,Response To Catecholamine (GO:0071869),0.16729745131364313,6.712047353760446,12.001019216265114,NR4A3,0.41619985488237043
1086,Response To Gonadotropin (GO:0034698),0.16729745131364313,6.712047353760446,12.001019216265114,TGFBR3,0.41619985488237043
1087,Response To Granulocyte Macrophage Colony-Stimulating Factor (GO:0097012),0.16729745131364313,6.712047353760446,12.001019216265114,ZFP36,0.41619985488237043
1088,Response To Manganese Ion (GO:0010042),0.16729745131364313,6.712047353760446,12.001019216265114,LRRK2,0.41619985488237043
1089,Dendrite Extension (GO:0097484),0.16729745131364313,6.712047353760446,12.001019216265114,TMEM108,0.41619985488237043
1090,Detection Of Virus (GO:0009597),0.16729745131364313,6.712047353760446,12.001019216265114,TLR3,0.41619985488237043
1091,Enamel Mineralization (GO:0070166),0.16729745131364313,6.712047353760446,12.001019216265114,FAM20A,0.41619985488237043
1092,Telencephalon Cell Migration (GO:0022029),0.16729745131364313,6.712047353760446,12.001019216265114,LRRK2,0.41619985488237043
1093,Forebrain Neuron Differentiation (GO:0021879),0.16729745131364313,6.712047353760446,12.001019216265114,SHANK3,0.41619985488237043
1094,Tight Junction Organization (GO:0120193),0.16729745131364313,6.712047353760446,12.001019216265114,CLDN5,0.41619985488237043
1095,Ventricular Compact Myocardium Morphogenesis (GO:0003223),0.16729745131364313,6.712047353760446,12.001019216265114,TGFBR3,0.41619985488237043
1096,Vocal Learning (GO:0042297),0.16729745131364313,6.712047353760446,12.001019216265114,SHANK3,0.41619985488237043
1097,Histamine Metabolic Process (GO:0001692),0.16729745131364313,6.712047353760446,12.001019216265114,SLC22A3,0.41619985488237043
1098,Xenobiotic Transport Across Blood-Brain Barrier (GO:1990962),0.16729745131364313,6.712047353760446,12.001019216265114,ABCG2,0.41619985488237043
1099,Imitative Learning (GO:0098596),0.16729745131364313,6.712047353760446,12.001019216265114,SHANK3,0.41619985488237043
1100,Induction Of Bacterial Agglutination (GO:0043152),0.16729745131364313,6.712047353760446,12.001019216265114,SFTPD,0.41619985488237043
1101,Intracellular Phosphate Ion Homeostasis (GO:0030643),0.16729745131364313,6.712047353760446,12.001019216265114,SLC34A2,0.41619985488237043
1102,Intracellular Water Homeostasis (GO:0009992),0.16729745131364313,6.712047353760446,12.001019216265114,AQP4,0.41619985488237043
1103,Leukocyte Apoptotic Process (GO:0071887),0.16729745131364313,6.712047353760446,12.001019216265114,IL6,0.41619985488237043
1104,Lipoprotein Metabolic Process (GO:0042157),0.16729745131364313,6.712047353760446,12.001019216265114,OLR1,0.41619985488237043
1105,Mesenchymal Cell Differentiation Involved In Kidney Development (GO:0072161),0.16729745131364313,6.712047353760446,12.001019216265114,TCF21,0.41619985488237043
1106,Mesodermal Cell Fate Commitment (GO:0001710),0.16729745131364313,6.712047353760446,12.001019216265114,KLF4,0.41619985488237043
1107,Negative Regulation Of PERK-mediated Unfolded Protein Response (GO:1903898),0.16729745131364313,6.712047353760446,12.001019216265114,PPP1R15A,0.41619985488237043
1108,Negative Regulation Of Actin Filament Depolymerization (GO:0030835),0.16729745131364313,6.712047353760446,12.001019216265114,PLEKHH2,0.41619985488237043
1109,Negative Regulation Of Amyloid Precursor Protein Biosynthetic Process (GO:0042985),0.16729745131364313,6.712047353760446,12.001019216265114,ITM2A,0.41619985488237043
1110,Negative Regulation Of Calcium Ion Import (GO:0090281),0.16729745131364313,6.712047353760446,12.001019216265114,PLN,0.41619985488237043
1111,Negative Regulation Of Cardiac Muscle Tissue Growth (GO:0055022),0.16729745131364313,6.712047353760446,12.001019216265114,TBX5,0.41619985488237043
1112,Negative Regulation Of Chemokine-Mediated Signaling Pathway (GO:0070100),0.16729745131364313,6.712047353760446,12.001019216265114,SLIT2,0.41619985488237043
1113,Negative Regulation Of Erythrocyte Differentiation (GO:0045647),0.16729745131364313,6.712047353760446,12.001019216265114,ZFP36,0.41619985488237043
1114,Negative Regulation Of Excitatory Postsynaptic Potential (GO:0090394),0.16729745131364313,6.712047353760446,12.001019216265114,LRRK2,0.41619985488237043
1115,Negative Regulation Of Insulin-Like Growth Factor Receptor Signaling Pathway (GO:0043569),0.16729745131364313,6.712047353760446,12.001019216265114,BMP5,0.41619985488237043
1116,Negative Regulation Of Lamellipodium Organization (GO:1902744),0.16729745131364313,6.712047353760446,12.001019216265114,SLIT2,0.41619985488237043
1117,Negative Regulation Of Mast Cell Activation (GO:0033004),0.16729745131364313,6.712047353760446,12.001019216265114,CD300LF,0.41619985488237043
1118,Negative Regulation Of Meiotic Cell Cycle (GO:0051447),0.16729745131364313,6.712047353760446,12.001019216265114,DUSP1,0.41619985488237043
1119,Negative Regulation Of Morphogenesis Of An Epithelium (GO:1905331),0.16729745131364313,6.712047353760446,12.001019216265114,TBX2,0.41619985488237043
1120,Negative Regulation Of Myeloid Leukocyte Mediated Immunity (GO:0002887),0.16729745131364313,6.712047353760446,12.001019216265114,CX3CR1,0.41619985488237043
1121,Negative Regulation Of Nervous System Process (GO:0031645),0.16729745131364313,6.712047353760446,12.001019216265114,JAM2,0.41619985488237043
1122,Negative Regulation Of Protein Kinase Activity By Regulation Of Protein Phosphorylation (GO:0044387),0.16729745131364313,6.712047353760446,12.001019216265114,ADARB1,0.41619985488237043
1123,Negative Regulation Of Sequestering Of Triglyceride (GO:0010891),0.16729745131364313,6.712047353760446,12.001019216265114,PPARG,0.41619985488237043
1124,Negative Regulation Of Transcription From RNA Polymerase II Promoter In Response To Stress (GO:0097201),0.16729745131364313,6.712047353760446,12.001019216265114,CITED2,0.41619985488237043
1125,Neurotransmitter-Gated Ion Channel Clustering (GO:0072578),0.16729745131364313,6.712047353760446,12.001019216265114,SHANK3,0.41619985488237043
1126,"Pentose-Phosphate Shunt, Non-Oxidative Branch (GO:0009052)",0.16729745131364313,6.712047353760446,12.001019216265114,PHACTR1,0.41619985488237043
1127,Pericardium Morphogenesis (GO:0003344),0.16729745131364313,6.712047353760446,12.001019216265114,FLRT3,0.41619985488237043
1128,Podocyte Cell Migration (GO:0090521),0.16729745131364313,6.712047353760446,12.001019216265114,KANK2,0.41619985488237043
1129,Polyamine Transport (GO:0015846),0.16729745131364313,6.712047353760446,12.001019216265114,SLC22A3,0.41619985488237043
1130,Positive Regulation Of I-kappaB Phosphorylation (GO:1903721),0.16729745131364313,6.712047353760446,12.001019216265114,CX3CR1,0.41619985488237043
1131,Positive Regulation Of Antigen Processing And Presentation (GO:0002579),0.16729745131364313,6.712047353760446,12.001019216265114,SLC11A1,0.41619985488237043
1132,Positive Regulation Of Cardiac Muscle Cell Differentiation (GO:2000727),0.16729745131364313,6.712047353760446,12.001019216265114,MYOCD,0.41619985488237043
1133,Positive Regulation Of Cholesterol Storage (GO:0010886),0.16729745131364313,6.712047353760446,12.001019216265114,MSR1,0.41619985488237043
1134,Positive Regulation Of Dendritic Cell Antigen Processing And Presentation (GO:0002606),0.16729745131364313,6.712047353760446,12.001019216265114,SLC11A1,0.41619985488237043
1135,Positive Regulation Of Extrinsic Apoptotic Signaling Pathway Via Death Domain Receptors (GO:1902043),0.16729745131364313,6.712047353760446,12.001019216265114,TIMP3,0.41619985488237043
1136,Positive Regulation Of Fever Generation (GO:0031622),0.16729745131364313,6.712047353760446,12.001019216265114,PTGS2,0.41619985488237043
1137,Positive Regulation Of Hemoglobin Biosynthetic Process (GO:0046985),0.16729745131364313,6.712047353760446,12.001019216265114,KLF4,0.41619985488237043
1138,Positive Regulation Of Lipoprotein Particle Clearance (GO:0010986),0.16729745131364313,6.712047353760446,12.001019216265114,GPIHBP1,0.41619985488237043
1139,Positive Regulation Of Protein Catabolic Process In The Vacuole (GO:1904352),0.16729745131364313,6.712047353760446,12.001019216265114,RNF128,0.41619985488237043
1140,Positive Regulation Of Transcription Of Notch Receptor Target (GO:0007221),0.16729745131364313,6.712047353760446,12.001019216265114,NOTCH4,0.41619985488237043
1141,Positive Regulation Of Urine Volume (GO:0035810),0.16729745131364313,6.712047353760446,12.001019216265114,NPR1,0.41619985488237043
1142,Postsynaptic Density Assembly (GO:0097107),0.16729745131364313,6.712047353760446,12.001019216265114,SHANK3,0.41619985488237043
1143,Protection From Natural Killer Cell Mediated Cytotoxicity (GO:0042270),0.16729745131364313,6.712047353760446,12.001019216265114,HLA-E,0.41619985488237043
1144,Protein Localization To Membrane Raft (GO:1903044),0.16729745131364313,6.712047353760446,12.001019216265114,MYADM,0.41619985488237043
1145,Protein Repair (GO:0030091),0.16729745131364313,6.712047353760446,12.001019216265114,MSRB3,0.41619985488237043
1146,Regulation Of Apoptotic DNA Fragmentation (GO:1902510),0.16729745131364313,6.712047353760446,12.001019216265114,IL6,0.41619985488237043
1147,Axon Guidance (GO:0007411),0.16881398163734487,1.527366310560493,2.7171203195301223,SEMA5A;ROBO2;ROBO4;ANOS1;SEMA3G;PTPRM;NEXN;SLIT2,0.41924844877601636
1148,Regulation Of Extrinsic Apoptotic Signaling Pathway (GO:2001236),0.16896403635343488,1.9205794205794207,3.4149234775423647,CAV1;G0S2;AGTR2;CFLAR,0.41924844877601636
1149,Response To Retinoic Acid (GO:0032526),0.16896403635343488,1.9205794205794207,3.4149234775423647,ALDH1A2;GATA6;CTSH;AQP1,0.41924844877601636
1150,Positive Regulation Of Kinase Activity (GO:0033674),0.17161385911668758,1.6472221427140281,2.9032427497161746,RAP1A;LRRK2;TIE1;ROR1;TEK;FGFR4,0.4232573942523503
1151,Sodium Ion Transmembrane Transport (GO:0035725),0.17246254870965078,1.7465167885335953,3.069634550268048,SCNN1B;SLC6A14;SLC4A4;SCN4B;SLC6A4,0.4232573942523503
1152,Notch Signaling Pathway (GO:0007219),0.1730250876455256,2.179223916654084,3.8230532242483393,BMP2;NOTCH4;SORBS2,0.4232573942523503
1153,Retinoid Metabolic Process (GO:0001523),0.1730250876455256,2.179223916654084,3.8230532242483393,SDR16C5;ADH1B;ALDH1A2,0.4232573942523503
1154,Negative Regulation Of Protein Localization (GO:1903828),0.1730250876455256,2.179223916654084,3.8230532242483393,LEPROT;NEDD4L;GPM6B,0.4232573942523503
1155,Positive Regulation Of Cell Cycle G1/S Phase Transition (GO:1902808),0.1730250876455256,2.179223916654084,3.8230532242483393,RGCC;ADAMTS1;HYAL1,0.4232573942523503
1156,Regulation Of Lipid Storage (GO:0010883),0.17340043370282188,2.827864640681201,4.9548478756283805,IL6;PPARG,0.4232573942523503
1157,Regulation Of Transferase Activity (GO:0051338),0.17340043370282188,2.827864640681201,4.9548478756283805,EMP2;LDB2,0.4232573942523503
1158,Cellular Response To Nerve Growth Factor Stimulus (GO:1990090),0.17340043370282188,2.827864640681201,4.9548478756283805,RAP1A;TMEM108,0.4232573942523503
1159,Chaperone-Mediated Protein Complex Assembly (GO:0051131),0.17340043370282188,2.827864640681201,4.9548478756283805,CLU;HOPX,0.4232573942523503
1160,Macrophage Differentiation (GO:0030225),0.17340043370282188,2.827864640681201,4.9548478756283805,IL33;IL1RL1,0.4232573942523503
1161,Negative Regulation Of Osteoclast Differentiation (GO:0045671),0.17340043370282188,2.827864640681201,4.9548478756283805,TMEM178A;TLR3,0.4232573942523503
1162,Positive Regulation Of T Cell Cytokine Production (GO:0002726),0.17340043370282188,2.827864640681201,4.9548478756283805,IL6;CD55,0.4232573942523503
1163,Positive Regulation Of Blood Coagulation (GO:0030194),0.17340043370282188,2.827864640681201,4.9548478756283805,THBD;APOH,0.4232573942523503
1164,Positive Regulation Of Interferon-Alpha Production (GO:0032727),0.17340043370282188,2.827864640681201,4.9548478756283805,TLR8;TLR3,0.4232573942523503
1165,Positive Regulation Of Natural Killer Cell Mediated Cytotoxicity (GO:0045954),0.17340043370282188,2.827864640681201,4.9548478756283805,CADM1;HLA-E,0.4232573942523503
1166,Regulation Of Anoikis (GO:2000209),0.17340043370282188,2.827864640681201,4.9548478756283805,CAV1;PDK4,0.4232573942523503
1167,Regulation Of Cardiac Conduction (GO:1903779),0.17340043370282188,2.827864640681201,4.9548478756283805,ANK2;TBX5,0.4232573942523503
1168,Regulation Of Cell-Substrate Junction Assembly (GO:0090109),0.17340043370282188,2.827864640681201,4.9548478756283805,LIMCH1;GPM6B,0.4232573942523503
1169,Negative Regulation Of Autophagy (GO:0010507),0.17605839778396917,1.8867868973132131,3.2772347530228476,LRRK2;HGF;LEPR;RASIP1,0.4293776664517503
1170,Cellular Response To Organonitrogen Compound (GO:0071417),0.17690918306127476,1.6304985337243403,2.82421711167783,RAP1A;SLIT2;CLU;FOLR1;CFTR;AQP1,0.43108382983563615
1171,Phospholipase C-activating G Protein-Coupled Receptor Signaling Pathway (GO:0007200),0.17850587538814913,1.7240357681534153,2.970744240663363,CX3CR1;GNAQ;C5AR1;CXCR2;AGTR1,0.4342322958460863
1172,Regulation Of NIK/NF-kappaB Signaling (GO:1901222),0.17850587538814913,1.7240357681534153,2.970744240663363,RTKN2;AGER;TLR3;SASH1;NR3C2,0.4342322958460863
1173,Acylglycerol Metabolic Process (GO:0006639),0.1820435535809444,2.121765657159659,3.614447561525181,APOH;CAV1;MGLL,0.441560012054011
1174,Positive Regulation Of Actin Filament Polymerization (GO:0030838),0.1820435535809444,2.121765657159659,3.614447561525181,CSF3;PRKCE;LMOD1,0.441560012054011
1175,Positive Regulation Of Response To Biotic Stimulus (GO:0002833),0.1820435535809444,2.121765657159659,3.614447561525181,MMRN2;TLR8;SASH1,0.441560012054011
1176,Positive Regulation Of Apoptotic Signaling Pathway (GO:2001235),0.18325215130955344,1.8541596334699784,3.146309016868696,CAV1;CTSH;G0S2;AGTR2,0.441560012054011
1177,Regulation Of Cellular Component Organization (GO:0051128),0.18639544346268655,1.484921674184005,2.494497382279106,SOCS2;RAP1A;RUFY2;FAM107A;AGTR1;WFDC1;IRAK3;CD36,0.441560012054011
1178,Regulation Of Neural Precursor Cell Proliferation (GO:2000177),0.1864543246500465,2.686331938633194,4.511879788566409,LRRK2;GATA2,0.441560012054011
1179,Dendritic Cell Differentiation (GO:0097028),0.1864543246500465,2.686331938633194,4.511879788566409,CLU;TGFBR2,0.441560012054011
1180,Mammary Gland Development (GO:0030879),0.1864543246500465,2.686331938633194,4.511879788566409,CAV1;NOTCH4,0.441560012054011
1181,"Positive Regulation Of Synaptic Transmission, Glutamatergic (GO:0051968)",0.1864543246500465,2.686331938633194,4.511879788566409,CCL2;SHANK3,0.441560012054011
1182,Regulation Of Cardiac Muscle Cell Membrane Repolarization (GO:0099623),0.1864543246500465,2.686331938633194,4.511879788566409,ANK2;SCN4B,0.441560012054011
1183,Positive Regulation Of Peptidyl-Tyrosine Phosphorylation (GO:0050731),0.18787071504004443,1.53130994793094,2.5603521297341163,CSF3;IL6;ACE;ANGPT1;HGF;PECAM1;NEDD9,0.441560012054011
1184,Macromolecule Catabolic Process (GO:0009057),0.19082492657849026,1.6807598039215685,2.784008666943411,EXOSC7;SNX25;CAPN3;DENND3;DNASE1L3,0.441560012054011
1185,Regulation Of Osteoclast Differentiation (GO:0045670),0.19118439003153836,2.067253975075204,3.42030668753862,TMEM178A;NEDD9;TLR3,0.441560012054011
1186,Stress-Activated MAPK Cascade (GO:0051403),0.19118439003153836,2.067253975075204,3.42030668753862,ZFP36;LRRK2;SH2D3C,0.441560012054011
1187,Organic Hydroxy Compound Biosynthetic Process (GO:1901617),0.19118439003153836,2.067253975075204,3.42030668753862,CH25H;FAXDC2;ALOX15B,0.441560012054011
1188,Synapse Organization (GO:0050808),0.19281579226183904,1.5188813881841248,2.500109127524227,CX3CR1;GPM6A;FLRT3;LRRK2;SPOCK2;C5AR1;SHANK3,0.441560012054011
1189,Regulation Of Cellular Response To Insulin Stimulus (GO:1900076),0.19724055233382934,5.369359331476323,8.716248619776026,PPARG,0.441560012054011
1190,AV Node Cell Action Potential (GO:0086016),0.19724055233382934,5.369359331476323,8.716248619776026,SCN4B,0.441560012054011
1191,Regulation Of Collagen Fibril Organization (GO:1904026),0.19724055233382934,5.369359331476323,8.716248619776026,TNXB,0.441560012054011
1192,Regulation Of Cortisol Biosynthetic Process (GO:2000064),0.19724055233382934,5.369359331476323,8.716248619776026,BMP5,0.441560012054011
1193,Regulation Of Glucocorticoid Receptor Signaling Pathway (GO:2000322),0.19724055233382934,5.369359331476323,8.716248619776026,LMO3,0.441560012054011
1194,Regulation Of Hemoglobin Biosynthetic Process (GO:0046984),0.19724055233382934,5.369359331476323,8.716248619776026,KLF4,0.441560012054011
1195,Actin Filament Reorganization (GO:0090527),0.19724055233382934,5.369359331476323,8.716248619776026,NEDD9,0.441560012054011
1196,Adenosine To Inosine Editing (GO:0006382),0.19724055233382934,5.369359331476323,8.716248619776026,ADARB1,0.441560012054011
1197,Regulation Of Microglial Cell Migration (GO:1904139),0.19724055233382934,5.369359331476323,8.716248619776026,CX3CR1,0.441560012054011
1198,Regulation Of Natural Killer Cell Cytokine Production (GO:0002727),0.19724055233382934,5.369359331476323,8.716248619776026,HLA-E,0.441560012054011
1199,Axon Extension Involved In Axon Guidance (GO:0048846),0.19724055233382934,5.369359331476323,8.716248619776026,SLIT2,0.441560012054011
1200,Regulation Of Osteoclast Development (GO:2001204),0.19724055233382934,5.369359331476323,8.716248619776026,TYROBP,0.441560012054011
1201,Regulation Of Prostaglandin Biosynthetic Process (GO:0031392),0.19724055233382934,5.369359331476323,8.716248619776026,PTGS2,0.441560012054011
1202,Cardiac Pacemaker Cell Development (GO:0060926),0.19724055233382934,5.369359331476323,8.716248619776026,TBX5,0.441560012054011
1203,Catecholamine Uptake (GO:0090493),0.19724055233382934,5.369359331476323,8.716248619776026,SLC22A3,0.441560012054011
1204,Regulation Of Relaxation Of Muscle (GO:1901077),0.19724055233382934,5.369359331476323,8.716248619776026,PLN,0.441560012054011
1205,Cellular Hyperosmotic Response (GO:0071474),0.19724055233382934,5.369359331476323,8.716248619776026,AQP1,0.441560012054011
1206,Regulation Of Skeletal Muscle Contraction (GO:0014819),0.19724055233382934,5.369359331476323,8.716248619776026,DMD,0.441560012054011
1207,Cellular Response To Bacterial Lipopeptide (GO:0071221),0.19724055233382934,5.369359331476323,8.716248619776026,CD36,0.441560012054011
1208,Regulation Of Smooth Muscle Cell Differentiation (GO:0051150),0.19724055233382934,5.369359331476323,8.716248619776026,MYOCD,0.441560012054011
1209,Cellular Response To Hepatocyte Growth Factor Stimulus (GO:0035729),0.19724055233382934,5.369359331476323,8.716248619776026,HGF,0.441560012054011
1210,Cellular Response To Monoamine Stimulus (GO:0071868),0.19724055233382934,5.369359331476323,8.716248619776026,NR4A3,0.441560012054011
1211,Regulation Of Transforming Growth Factor Beta2 Production (GO:0032909),0.19724055233382934,5.369359331476323,8.716248619776026,GATA6,0.441560012054011
1212,Regulation Of Vascular Associated Smooth Muscle Cell Apoptotic Process (GO:1905459),0.19724055233382934,5.369359331476323,8.716248619776026,PPARG,0.441560012054011
1213,Regulation Of Vitamin D Receptor Signaling Pathway (GO:0070562),0.19724055233382934,5.369359331476323,8.716248619776026,KANK2,0.441560012054011
1214,Copper Ion Import (GO:0015677),0.19724055233382934,5.369359331476323,8.716248619776026,STEAP4,0.441560012054011
1215,Response To Hepatocyte Growth Factor (GO:0035728),0.19724055233382934,5.369359331476323,8.716248619776026,HGF,0.441560012054011
1216,Dendrite Arborization (GO:0140059),0.19724055233382934,5.369359331476323,8.716248619776026,PHACTR1,0.441560012054011
1217,Synaptic Signaling (GO:0099536),0.19724055233382934,5.369359331476323,8.716248619776026,DPYSL2,0.441560012054011
1218,Forebrain Neuron Development (GO:0021884),0.19724055233382934,5.369359331476323,8.716248619776026,CCL14,0.441560012054011
1219,Glandular Epithelial Cell Development (GO:0002068),0.19724055233382934,5.369359331476323,8.716248619776026,BMP5,0.441560012054011
1220,Glutathione Biosynthetic Process (GO:0006750),0.19724055233382934,5.369359331476323,8.716248619776026,GGT1,0.441560012054011
1221,Glycerol-3-Phosphate Metabolic Process (GO:0006072),0.19724055233382934,5.369359331476323,8.716248619776026,GPD1,0.441560012054011
1222,Type B Pancreatic Cell Development (GO:0003323),0.19724055233382934,5.369359331476323,8.716248619776026,BMP5,0.441560012054011
1223,Ureter Development (GO:0072189),0.19724055233382934,5.369359331476323,8.716248619776026,SOX17,0.441560012054011
1224,Vascular Associated Smooth Muscle Cell Development (GO:0097084),0.19724055233382934,5.369359331476323,8.716248619776026,RAMP2,0.441560012054011
1225,Vascular Associated Smooth Muscle Contraction (GO:0014829),0.19724055233382934,5.369359331476323,8.716248619776026,EDNRB,0.441560012054011
1226,Hepatocyte Growth Factor Receptor Signaling Pathway (GO:0048012),0.19724055233382934,5.369359331476323,8.716248619776026,HGF,0.441560012054011
1227,White Fat Cell Differentiation (GO:0050872),0.19724055233382934,5.369359331476323,8.716248619776026,PPARG,0.441560012054011
1228,Host-Mediated Regulation Of Intestinal Microbiota Composition (GO:0048874),0.19724055233382934,5.369359331476323,8.716248619776026,CX3CR1,0.441560012054011
1229,Hyaluronan Biosynthetic Process (GO:0030213),0.19724055233382934,5.369359331476323,8.716248619776026,HYAL1,0.441560012054011
1230,Keratinocyte Proliferation (GO:0043616),0.19724055233382934,5.369359331476323,8.716248619776026,SDR16C5,0.441560012054011
1231,Lymphocyte Migration Into Lymphoid Organs (GO:0097021),0.19724055233382934,5.369359331476323,8.716248619776026,NEDD9,0.441560012054011
1232,Macrophage Derived Foam Cell Differentiation (GO:0010742),0.19724055233382934,5.369359331476323,8.716248619776026,PPARG,0.441560012054011
1233,Membrane Biogenesis (GO:0044091),0.19724055233382934,5.369359331476323,8.716248619776026,SPTBN1,0.441560012054011
1234,Mitotic Nuclear Membrane Disassembly (GO:0007077),0.19724055233382934,5.369359331476323,8.716248619776026,PRKCB,0.441560012054011
1235,Monoacylglycerol Catabolic Process (GO:0052651),0.19724055233382934,5.369359331476323,8.716248619776026,MGLL,0.441560012054011
1236,Negative Regulation Of Blood Vessel Endothelial Cell Proliferation Involved In Sprouting Angiogenesis (GO:1903588),0.19724055233382934,5.369359331476323,8.716248619776026,MMRN2,0.441560012054011
1237,Negative Regulation Of Establishment Of Protein Localization To Mitochondrion (GO:1903748),0.19724055233382934,5.369359331476323,8.716248619776026,LRRK2,0.441560012054011
1238,Negative Regulation Of Heart Rate (GO:0010459),0.19724055233382934,5.369359331476323,8.716248619776026,PLN,0.441560012054011
1239,Negative Regulation Of Membrane Protein Ectodomain Proteolysis (GO:0051045),0.19724055233382934,5.369359331476323,8.716248619776026,TIMP3,0.441560012054011
1240,Negative Regulation Of miRNA Processing (GO:1903799),0.19724055233382934,5.369359331476323,8.716248619776026,IL6,0.441560012054011
1241,Negative Regulation Of p38MAPK Cascade (GO:1903753),0.19724055233382934,5.369359331476323,8.716248619776026,DUSP1,0.441560012054011
1242,Negative Regulation Of Response To Reactive Oxygen Species (GO:1901032),0.19724055233382934,5.369359331476323,8.716248619776026,LRRK2,0.441560012054011
1243,Negative Regulation Of Response To Type II Interferon (GO:0060331),0.19724055233382934,5.369359331476323,8.716248619776026,PPARG,0.441560012054011
1244,Negative Regulation Of Type II Interferon-Mediated Signaling Pathway (GO:0060336),0.19724055233382934,5.369359331476323,8.716248619776026,PPARG,0.441560012054011
1245,Neuron Projection Extension Involved In Neuron Projection Guidance (GO:1902284),0.19724055233382934,5.369359331476323,8.716248619776026,SLIT2,0.441560012054011
1246,Norepinephrine Transport (GO:0015874),0.19724055233382934,5.369359331476323,8.716248619776026,SLC22A3,0.441560012054011
1247,Nuclear Polyadenylation-Dependent ncRNA Catabolic Process (GO:0071046),0.19724055233382934,5.369359331476323,8.716248619776026,EXOSC7,0.441560012054011
1248,Nuclear Polyadenylation-Dependent rRNA Catabolic Process (GO:0071035),0.19724055233382934,5.369359331476323,8.716248619776026,EXOSC7,0.441560012054011
1249,Nuclear Polyadenylation-Dependent tRNA Catabolic Process (GO:0071038),0.19724055233382934,5.369359331476323,8.716248619776026,EXOSC7,0.441560012054011
1250,"Nuclear-Transcribed mRNA Catabolic Process, Deadenylation-Independent Decay (GO:0031086)",0.19724055233382934,5.369359331476323,8.716248619776026,ZFP36,0.441560012054011
1251,Nucleobase Catabolic Process (GO:0046113),0.19724055233382934,5.369359331476323,8.716248619776026,DPYSL2,0.441560012054011
1252,Pharyngeal Arch Artery Morphogenesis (GO:0061626),0.19724055233382934,5.369359331476323,8.716248619776026,FOLR1,0.441560012054011
1253,Phospholipase C-activating Dopamine Receptor Signaling Pathway (GO:0060158),0.19724055233382934,5.369359331476323,8.716248619776026,GNAQ,0.441560012054011
1254,Positive Regulation Of B Cell Receptor Signaling Pathway (GO:0050861),0.19724055233382934,5.369359331476323,8.716248619776026,PRKCB,0.441560012054011
1255,Positive Regulation Of ER-associated Ubiquitin-Dependent Protein Catabolic Process (GO:1903071),0.19724055233382934,5.369359331476323,8.716248619776026,CAV1,0.441560012054011
1256,Positive Regulation Of T-helper 17 Cell Differentiation (GO:2000321),0.19724055233382934,5.369359331476323,8.716248619776026,NFKBIZ,0.441560012054011
1257,Positive Regulation Of Gliogenesis (GO:0014015),0.19724055233382934,5.369359331476323,8.716248619776026,IL6,0.441560012054011
1258,Positive Regulation Of Lipopolysaccharide-Mediated Signaling Pathway (GO:0031666),0.19724055233382934,5.369359331476323,8.716248619776026,SASH1,0.441560012054011
1259,Positive Regulation Of Mast Cell Activation (GO:0033005),0.19724055233382934,5.369359331476323,8.716248619776026,NR4A3,0.441560012054011
1260,Positive Regulation Of Membrane Depolarization (GO:1904181),0.19724055233382934,5.369359331476323,8.716248619776026,DCN,0.441560012054011
1261,Positive Regulation Of Natural Killer Cell Cytokine Production (GO:0002729),0.19724055233382934,5.369359331476323,8.716248619776026,HLA-E,0.441560012054011
1262,Positive Regulation Of Steroid Metabolic Process (GO:0045940),0.19724055233382934,5.369359331476323,8.716248619776026,CES1,0.441560012054011
1263,Positive Regulation Of Unsaturated Fatty Acid Biosynthetic Process (GO:2001280),0.19724055233382934,5.369359331476323,8.716248619776026,PTGS2,0.441560012054011
1264,Protein Localization To Endoplasmic Reticulum Exit Site (GO:0070973),0.19724055233382934,5.369359331476323,8.716248619776026,LRRK2,0.441560012054011
1265,Receptor-Mediated Virion Attachment To Host Cell (GO:0046813),0.19724055233382934,5.369359331476323,8.716248619776026,ICAM1,0.441560012054011
1266,Regulation Of I-kappaB Phosphorylation (GO:1903719),0.19724055233382934,5.369359331476323,8.716248619776026,CX3CR1,0.441560012054011
1267,Regulation Of NAD(P)H Oxidase Activity (GO:0033860),0.19724055233382934,5.369359331476323,8.716248619776026,AGTR1,0.441560012054011
1268,Regulation Of Rab Protein Signal Transduction (GO:0032483),0.19724055233382934,5.369359331476323,8.716248619776026,DENND3,0.441560012054011
1269,Regulation Of T Cell Tolerance Induction (GO:0002664),0.19724055233382934,5.369359331476323,8.716248619776026,TGFBR2,0.441560012054011
1270,Regulation Of Aldosterone Biosynthetic Process (GO:0032347),0.19724055233382934,5.369359331476323,8.716248619776026,BMP5,0.441560012054011
1271,Regulation Of Atrial Cardiac Muscle Cell Membrane Depolarization (GO:0060371),0.19724055233382934,5.369359331476323,8.716248619776026,TBX5,0.441560012054011
1272,Regulation Of Cardiac Muscle Hypertrophy In Response To Stress (GO:1903242),0.19724055233382934,5.369359331476323,8.716248619776026,PPARG,0.441560012054011
1273,Response To Metal Ion (GO:0010038),0.1979190072781416,1.7921678321678323,2.9031279868239594,CAV1;FGG;CAPN3;CRIP1,0.441560012054011
1274,Protein Localization (GO:0008104),0.1982395877077173,1.2871743699709135,2.0830071761474183,FCN1;ANGPT1;CCDC68;CAV1;LRRK2;SHROOM3;ANK2;EMP2;DNAJC15;STX11;FBLN5;CAPN3;MAL;DMD;ESAM;GPIHBP1,0.441560012054011
1275,Negative Regulation Of Developmental Process (GO:0051093),0.19872776492483943,1.5668514004820326,2.5317488996842674,BMP2;ARHGEF15;NOTCH4;PPARG;HOPX;TBX2,0.441560012054011
1276,Positive Regulation Of Cysteine-Type Endopeptidase Activity Involved In Apoptotic Process (GO:0043280),0.19872776492483943,1.5668514004820326,2.5317488996842674,DAPK1;COL4A3;PPARG;NLRC4;IFT57;SOX7,0.441560012054011
1277,Regulation Of Cellular Response To Transforming Growth Factor Beta Stimulus (GO:1903844),0.19963902333834452,2.55827854154214,4.1220120415116615,PPARG;FOLR1,0.441560012054011
1278,Regulation Of Cholesterol Metabolic Process (GO:0090181),0.19963902333834452,2.55827854154214,4.1220120415116615,ACADL;CES1,0.441560012054011
1279,Regulation Of Extracellular Matrix Organization (GO:1903053),0.19963902333834452,2.55827854154214,4.1220120415116615,TIE1;FGFR4,0.441560012054011
1280,Axon Extension (GO:0048675),0.19963902333834452,2.55827854154214,4.1220120415116615,SEMA5A;SLIT2,0.441560012054011
1281,Cellular Response To Interleukin-6 (GO:0071354),0.19963902333834452,2.55827854154214,4.1220120415116615,IL6;PID1,0.441560012054011
1282,Glial Cell Development (GO:0021782),0.19963902333834452,2.55827854154214,4.1220120415116615,MYRF;TPPP,0.441560012054011
1283,Immune Response-Activating Cell Surface Receptor Signaling Pathway (GO:0002429),0.19963902333834452,2.55827854154214,4.1220120415116615,C5AR1;LILRA2,0.441560012054011
1284,Long-Chain fatty-acyl-CoA Metabolic Process (GO:0035336),0.19963902333834452,2.55827854154214,4.1220120415116615,ACSL5;FAR2,0.441560012054011
1285,Negative Regulation Of Epidermal Growth Factor Receptor Signaling Pathway (GO:0042059),0.19963902333834452,2.55827854154214,4.1220120415116615,GPRC5A;ITGA1,0.441560012054011
1286,Positive Regulation Of Cell-Substrate Junction Organization (GO:0150117),0.19963902333834452,2.55827854154214,4.1220120415116615,TEK;S100A10,0.441560012054011
1287,Positive Regulation Of Oxidoreductase Activity (GO:0051353),0.19963902333834452,2.55827854154214,4.1220120415116615,EDN1;AGTR1,0.441560012054011
1288,Regulation Of Axon Extension Involved In Axon Guidance (GO:0048841),0.19963902333834452,2.55827854154214,4.1220120415116615,SEMA5A;SEMA3G,0.441560012054011
1289,Regulation Of Cardiac Muscle Hypertrophy (GO:0010611),0.19963902333834452,2.55827854154214,4.1220120415116615,EDN1;NR4A3,0.441560012054011
1290,Regulation Of Filopodium Assembly (GO:0051489),0.20043794151908959,2.015467877094972,3.2393619522309836,ARHGAP44;GPM6A;CLU,0.44195558489630654
1291,Regulation Of Primary Metabolic Process (GO:0080090),0.20043794151908959,2.015467877094972,3.2393619522309836,ADGRF5;PPARG;FGFR4,0.44195558489630654
1292,mRNA Transcription (GO:0009299),0.20043794151908959,2.015467877094972,3.2393619522309836,C5AR1;PPARG;S100A10,0.44195558489630654
1293,Negative Regulation Of BMP Signaling Pathway (GO:0030514),0.20043794151908959,2.015467877094972,3.2393619522309836,PPARG;SMAD6;CHRDL1,0.44195558489630654
1294,Canonical Wnt Signaling Pathway (GO:0060070),0.205382652846295,1.7626963200733692,2.7901375276296303,CCL14;NR4A2;LRRK2;CAV1,0.45181014140801473
1295,Fatty Acid Biosynthetic Process (GO:0006633),0.205382652846295,1.7626963200733692,2.7901375276296303,PLA2G1B;ALOX5;ACACB;HACD4,0.45181014140801473
1296,Regulation Of Cell-Matrix Adhesion (GO:0001952),0.205382652846295,1.7626963200733692,2.7901375276296303,LIMCH1;EMP2;CD36;GPM6B,0.45181014140801473
1297,Regulation Of Viral Entry Into Host Cell (GO:0046596),0.20979470052156535,1.966207930235727,3.0704811165821857,FCN1;FCN3;TMPRSS2,0.45724633648973323
1298,Negative Regulation Of Immune System Process (GO:0002683),0.20979470052156535,1.966207930235727,3.0704811165821857,IRAK3;ADTRP;LILRA2,0.45724633648973323
1299,Positive Regulation Of Osteoblast Differentiation (GO:0045669),0.20979470052156535,1.966207930235727,3.0704811165821857,IL6;HGF;NPNT,0.45724633648973323
1300,Negative Regulation Of Protein Kinase Activity (GO:0006469),0.2098430445377429,1.6197563362694476,2.529080148738042,PTPRB;CAMK2N1;CAV1;GNAQ;ADARB1,0.45724633648973323
1301,Negative Regulation Of Intracellular Signal Transduction (GO:1902532),0.21101840190897841,1.3461158192090394,2.094300367165051,DUSP1;VEPH1;CAV1;RTKN2;WWC2;MYADM;PPARG;SLC39A8;SLIT2;GPD1L;CGNL1,0.45724633648973323
1302,Negative Regulation Of Endopeptidase Activity (GO:0010951),0.21292679445597282,1.7341755019174374,2.682434563411761,SERPINA1;SPOCK2;TIMP3;RECK,0.45724633648973323
1303,Fc-gamma Receptor Signaling Pathway (GO:0038094),0.21292830160166526,2.4418663623684544,3.7770783573218054,FGR;PRKCE,0.45724633648973323
1304,Acylglycerol Catabolic Process (GO:0046464),0.21292830160166526,2.4418663623684544,3.7770783573218054,MGLL;GPIHBP1,0.45724633648973323
1305,Regulation Of Neuroblast Proliferation (GO:1902692),0.21292830160166526,2.4418663623684544,3.7770783573218054,CX3CR1;LRRK2,0.45724633648973323
1306,Regulation Of Ryanodine-Sensitive Calcium-Release Channel Activity (GO:0060314),0.21292830160166526,2.4418663623684544,3.7770783573218054,DMD;CLIC2,0.45724633648973323
1307,Response To Copper Ion (GO:0046688),0.21292830160166526,2.4418663623684544,3.7770783573218054,MT1M;AQP1,0.45724633648973323
1308,Response To Purine-Containing Compound (GO:0014074),0.21292830160166526,2.4418663623684544,3.7770783573218054,DUOX1;CLU,0.45724633648973323
1309,Dicarboxylic Acid Transport (GO:0006835),0.21292830160166526,2.4418663623684544,3.7770783573218054,SLC1A1;FOLR1,0.45724633648973323
1310,Iron Ion Transport (GO:0006826),0.21292830160166526,2.4418663623684544,3.7770783573218054,SCARA5;SLC11A1,0.45724633648973323
1311,Mononuclear Cell Differentiation (GO:1903131),0.21292830160166526,2.4418663623684544,3.7770783573218054,PPARG;CLU,0.45724633648973323
1312,Positive Regulation Of Natural Killer Cell Mediated Immunity (GO:0002717),0.21292830160166526,2.4418663623684544,3.7770783573218054,CADM1;HLA-E,0.45724633648973323
1313,Calcium Ion Transport (GO:0006816),0.21570994210658256,1.522268384979756,2.3348866599172844,RAMP2;CALCRL;RAMP3;CAV1;TRPV2;CLU,0.45724633648973323
1314,Positive Regulation Of Peptidyl-Serine Phosphorylation (GO:0033138),0.21631504134160373,1.600390156062425,2.450228391196041,CSF3;IL6;RAMP3;CAV1;SH2D3C,0.45724633648973323
1315,Regulation Of Protein Kinase B Signaling (GO:0051896),0.21828954623269195,1.4596289521818657,2.2214573295685796,SEMA5A;CX3CR1;CSF3;RAMP3;ANGPT1;TEK;HBEGF,0.45724633648973323
1316,Triglyceride Metabolic Process (GO:0006641),0.21924532301870978,1.919293695131684,2.91265097816843,APOH;CAV1;GPIHBP1,0.45724633648973323
1317,Negative Regulation Of Response To Biotic Stimulus (GO:0002832),0.21924532301870978,1.919293695131684,2.91265097816843,IRAK3;CARD16;LILRA2,0.45724633648973323
1318,Activation Of Cysteine-Type Endopeptidase Activity Involved In Apoptotic Process (GO:0006919),0.22054669957543804,1.7065601065601066,2.579714446645935,COL4A3;PPARG;NLRC4;IFT57,0.45724633648973323
1319,Regulation Of Neurogenesis (GO:0050767),0.22054669957543804,1.7065601065601066,2.579714446645935,CX3CR1;IL6;MME;S100A10,0.45724633648973323
1320,Negative Regulation Of Cellular Catabolic Process (GO:0031330),0.22054669957543804,1.7065601065601066,2.579714446645935,HGF;LEPR;TIMP3;RASIP1,0.45724633648973323
1321,Peptidyl-Tyrosine Phosphorylation (GO:0018108),0.22054669957543804,1.7065601065601066,2.579714446645935,FGR;EFEMP1;TEK;FGFR4,0.45724633648973323
1322,Regulation Of Protein Ubiquitination (GO:0031396),0.22147842072559995,1.5079629314073744,2.2731487390333376,ANGPT1;CAV1;LRRK2;FAM107A;ARRB1;SASH1,0.45724633648973323
1323,Regulation Of Peptidyl-Tyrosine Phosphorylation (GO:0050730),0.22284859826877462,1.581479650683803,2.37421636235197,CSF3;IL6;ANGPT1;HGF;PECAM1,0.45724633648973323
1324,Protein Localization To Plasma Membrane (GO:0072659),0.2235245491218791,1.4483254105445116,2.1699304187479656,RAMP2;RAP1A;RAMP3;ANK2;EMP2;SPTBN1;S100A10,0.45724633648973323
1325,Regulation Of Chemokine-Mediated Signaling Pathway (GO:0070099),0.22610837488885313,4.474233983286908,6.6520264790057455,SLIT2,0.45724633648973323
1326,Regulation Of Dopamine Receptor Signaling Pathway (GO:0060159),0.22610837488885313,4.474233983286908,6.6520264790057455,LRRK2,0.45724633648973323
1327,Regulation Of Epithelial To Mesenchymal Transition Involved In Endocardial Cushion Formation (GO:1905005),0.22610837488885313,4.474233983286908,6.6520264790057455,TGFBR2,0.45724633648973323
1328,Regulation Of Hydrogen Peroxide-Induced Cell Death (GO:1903205),0.22610837488885313,4.474233983286908,6.6520264790057455,LRRK2,0.45724633648973323
1329,U4 snRNA 3'-End Processing (GO:0034475),0.22610837488885313,4.474233983286908,6.6520264790057455,EXOSC7,0.45724633648973323
1330,UV Protection (GO:0009650),0.22610837488885313,4.474233983286908,6.6520264790057455,MFAP4,0.45724633648973323
1331,Regulation Of Nitric Oxide Metabolic Process (GO:0080164),0.22610837488885313,4.474233983286908,6.6520264790057455,CX3CR1,0.45724633648973323
1332,"Blood Coagulation, Intrinsic Pathway (GO:0007597)",0.22610837488885313,4.474233983286908,6.6520264790057455,F8,0.45724633648973323
1333,Catecholamine Transport (GO:0051937),0.22610837488885313,4.474233983286908,6.6520264790057455,SLC22A3,0.45724633648973323
1334,Cellular Response To Angiotensin (GO:1904385),0.22610837488885313,4.474233983286908,6.6520264790057455,CA2,0.45724633648973323
1335,Coronary Vasculature Morphogenesis (GO:0060977),0.22610837488885313,4.474233983286908,6.6520264790057455,TGFBR3,0.45724633648973323
1336,Dopamine Uptake (GO:0090494),0.22610837488885313,4.474233983286908,6.6520264790057455,SLC22A3,0.45724633648973323
1337,Sinoatrial Node Development (GO:0003163),0.22610837488885313,4.474233983286908,6.6520264790057455,TBX5,0.45724633648973323
1338,Sodium-Dependent Phosphate Transport (GO:0044341),0.22610837488885313,4.474233983286908,6.6520264790057455,SLC34A2,0.45724633648973323
1339,Ethanol Oxidation (GO:0006069),0.22610837488885313,4.474233983286908,6.6520264790057455,ADH1B,0.45724633648973323
1340,Sulfur Amino Acid Transport (GO:0000101),0.22610837488885313,4.474233983286908,6.6520264790057455,SLC1A1,0.45724633648973323
1341,tRNA Surveillance (GO:0106354),0.22610837488885313,4.474233983286908,6.6520264790057455,EXOSC7,0.45724633648973323
1342,Foam Cell Differentiation (GO:0090077),0.22610837488885313,4.474233983286908,6.6520264790057455,PPARG,0.45724633648973323
1343,Taurine Metabolic Process (GO:0019530),0.22610837488885313,4.474233983286908,6.6520264790057455,CDO1,0.45724633648973323
1344,Folic Acid Transport (GO:0015884),0.22610837488885313,4.474233983286908,6.6520264790057455,FOLR1,0.45724633648973323
1345,Fructose Metabolic Process (GO:0006000),0.22610837488885313,4.474233983286908,6.6520264790057455,FBP1,0.45724633648973323
1346,Thyroid Gland Development (GO:0030878),0.22610837488885313,4.474233983286908,6.6520264790057455,NKX2-1,0.45724633648973323
1347,Tooth Mineralization (GO:0034505),0.22610837488885313,4.474233983286908,6.6520264790057455,FAM20A,0.45724633648973323
1348,Ventricular Cardiac Muscle Cell Membrane Repolarization (GO:0099625),0.22610837488885313,4.474233983286908,6.6520264790057455,KCNJ5,0.45724633648973323
1349,Hepoxilin Biosynthetic Process (GO:0051122),0.22610837488885313,4.474233983286908,6.6520264790057455,ALOX15B,0.45724633648973323
1350,Hepoxilin Metabolic Process (GO:0051121),0.22610837488885313,4.474233983286908,6.6520264790057455,ALOX15B,0.45724633648973323
1351,Hyperosmotic Response (GO:0006972),0.22610837488885313,4.474233983286908,6.6520264790057455,TLR3,0.45724633648973323
1352,Inhibition Of Cysteine-Type Endopeptidase Activity (GO:0097340),0.22610837488885313,4.474233983286908,6.6520264790057455,CARD16,0.45724633648973323
1353,Kidney Epithelium Development (GO:0072073),0.22610837488885313,4.474233983286908,6.6520264790057455,KANK2,0.45724633648973323
1354,Leukocyte Aggregation (GO:0070486),0.22610837488885313,4.474233983286908,6.6520264790057455,JAM2,0.45724633648973323
1355,Melanin Biosynthetic Process (GO:0042438),0.22610837488885313,4.474233983286908,6.6520264790057455,TYRP1,0.45724633648973323
1356,Mitral Valve Development (GO:0003174),0.22610837488885313,4.474233983286908,6.6520264790057455,SMAD6,0.45724633648973323
1357,Negative Regulation Of Amyloid-Beta Clearance (GO:1900222),0.22610837488885313,4.474233983286908,6.6520264790057455,MYOCD,0.45724633648973323
1358,Negative Regulation Of Cell Cycle G2/M Phase Transition (GO:1902750),0.22610837488885313,4.474233983286908,6.6520264790057455,FHL1,0.45724633648973323
1359,Negative Regulation Of Glucose Import (GO:0046325),0.22610837488885313,4.474233983286908,6.6520264790057455,PID1,0.45724633648973323
1360,Negative Regulation Of Inflammatory Response To Wounding (GO:0106015),0.22610837488885313,4.474233983286908,6.6520264790057455,IL33,0.45724633648973323
1361,Negative Regulation Of Intracellular Transport (GO:0032387),0.22610837488885313,4.474233983286908,6.6520264790057455,PLN,0.45724633648973323
1362,Negative Regulation Of Keratinocyte Proliferation (GO:0010839),0.22610837488885313,4.474233983286908,6.6520264790057455,KLF9,0.45724633648973323
1363,Negative Regulation Of Leukocyte Proliferation (GO:0070664),0.22610837488885313,4.474233983286908,6.6520264790057455,IL33,0.45724633648973323
1364,Negative Regulation Of miRNA-mediated Gene Silencing (GO:0060965),0.22610837488885313,4.474233983286908,6.6520264790057455,PPARG,0.45724633648973323
1365,Negative Regulation Of Neural Precursor Cell Proliferation (GO:2000178),0.22610837488885313,4.474233983286908,6.6520264790057455,GATA2,0.45724633648973323
1366,Negative Regulation Of Nitric Oxide Biosynthetic Process (GO:0045019),0.22610837488885313,4.474233983286908,6.6520264790057455,CAV1,0.45724633648973323
1367,Negative Regulation Of Nitric Oxide Metabolic Process (GO:1904406),0.22610837488885313,4.474233983286908,6.6520264790057455,CAV1,0.45724633648973323
1368,Neuron Projection Arborization (GO:0140058),0.22610837488885313,4.474233983286908,6.6520264790057455,PHACTR1,0.45724633648973323
1369,Nonribosomal Peptide Biosynthetic Process (GO:0019184),0.22610837488885313,4.474233983286908,6.6520264790057455,GGT1,0.45724633648973323
1370,Peptidyl-Tyrosine Dephosphorylation Involved In Inactivation Of Protein Kinase Activity (GO:1990264),0.22610837488885313,4.474233983286908,6.6520264790057455,PTPRB,0.45724633648973323
1371,Peroxisome Proliferator Activated Receptor Signaling Pathway (GO:0035357),0.22610837488885313,4.474233983286908,6.6520264790057455,PPARG,0.45724633648973323
1372,Phosphatidylserine Acyl-Chain Remodeling (GO:0036150),0.22610837488885313,4.474233983286908,6.6520264790057455,PLA1A,0.45724633648973323
1373,Plasma Membrane Phospholipid Scrambling (GO:0017121),0.22610837488885313,4.474233983286908,6.6520264790057455,PLSCR4,0.45724633648973323
1374,Positive Regulation By Host Of Viral Genome Replication (GO:0044829),0.22610837488885313,4.474233983286908,6.6520264790057455,VAPA,0.45724633648973323
1375,Positive Regulation Of Arp2/3 Complex-Mediated Actin Nucleation (GO:2000601),0.22610837488885313,4.474233983286908,6.6520264790057455,WASF3,0.45724633648973323
1376,Positive Regulation Of CoA-transferase Activity (GO:1905920),0.22610837488885313,4.474233983286908,6.6520264790057455,AGTR1,0.45724633648973323
1377,Positive Regulation Of T-helper 2 Cell Cytokine Production (GO:2000553),0.22610837488885313,4.474233983286908,6.6520264790057455,IL6,0.45724633648973323
1378,Positive Regulation Of Adipose Tissue Development (GO:1904179),0.22610837488885313,4.474233983286908,6.6520264790057455,PPARG,0.45724633648973323
1379,Positive Regulation Of Astrocyte Differentiation (GO:0048711),0.22610837488885313,4.474233983286908,6.6520264790057455,BMP2,0.45724633648973323
1380,Positive Regulation Of Epithelial Tube Formation (GO:1905278),0.22610837488885313,4.474233983286908,6.6520264790057455,MMRN2,0.45724633648973323
1381,Positive Regulation Of Extracellular Matrix Disassembly (GO:0090091),0.22610837488885313,4.474233983286908,6.6520264790057455,IL6,0.45724633648973323
1382,Positive Regulation Of Fibroblast Migration (GO:0010763),0.22610837488885313,4.474233983286908,6.6520264790057455,PRKCE,0.45724633648973323
1383,Positive Regulation Of Intracellular Steroid Hormone Receptor Signaling Pathway (GO:0033145),0.22610837488885313,4.474233983286908,6.6520264790057455,LMO3,0.45724633648973323
1384,Positive Regulation Of Natural Killer Cell Proliferation (GO:0032819),0.22610837488885313,4.474233983286908,6.6520264790057455,HLA-E,0.45724633648973323
1385,Positive Regulation Of Tooth Mineralization (GO:0070172),0.22610837488885313,4.474233983286908,6.6520264790057455,CFTR,0.45724633648973323
1386,Purine-Containing Compound Metabolic Process (GO:0072521),0.22610837488885313,4.474233983286908,6.6520264790057455,MACROD2,0.45724633648973323
1387,Pyrimidine Nucleobase Catabolic Process (GO:0006208),0.22610837488885313,4.474233983286908,6.6520264790057455,DPYSL2,0.45724633648973323
1388,Regulation Of ATPase-coupled Calcium Transmembrane Transporter Activity (GO:1901894),0.22610837488885313,4.474233983286908,6.6520264790057455,PLN,0.45724633648973323
1389,"Regulation Of CD4-positive, Alpha-Beta T Cell Activation (GO:2000514)",0.22610837488885313,4.474233983286908,6.6520264790057455,CD55,0.45724633648973323
1390,Regulation Of CoA-transferase Activity (GO:1905918),0.22610837488885313,4.474233983286908,6.6520264790057455,AGTR1,0.45724633648973323
1391,Regulation Of DNA-templated Transcription In Response To Stress (GO:0043620),0.22610837488885313,4.474233983286908,6.6520264790057455,MUC1,0.45724633648973323
1392,Regulation Of Carbohydrate Biosynthetic Process (GO:0043255),0.22610837488885313,4.474233983286908,6.6520264790057455,FBP1,0.45724633648973323
1393,Regulation Of Cardiac Muscle Cell Action Potential Involved In Regulation Of Contraction (GO:0098909),0.22610837488885313,4.474233983286908,6.6520264790057455,CAV1,0.45724633648973323
1394,Regulation Of Chondrocyte Differentiation (GO:0032330),0.2262976432083527,2.335576981383785,3.4704435079214537,EFEMP1;ZBTB16,0.45724633648973323
1395,Regulation Of Intracellular Estrogen Receptor Signaling Pathway (GO:0033146),0.2262976432083527,2.335576981383785,3.4704435079214537,KANK2;ZNF366,0.45724633648973323
1396,Regulation Of Keratinocyte Proliferation (GO:0010837),0.2262976432083527,2.335576981383785,3.4704435079214537,ZFP36;KLF9,0.45724633648973323
1397,Regulation Of Neutrophil Chemotaxis (GO:0090022),0.2262976432083527,2.335576981383785,3.4704435079214537,DAPK2;SLIT2,0.45724633648973323
1398,Regulation Of Platelet Aggregation (GO:0090330),0.2262976432083527,2.335576981383785,3.4704435079214537,IL6;MMRN1,0.45724633648973323
1399,Cardiac Conduction System Development (GO:0003161),0.2262976432083527,2.335576981383785,3.4704435079214537,GATA6;TBX5,0.45724633648973323
1400,Cellular Response To Steroid Hormone Stimulus (GO:0071383),0.2262976432083527,2.335576981383785,3.4704435079214537,ADTRP;TFPI,0.45724633648973323
1401,Response To dsRNA (GO:0043331),0.2262976432083527,2.335576981383785,3.4704435079214537,IRAK3;TLR3,0.45724633648973323
1402,Response To Zinc Ion (GO:0010043),0.2262976432083527,2.335576981383785,3.4704435079214537,MT1M;CRIP1,0.45724633648973323
1403,Long-Chain Fatty Acid Biosynthetic Process (GO:0042759),0.2262976432083527,2.335576981383785,3.4704435079214537,ALOX5;ALOX15B,0.45724633648973323
1404,Negative Regulation Of Intrinsic Apoptotic Signaling Pathway In Response To DNA Damage (GO:1902230),0.2262976432083527,2.335576981383785,3.4704435079214537,MUC1;CLU,0.45724633648973323
1405,Negative Regulation Of Protein Localization To Membrane (GO:1905476),0.2262976432083527,2.335576981383785,3.4704435079214537,DAB2;PID1,0.45724633648973323
1406,Negative Regulation Of Response To Endoplasmic Reticulum Stress (GO:1903573),0.2262976432083527,2.335576981383785,3.4704435079214537,LRRK2;CLU,0.45724633648973323
1407,Negative Regulation Of Stress Fiber Assembly (GO:0051497),0.2262976432083527,2.335576981383785,3.4704435079214537,ARHGAP6;CGNL1,0.45724633648973323
1408,Peptide Hormone Secretion (GO:0030072),0.2262976432083527,2.335576981383785,3.4704435079214537,EDN1;IL6,0.45724633648973323
1409,Positive Regulation Of Striated Muscle Cell Differentiation (GO:0051155),0.2262976432083527,2.335576981383785,3.4704435079214537,EDN1;MYOCD,0.45724633648973323
1410,Regulation Of Actin Cytoskeleton Reorganization (GO:2000249),0.2262976432083527,2.335576981383785,3.4704435079214537,TEK;CLU,0.45724633648973323
1411,Regulation Of Biomineral Tissue Development (GO:0070167),0.2262976432083527,2.335576981383785,3.4704435079214537,S1PR1;SGMS2,0.45724633648973323
1412,Cell-Cell Junction Organization (GO:0045216),0.2282376484733563,1.6798076923076923,2.481693920790233,CDH5;CLDN5;PARD6B;MYADM,0.4608396145874922
1413,Regulation Of Interleukin-10 Production (GO:0032653),0.2287806425373627,1.8745615174743406,2.764962543227881,IL6;TYROBP;CD47,0.46160906714368083
1414,Positive Regulation Of MAP Kinase Activity (GO:0043406),0.22944084159530048,1.5630089245000325,2.300921151524121,EDN1;PLA2G1B;LRRK2;S100A12;SASH1,0.462613747799294
1415,Positive Regulation Of Neuron Projection Development (GO:0010976),0.23608888810963327,1.5449628127112913,2.230226279425208,RAP1A;COBL;ROR1;NDNF;BMP5,0.4756815689049925
1416,Insulin Receptor Signaling Pathway (GO:0008286),0.2383916821801601,1.8318626206196038,2.626598329673978,CAV2;PDK4;SORBS1,0.4759904398981038
1417,Positive Regulation Of Smooth Muscle Cell Proliferation (GO:0048661),0.2383916821801601,1.8318626206196038,2.626598329673978,EDN1;IL6;NR4A3,0.4759904398981038
1418,Regulation Of Interferon-Alpha Production (GO:0032647),0.23972415494124197,2.2381450488145047,3.1966673067895406,TLR8;TLR3,0.4759904398981038
1419,Regulation Of Keratinocyte Differentiation (GO:0045616),0.23972415494124197,2.2381450488145047,3.1966673067895406,ZFP36;ZBED2,0.4759904398981038
1420,Cardiac Muscle Cell Development (GO:0055013),0.23972415494124197,2.2381450488145047,3.1966673067895406,MYH11;SORBS2,0.4759904398981038
1421,Negative Regulation Of Interleukin-1 Beta Production (GO:0032691),0.23972415494124197,2.2381450488145047,3.1966673067895406,CX3CR1;CARD16,0.4759904398981038
1422,Positive Regulation Of Adenylate Cyclase Activity (GO:0045762),0.23972415494124197,2.2381450488145047,3.1966673067895406,ADRB1;ADRB2,0.4759904398981038
1423,Positive Regulation Of Nuclear Division (GO:0051785),0.23972415494124197,2.2381450488145047,3.1966673067895406,EDN1;RGCC,0.4759904398981038
1424,Positive Regulation Of Phosphatidylinositol 3-Kinase Activity (GO:0043552),0.23972415494124197,2.2381450488145047,3.1966673067895406,FGR;TEK,0.4759904398981038
1425,Regulation Of Actin Filament Bundle Assembly (GO:0032231),0.23972415494124197,2.2381450488145047,3.1966673067895406,SYNPO2;SHANK3,0.4759904398981038
1426,Negative Regulation Of Extrinsic Apoptotic Signaling Pathway (GO:2001237),0.24381390669160086,1.6287349014621741,2.2987150392857636,FGG;CFLAR;ICAM1;BMP5,0.4759904398981038
1427,Regulation Of G Protein-Coupled Receptor Signaling Pathway (GO:0008277),0.24381390669160086,1.6287349014621741,2.2987150392857636,EDN1;RAMP3;GRK5;MGLL,0.4759904398981038
1428,Positive Regulation Of Protein Serine/Threonine Kinase Activity (GO:0071902),0.24503947907718768,1.453318676320079,2.0438542901659984,EDN1;RGCC;PLA2G1B;LRRK2;S100A12;ADRB2,0.4759904398981038
1429,Regulation Of Intrinsic Apoptotic Signaling Pathway (GO:2001242),0.2480696654365525,1.7910614525139665,2.4968214504848016,CAV1;DAPK2;RTKN2,0.4759904398981038
1430,Cellular Response To Mechanical Stimulus (GO:0071260),0.2480696654365525,1.7910614525139665,2.4968214504848016,TLR8;TLR3;AQP1,0.4759904398981038
1431,Chloride Transmembrane Transport (GO:1902476),0.2480696654365525,1.7910614525139665,2.4968214504848016,SLC1A1;SLC26A9;CFTR,0.4759904398981038
1432,Oligosaccharide Metabolic Process (GO:0009311),0.2480696654365525,1.7910614525139665,2.4968214504848016,AMY1B;AMY1C;ST6GALNAC5,0.4759904398981038
1433,Muscle Contraction (GO:0006936),0.24954083273200522,1.5100871809397916,2.096201424309263,DES;FXYD1;LMOD1;SCN7A;MYH11,0.4759904398981038
1434,Positive Regulation Of Cell Projection Organization (GO:0031346),0.25104169348662286,1.4402674814666399,1.990645887386313,ROBO2;RAP1A;NEDD9;ROR1;NDNF;SLIT2,0.4759904398981038
1435,Regulation Of Hydrolase Activity (GO:0051336),0.2516899049076319,1.6043419267299863,2.213281913973281,ARHGAP44;FGD5;CAV1;RASIP1,0.4759904398981038
1436,Cell-Cell Junction Assembly (GO:0007043),0.2516899049076319,1.6043419267299863,2.213281913973281,CDH5;CLDN5;RAMP2;PARD6B,0.4759904398981038
1437,Synapse Assembly (GO:0007416),0.2516899049076319,1.6043419267299863,2.213281913973281,GPM6A;FLRT3;SPOCK2;SHANK3,0.4759904398981038
1438,Regulation Of Apoptotic Process (GO:0042981),0.25236682879669736,1.1567296972815369,1.5926682460478854,CITED2;GATA6;NLRC4;CLU;AQP1;SOCS2;SOCS3;GRK5;ADAMTSL4;RPS6KA2;PROK2;CTSH;CAPN3;SLIT2;IFT57;HOXA5;ANGPT1;GADD45B;DAPK1;DAPK2;HGF;CFLAR;SMAD6;DAB2;BMP2;IL6;CAT;MNDA;TEK,0.4759904398981038
1439,Regulation Of Immunoglobulin Production (GO:0002637),0.25318648178150055,2.148507670850767,2.951252399629222,IL6;HLA-E,0.4759904398981038
1440,Regulation Of Insulin Secretion Involved In Cellular Response To Glucose Stimulus (GO:0061178),0.25318648178150055,2.148507670850767,2.951252399629222,CFTR;FOXA2,0.4759904398981038
1441,Amino Acid Import Across Plasma Membrane (GO:0089718),0.25318648178150055,2.148507670850767,2.951252399629222,SLC1A1;SLC6A14,0.4759904398981038
1442,Regulation Of Peptidase Activity (GO:0052547),0.25318648178150055,2.148507670850767,2.951252399629222,CAV1;CTSH,0.4759904398981038
1443,In Utero Embryonic Development (GO:0001701),0.25318648178150055,2.148507670850767,2.951252399629222,BMP2;FOXF1,0.4759904398981038
1444,Negative Regulation Of Notch Signaling Pathway (GO:0045746),0.25318648178150055,2.148507670850767,2.951252399629222,ARRB1;GATA2,0.4759904398981038
1445,Phospholipid Biosynthetic Process (GO:0008654),0.25318648178150055,2.148507670850767,2.951252399629222,VAPA;SGMS2,0.4759904398981038
1446,Positive Regulation Of Calcium Ion Transmembrane Transporter Activity (GO:1901021),0.25318648178150055,2.148507670850767,2.951252399629222,STAC;ANK2,0.4759904398981038
1447,Positive Regulation Of Immune System Process (GO:0002684),0.25318648178150055,2.148507670850767,2.951252399629222,C7;PLA2G1B,0.4759904398981038
1448,Regulation Of Actin Polymerization Or Depolymerization (GO:0008064),0.25318648178150055,2.148507670850767,2.951252399629222,ARHGAP18;ESAM,0.4759904398981038
1449,Cdc42 Protein Signal Transduction (GO:0032488),0.25393948056296595,3.834858734580183,5.256284811185784,RHOJ,0.4759904398981038
1450,"DNA Damage Response, Signal Transduction By P53 Class Mediator Resulting In Transcription Of P21 Class Mediator (GO:0006978)",0.25393948056296595,3.834858734580183,5.256284811185784,MUC1,0.4759904398981038
1451,Regulation Of Defense Response To Bacterium (GO:1900424),0.25393948056296595,3.834858734580183,5.256284811185784,MMRN2,0.4759904398981038
1452,Regulation Of Dendritic Cell Antigen Processing And Presentation (GO:0002604),0.25393948056296595,3.834858734580183,5.256284811185784,SLC11A1,0.4759904398981038
1453,Regulation Of Dendritic Spine Maintenance (GO:1902950),0.25393948056296595,3.834858734580183,5.256284811185784,NEDD9,0.4759904398981038
1454,Regulation Of Generation Of Precursor Metabolites And Energy (GO:0043467),0.25393948056296595,3.834858734580183,5.256284811185784,PRDM16,0.4759904398981038
1455,Regulation Of Glial Cell Proliferation (GO:0060251),0.25393948056296595,3.834858734580183,5.256284811185784,IL6,0.4759904398981038
1456,Actin Filament Network Formation (GO:0051639),0.25393948056296595,3.834858734580183,5.256284811185784,COBL,0.4759904398981038
1457,Regulation Of Macrophage Migration (GO:1905521),0.25393948056296595,3.834858734580183,5.256284811185784,CX3CR1,0.4759904398981038
1458,Androgen Biosynthetic Process (GO:0006702),0.25393948056296595,3.834858734580183,5.256284811185784,HSD17B6,0.4759904398981038
1459,Angiotensin Maturation (GO:0002003),0.25393948056296595,3.834858734580183,5.256284811185784,CPA3,0.4759904398981038
1460,Anoikis (GO:0043276),0.25393948056296595,3.834858734580183,5.256284811185784,DAPK2,0.4759904398981038
1461,Regulation Of Mitotic Sister Chromatid Segregation (GO:0033047),0.25393948056296595,3.834858734580183,5.256284811185784,DUSP1,0.4759904398981038
1462,Regulation Of Morphogenesis Of An Epithelium (GO:1905330),0.25393948056296595,3.834858734580183,5.256284811185784,MMRN2,0.4759904398981038
1463,Apoptotic DNA Fragmentation (GO:0006309),0.25393948056296595,3.834858734580183,5.256284811185784,DNASE1L3,0.4759904398981038
1464,Astral Microtubule Organization (GO:0030953),0.25393948056296595,3.834858734580183,5.256284811185784,TPPP,0.4759904398981038
1465,Auditory Behavior (GO:0031223),0.25393948056296595,3.834858734580183,5.256284811185784,SHANK3,0.4759904398981038
1466,Regulation Of Pattern Recognition Receptor Signaling Pathway (GO:0062207),0.25393948056296595,3.834858734580183,5.256284811185784,CD36,0.4759904398981038
1467,Regulation Of Pinocytosis (GO:0048548),0.25393948056296595,3.834858734580183,5.256284811185784,CAV1,0.4759904398981038
1468,Brown Fat Cell Differentiation (GO:0050873),0.25393948056296595,3.834858734580183,5.256284811185784,PRDM16,0.4759904398981038
1469,Bundle Of His Cell To Purkinje Myocyte Communication (GO:0086069),0.25393948056296595,3.834858734580183,5.256284811185784,TBX5,0.4759904398981038
1470,Cardioblast Differentiation (GO:0010002),0.25393948056296595,3.834858734580183,5.256284811185784,MYOCD,0.4759904398981038
1471,Regulation Of Skeletal Muscle Cell Differentiation (GO:2001014),0.25393948056296595,3.834858734580183,5.256284811185784,MYOCD,0.4759904398981038
1472,Cellular Response To Hydroxyurea (GO:0072711),0.25393948056296595,3.834858734580183,5.256284811185784,SPIDR,0.4759904398981038
1473,Cellular Response To Platelet-Derived Growth Factor Stimulus (GO:0036120),0.25393948056296595,3.834858734580183,5.256284811185784,HYAL1,0.4759904398981038
1474,Regulation Of Urine Volume (GO:0035809),0.25393948056296595,3.834858734580183,5.256284811185784,NPR1,0.4759904398981038
1475,Response To Magnesium Ion (GO:0032026),0.25393948056296595,3.834858734580183,5.256284811185784,FBP1,0.4759904398981038
1476,Response To Misfolded Protein (GO:0051788),0.25393948056296595,3.834858734580183,5.256284811185784,CLU,0.4759904398981038
1477,Embryonic Forelimb Morphogenesis (GO:0035115),0.25393948056296595,3.834858734580183,5.256284811185784,TBX5,0.4759904398981038
1478,Sensory Perception Of Sour Taste (GO:0050915),0.25393948056296595,3.834858734580183,5.256284811185784,SCNN1B,0.4759904398981038
1479,Endochondral Ossification (GO:0001958),0.25393948056296595,3.834858734580183,5.256284811185784,COL13A1,0.4759904398981038
1480,Endothelial Cell Chemotaxis (GO:0035767),0.25393948056296595,3.834858734580183,5.256284811185784,NR4A1,0.4759904398981038
1481,Sphingosine-1-Phosphate Receptor Signaling Pathway (GO:0003376),0.25393948056296595,3.834858734580183,5.256284811185784,S1PR1,0.4759904398981038
1482,Exonucleolytic Trimming Involved In rRNA Processing (GO:0000459),0.25393948056296595,3.834858734580183,5.256284811185784,EXOSC7,0.4759904398981038
1483,"Exonucleolytic Trimming To Generate Mature 3'-End Of 5.8S rRNA From Tricistronic rRNA Transcript (SSU-rRNA, 5.8S rRNA, LSU-rRNA) (GO:0000467)",0.25393948056296595,3.834858734580183,5.256284811185784,EXOSC7,0.4759904398981038
1484,Synapse Pruning (GO:0098883),0.25393948056296595,3.834858734580183,5.256284811185784,CX3CR1,0.4759904398981038
1485,"Fructose 1,6-Bisphosphate Metabolic Process (GO:0030388)",0.25393948056296595,3.834858734580183,5.256284811185784,FBP1,0.4759904398981038
1486,Glucosamine-Containing Compound Catabolic Process (GO:1901072),0.25393948056296595,3.834858734580183,5.256284811185784,CHI3L2,0.4759904398981038
1487,Type B Pancreatic Cell Differentiation (GO:0003309),0.25393948056296595,3.834858734580183,5.256284811185784,BMP5,0.4759904398981038
1488,Unsaturated Fatty Acid Biosynthetic Process (GO:0006636),0.25393948056296595,3.834858734580183,5.256284811185784,ALOX15B,0.4759904398981038
1489,Hyaluronan Catabolic Process (GO:0030214),0.25393948056296595,3.834858734580183,5.256284811185784,HYAL1,0.4759904398981038
1490,Intestinal Epithelial Cell Differentiation (GO:0060575),0.25393948056296595,3.834858734580183,5.256284811185784,GATA6,0.4759904398981038
1491,Learned Vocalization Behavior Or Vocal Learning (GO:0098598),0.25393948056296595,3.834858734580183,5.256284811185784,SHANK3,0.4759904398981038
1492,Leptin-Mediated Signaling Pathway (GO:0033210),0.25393948056296595,3.834858734580183,5.256284811185784,LEPR,0.4759904398981038
1493,Maintenance Of Apical/Basal Cell Polarity (GO:0035090),0.25393948056296595,3.834858734580183,5.256284811185784,LIN7A,0.4759904398981038
1494,Maintenance Of Epithelial Cell Apical/Basal Polarity (GO:0045199),0.25393948056296595,3.834858734580183,5.256284811185784,LIN7A,0.4759904398981038
1495,Mesodermal Cell Differentiation (GO:0048333),0.25393948056296595,3.834858734580183,5.256284811185784,ITGA8,0.4759904398981038
1496,Negative Regulation By Host Of Viral Genome Replication (GO:0044828),0.25393948056296595,3.834858734580183,5.256284811185784,VAPA,0.4759904398981038
1497,Negative Regulation Of Glycoprotein Biosynthetic Process (GO:0010561),0.25393948056296595,3.834858734580183,5.256284811185784,ITM2A,0.4759904398981038
1498,Negative Regulation Of Protein-Containing Complex Disassembly (GO:0043242),0.25393948056296595,3.834858734580183,5.256284811185784,IRAK3,0.4759904398981038
1499,Negative Regulation Of Regulated Secretory Pathway (GO:1903306),0.25393948056296595,3.834858734580183,5.256284811185784,RAP1A,0.4759904398981038
1500,Negative Regulation Of Systemic Arterial Blood Pressure (GO:0003085),0.25393948056296595,3.834858734580183,5.256284811185784,ADRB2,0.4759904398981038
1501,Nuclear Membrane Disassembly (GO:0051081),0.25393948056296595,3.834858734580183,5.256284811185784,PRKCB,0.4759904398981038
1502,p38MAPK Cascade (GO:0038066),0.25393948056296595,3.834858734580183,5.256284811185784,ZFP36,0.4759904398981038
1503,Plasminogen Activation (GO:0031639),0.25393948056296595,3.834858734580183,5.256284811185784,FGG,0.4759904398981038
1504,Positive Regulation Of ATP Biosynthetic Process (GO:2001171),0.25393948056296595,3.834858734580183,5.256284811185784,PID1,0.4759904398981038
1505,"Positive Regulation Of CD8-positive, Alpha-Beta T Cell Activation (GO:2001187)",0.25393948056296595,3.834858734580183,5.256284811185784,HLA-E,0.4759904398981038
1506,Positive Regulation Of Actin Cytoskeleton Reorganization (GO:2000251),0.25393948056296595,3.834858734580183,5.256284811185784,TEK,0.4759904398981038
1507,Positive Regulation Of Blood Vessel Endothelial Cell Proliferation Involved In Sprouting Angiogenesis (GO:1903589),0.25393948056296595,3.834858734580183,5.256284811185784,GATA2,0.4759904398981038
1508,Positive Regulation Of Calcium Ion Import Across Plasma Membrane (GO:1905665),0.25393948056296595,3.834858734580183,5.256284811185784,RAMP3,0.4759904398981038
1509,Positive Regulation Of Calcium Ion Transport Into Cytosol (GO:0010524),0.25393948056296595,3.834858734580183,5.256284811185784,PLA2G1B,0.4759904398981038
1510,Positive Regulation Of Cell-Cell Adhesion Mediated By Cadherin (GO:2000049),0.25393948056296595,3.834858734580183,5.256284811185784,FOXA2,0.4759904398981038
1511,Positive Regulation Of Epithelial Cell Proliferation Involved In Wound Healing (GO:0060054),0.25393948056296595,3.834858734580183,5.256284811185784,JAML,0.4759904398981038
1512,Positive Regulation Of Extracellular Matrix Assembly (GO:1901203),0.25393948056296595,3.834858734580183,5.256284811185784,RGCC,0.4759904398981038
1513,Positive Regulation Of Peptide Secretion (GO:0002793),0.25393948056296595,3.834858734580183,5.256284811185784,FGG,0.4759904398981038
1514,Positive Regulation Of Smooth Muscle Cell Apoptotic Process (GO:0034393),0.25393948056296595,3.834858734580183,5.256284811185784,PPARG,0.4759904398981038
1515,Pyrimidine-Containing Compound Catabolic Process (GO:0072529),0.25393948056296595,3.834858734580183,5.256284811185784,DPYSL2,0.4759904398981038
1516,"Regulation Of CD8-positive, Alpha-Beta T Cell Proliferation (GO:2000564)",0.25393948056296595,3.834858734580183,5.256284811185784,HLA-E,0.4759904398981038
1517,Regulation Of ER-associated Ubiquitin-Dependent Protein Catabolic Process (GO:1903069),0.25393948056296595,3.834858734580183,5.256284811185784,CAV1,0.4759904398981038
1518,Regulation Of RNA Biosynthetic Process (GO:2001141),0.25393948056296595,3.834858734580183,5.256284811185784,FCN3,0.4759904398981038
1519,Regulation Of T-helper 1 Type Immune Response (GO:0002825),0.25393948056296595,3.834858734580183,5.256284811185784,SLC11A1,0.4759904398981038
1520,Regulation Of Angiotensin Levels In Blood (GO:0002002),0.25393948056296595,3.834858734580183,5.256284811185784,CPA3,0.4759904398981038
1521,Regulation Of Cell Killing (GO:0031341),0.25393948056296595,3.834858734580183,5.256284811185784,ICAM1,0.4759904398981038
1522,Positive Regulation Of Transferase Activity (GO:0051347),0.25579866397755213,1.383994960343688,1.8868897531833941,PARM1;TIE1;AGTR1;ROR1;TEK;FGFR4;KLF4,0.47916030946123594
1523,Regulation Of Protein Kinase Activity (GO:0045859),0.2570847195647533,1.427447281212377,1.9389724438799256,FGR;RAP1A;CAMK2N1;GNAQ;LRRK2;C5AR1,0.48125314213992887
1524,Erythrocyte Differentiation (GO:0030218),0.2578060252641975,1.752034248239009,2.374966200326101,TGFBR3;TAL1;CFLAR,0.4819704773955587
1525,Unsaturated Fatty Acid Metabolic Process (GO:0033559),0.2578060252641975,1.752034248239009,2.374966200326101,ALOX5;ALOX15B;MGLL,0.4819704773955587
1526,Cholesterol Homeostasis (GO:0042632),0.2596183374016963,1.5806663924310984,2.1315960606412636,CAV1;FGFR4;CES1;GPIHBP1,0.48448215387361826
1527,Plasma Membrane Organization (GO:0007009),0.2596183374016963,1.5806663924310984,2.1315960606412636,COLEC12;PLSCR4;ANK2;SPTBN1,0.48448215387361826
1528,Regulation Of Cell Differentiation (GO:0045595),0.2596593234370006,1.3156230863441518,1.7739661742948685,TNXB;CEBPD;ALOX5;NOTCH4;SPOCK2;EMP2;KLF4;ALOX15B;HOPX,0.48448215387361826
1529,Protein Phosphorylation (GO:0006468),0.2621881551495191,1.1809524379228455,1.5809326244480635,CDKL2;ACVRL1;DAPK1;PRKCB;DAPK2;PRKCE;LRRK2;IRAK3;TGFBR2;FGR;TGFBR3;BMP2;EFEMP1;GRK5;PDK4;CCL2;ERG;FAM20A;TEK;FGFR4;TLR3,0.4888805953768992
1530,Regulation Of Glucose Metabolic Process (GO:0010906),0.26666472630877647,2.065765475807317,2.7304526129531386,PDK4;FBP1,0.49048913232666597
1531,Regulation Of Lipid Biosynthetic Process (GO:0046890),0.26666472630877647,2.065765475807317,2.7304526129531386,PDK4;SORBS1,0.49048913232666597
1532,Membrane Fusion (GO:0061025),0.26666472630877647,2.065765475807317,2.7304526129531386,VAPA;STX11,0.49048913232666597
1533,Positive Regulation Of Fibroblast Proliferation (GO:0048146),0.26666472630877647,2.065765475807317,2.7304526129531386,PLA2G1B;AQP1,0.49048913232666597
1534,Protein Depolymerization (GO:0051261),0.26666472630877647,2.065765475807317,2.7304526129531386,CFL2;NCKAP5,0.49048913232666597
1535,Regulation Of Bone Resorption (GO:0045124),0.26666472630877647,2.065765475807317,2.7304526129531386,IL6;S1PR1,0.49048913232666597
1536,Regulation Of Cardiac Muscle Cell Action Potential (GO:0098901),0.26666472630877647,2.065765475807317,2.7304526129531386,CAV1;ANK2,0.49048913232666597
1537,Intracellular Iron Ion Homeostasis (GO:0006879),0.2675924118193544,1.7146677760608582,2.2604299098665432,SCARA5;SLC11A1;CYBRD1,0.49048913232666597
1538,Sterol Homeostasis (GO:0055092),0.2675946509072547,1.5576771055031924,2.053457596635508,CAV1;FGFR4;CES1;GPIHBP1,0.49048913232666597
1539,Monocarboxylic Acid Transport (GO:0015718),0.2675946509072547,1.5576771055031924,2.053457596635508,FABP4;SLC27A3;SLC16A5;ABCG2,0.49048913232666597
1540,Protein Tetramerization (GO:0051262),0.2675946509072547,1.5576771055031924,2.053457596635508,ALDH1A2;AQP4;CLU;ACACB,0.49048913232666597
1541,Positive Regulation Of Protein Metabolic Process (GO:0051247),0.2739728520548005,1.2943134744294644,1.6757816409025736,IL6;AGTR1;CAPN3;C4BPA;LILRA2;FGFR4;KLF4;CLU;KLF2,0.49048913232666597
1542,Negative Regulation Of Neuron Apoptotic Process (GO:0043524),0.275614343094766,1.5353446553446553,1.978679566992578,CX3CR1;CCL2;NDNF;CLU,0.49048913232666597
1543,Positive Regulation Of Nucleic Acid-Templated Transcription (GO:1903508),0.276190350023135,1.1601365749709416,1.4927070995332143,ACVRL1;MYOCD;MYRF;FOXF1;CITED2;NOTCH4;ZBTB16;GATA6;FOS;KLF4;TBX5;FLI1;KLF2;BMP2;IL6;SOX17;TAL1;PRDM16;ATOH8;NKX2-1;CAPN3;PPARG;FOXA2,0.49048913232666597
1544,MAPK Cascade (GO:0000165),0.27698729838016845,1.4448359989156954,1.854856800653201,ZFP36;LRRK2;CTSH;CCL2;SHANK3,0.49048913232666597
1545,Microtubule Bundle Formation (GO:0001578),0.2774206993990664,1.6788582402234637,2.1526658722743637,TPPP3;TPPP;NCKAP5,0.49048913232666597
1546,Positive Regulation Of Leukocyte Mediated Cytotoxicity (GO:0001912),0.2774206993990664,1.6788582402234637,2.1526658722743637,TYROBP;CADM1;HLA-E,0.49048913232666597
1547,Regulation Of Transcription By RNA Polymerase II (GO:0006357),0.27817319014216974,1.0814976599063963,1.3837885558787297,ACVRL1;CSRNP1;CSF3;PID1;CITED2;WWC2;TCF21;ADIRF;ARRB1;LDB2;NR3C2;SDR16C5;ZFP36;DACH1;EDNRB;SOX17;LRRFIP1;HOXA5;ZNF366;EDN1;MYOCD;PRKCB;SLC11A1;SFTPC;LMO3;HGF;LMO2;RFX2;LMO7;ETV1;FOS;DCN;ZEB2;TOX2;TAL1;PPARG;ERG;FBP1;TLR3;VGLL3;KANK2;CEBPD;EPAS1;PLA2G1B;NOTCH4;GATA6;GATA2;MUC1;PRDM16;ATOH8;NKX2-1;ZBED2;S100A10;IRX2;IL33;FOXF1;ZBTB16;CAV1;NR2F1;KLF4;TBX5;SMAD6;FLI1;HOPX;KLF2;TBX2;BMP5;NR4A2;NR4A1;DAB2;BMP2;IL6;RGCC;NR4A3;KLF9;ID4;FOSB;FOXA2,0.49048913232666597
1548,JNK Cascade (GO:0007254),0.28014037164667127,1.9891523322485665,2.531125676410978,LRRK2;SH2D3C,0.49048913232666597
1549,Regulation Of Muscle Contraction (GO:0006937),0.28014037164667127,1.9891523322485665,2.531125676410978,CAV1;TNNC1,0.49048913232666597
1550,Regulation Of Neuron Migration (GO:2001222),0.28014037164667127,1.9891523322485665,2.531125676410978,IGSF10;PHACTR1,0.49048913232666597
1551,Cardiac Muscle Cell Action Potential (GO:0086001),0.28014037164667127,1.9891523322485665,2.531125676410978,DMD;SCN4B,0.49048913232666597
1552,Regulation Of Voltage-Gated Calcium Channel Activity (GO:1901385),0.28014037164667127,1.9891523322485665,2.531125676410978,STAC;DMD,0.49048913232666597
1553,Defense Response To Fungus (GO:0050832),0.28014037164667127,1.9891523322485665,2.531125676410978,CX3CR1;S100A12,0.49048913232666597
1554,Tube Closure (GO:0060606),0.28014037164667127,1.9891523322485665,2.531125676410978,COBL;FOLR1,0.49048913232666597
1555,Integrated Stress Response Signaling (GO:0140467),0.28014037164667127,1.9891523322485665,2.531125676410978,CEBPD;FOS,0.49048913232666597
1556,Negative Regulation Of Plasma Membrane Bounded Cell Projection Assembly (GO:0120033),0.28014037164667127,1.9891523322485665,2.531125676410978,ARHGAP44;SLIT2,0.49048913232666597
1557,Positive Regulation Of Calcium Ion Transport (GO:0051928),0.28014037164667127,1.9891523322485665,2.531125676410978,CCL2;LILRA2,0.49048913232666597
1558,Positive Regulation Of Dephosphorylation (GO:0035306),0.28014037164667127,1.9891523322485665,2.531125676410978,CDH5;BMP2,0.49048913232666597
1559,Regulation Of Complement Activation (GO:0030449),0.28077105014279863,3.355327298050139,4.261989445931807,CD55,0.49048913232666597
1560,"DNA Damage Response, Signal Transduction Resulting In Transcription (GO:0042772)",0.28077105014279863,3.355327298050139,4.261989445931807,MUC1,0.49048913232666597
1561,I-kappaB Phosphorylation (GO:0007252),0.28077105014279863,3.355327298050139,4.261989445931807,TLR3,0.49048913232666597
1562,SNARE Complex Assembly (GO:0035493),0.28077105014279863,3.355327298050139,4.261989445931807,STXBP6,0.49048913232666597
1563,Regulation Of Inflammatory Response To Wounding (GO:0106014),0.28077105014279863,3.355327298050139,4.261989445931807,IL33,0.49048913232666597
1564,Actin-Mediated Cell Contraction (GO:0070252),0.28077105014279863,3.355327298050139,4.261989445931807,EMP2,0.49048913232666597
1565,Adherens Junction Assembly (GO:0034333),0.28077105014279863,3.355327298050139,4.261989445931807,RAMP2,0.49048913232666597
1566,Regulation Of Mast Cell Activation (GO:0033003),0.28077105014279863,3.355327298050139,4.261989445931807,CD300LF,0.49048913232666597
1567,Arachidonate Transport (GO:1903963),0.28077105014279863,3.355327298050139,4.261989445931807,PLA2G1B,0.49048913232666597
1568,Arachidonic Acid Secretion (GO:0050482),0.28077105014279863,3.355327298050139,4.261989445931807,PLA2G1B,0.49048913232666597
1569,Regulation Of Myeloid Leukocyte Mediated Immunity (GO:0002886),0.28077105014279863,3.355327298050139,4.261989445931807,DNASE1L3,0.49048913232666597
1570,Regulation Of Natural Killer Cell Proliferation (GO:0032817),0.28077105014279863,3.355327298050139,4.261989445931807,HLA-E,0.49048913232666597
1571,Aspartate Transmembrane Transport (GO:0015810),0.28077105014279863,3.355327298050139,4.261989445931807,SLC1A1,0.49048913232666597
1572,Axon Regeneration (GO:0031103),0.28077105014279863,3.355327298050139,4.261989445931807,FOLR1,0.49048913232666597
1573,Biomineral Tissue Development (GO:0031214),0.28077105014279863,3.355327298050139,4.261989445931807,FAM20A,0.49048913232666597
1574,cGMP Biosynthetic Process (GO:0006182),0.28077105014279863,3.355327298050139,4.261989445931807,NPR1,0.49048913232666597
1575,Camera-Type Eye Morphogenesis (GO:0048593),0.28077105014279863,3.355327298050139,4.261989445931807,TBX2,0.49048913232666597
1576,Cell Differentiation Involved In Metanephros Development (GO:0072202),0.28077105014279863,3.355327298050139,4.261989445931807,TCF21,0.49048913232666597
1577,Regulation Of Tau-Protein Kinase Activity (GO:1902947),0.28077105014279863,3.355327298050139,4.261989445931807,CLU,0.49048913232666597
1578,Cellular Response To Oxidised Low-Density Lipoprotein Particle Stimulus (GO:0140052),0.28077105014279863,3.355327298050139,4.261989445931807,CD36,0.49048913232666597
1579,Cellular Response To Purine-Containing Compound (GO:0071415),0.28077105014279863,3.355327298050139,4.261989445931807,CLU,0.49048913232666597
1580,Regulation Of Viral-Induced Cytoplasmic Pattern Recognition Receptor Signaling Pathway (GO:0039531),0.28077105014279863,3.355327298050139,4.261989445931807,SLC15A2,0.49048913232666597
1581,Response To Hydroxyurea (GO:0072710),0.28077105014279863,3.355327298050139,4.261989445931807,SPIDR,0.49048913232666597
1582,Response To Platelet-Derived Growth Factor (GO:0036119),0.28077105014279863,3.355327298050139,4.261989445931807,HYAL1,0.49048913232666597
1583,Dopamine Transport (GO:0015872),0.28077105014279863,3.355327298050139,4.261989445931807,SLC22A3,0.49048913232666597
1584,Endodermal Cell Fate Commitment (GO:0001711),0.28077105014279863,3.355327298050139,4.261989445931807,SOX17,0.49048913232666597
1585,Skeletal Muscle Tissue Regeneration (GO:0043403),0.28077105014279863,3.355327298050139,4.261989445931807,CFLAR,0.49048913232666597
1586,Endothelial Tube Morphogenesis (GO:0061154),0.28077105014279863,3.355327298050139,4.261989445931807,STARD13,0.49048913232666597
1587,Excitatory Synapse Assembly (GO:1904861),0.28077105014279863,3.355327298050139,4.261989445931807,SHANK3,0.49048913232666597
1588,Synaptic Vesicle Fusion To Presynaptic Active Zone Membrane (GO:0031629),0.28077105014279863,3.355327298050139,4.261989445931807,STX11,0.49048913232666597
1589,Forelimb Morphogenesis (GO:0035136),0.28077105014279863,3.355327298050139,4.261989445931807,TBX5,0.49048913232666597
1590,Toxin Transport (GO:1901998),0.28077105014279863,3.355327298050139,4.261989445931807,SLC22A3,0.49048913232666597
1591,Granulocyte Migration (GO:0097530),0.28077105014279863,3.355327298050139,4.261989445931807,EMP2,0.49048913232666597
1592,Intestinal Cholesterol Absorption (GO:0030299),0.28077105014279863,3.355327298050139,4.261989445931807,CD36,0.49048913232666597
1593,Lipid Import Into Cell (GO:0140354),0.28077105014279863,3.355327298050139,4.261989445931807,CD36,0.49048913232666597
1594,Long-Chain Fatty Acid Import Into Cell (GO:0044539),0.28077105014279863,3.355327298050139,4.261989445931807,CD36,0.49048913232666597
1595,Mitochondrion Morphogenesis (GO:0070584),0.28077105014279863,3.355327298050139,4.261989445931807,PID1,0.49048913232666597
1596,Mitral Valve Morphogenesis (GO:0003183),0.28077105014279863,3.355327298050139,4.261989445931807,SMAD6,0.49048913232666597
1597,Morphogenesis Of An Epithelial Sheet (GO:0002011),0.28077105014279863,3.355327298050139,4.261989445931807,BMP5,0.49048913232666597
1598,Motor Neuron Axon Guidance (GO:0008045),0.28077105014279863,3.355327298050139,4.261989445931807,SLIT2,0.49048913232666597
1599,Muscle Cell Fate Commitment (GO:0042693),0.28077105014279863,3.355327298050139,4.261989445931807,TBX2,0.49048913232666597
1600,Myelin Assembly (GO:0032288),0.28077105014279863,3.355327298050139,4.261989445931807,TPPP,0.49048913232666597
1601,Myeloid Dendritic Cell Differentiation (GO:0043011),0.28077105014279863,3.355327298050139,4.261989445931807,TGFBR2,0.49048913232666597
1602,Negative Regulation Of Bone Resorption (GO:0045779),0.28077105014279863,3.355327298050139,4.261989445931807,IL6,0.49048913232666597
1603,Negative Regulation Of Cell Adhesion Mediated By Integrin (GO:0033629),0.28077105014279863,3.355327298050139,4.261989445931807,MUC1,0.49048913232666597
1604,Negative Regulation Of Hormone Secretion (GO:0046888),0.28077105014279863,3.355327298050139,4.261989445931807,RAB11FIP1,0.49048913232666597
1605,Negative Regulation Of Muscle Cell Apoptotic Process (GO:0010656),0.28077105014279863,3.355327298050139,4.261989445931807,APOH,0.49048913232666597
1606,Negative Regulation Of Potassium Ion Transmembrane Transporter Activity (GO:1901017),0.28077105014279863,3.355327298050139,4.261989445931807,NEDD4L,0.49048913232666597
1607,Negative Regulation Of Protein Autophosphorylation (GO:0031953),0.28077105014279863,3.355327298050139,4.261989445931807,CAV1,0.49048913232666597
1608,Negative Regulation Of Protein Maturation (GO:1903318),0.28077105014279863,3.355327298050139,4.261989445931807,LRRK2,0.49048913232666597
1609,Negative Regulation Of Toll-Like Receptor 4 Signaling Pathway (GO:0034144),0.28077105014279863,3.355327298050139,4.261989445931807,LILRA2,0.49048913232666597
1610,Negative Regulation Of Tyrosine Phosphorylation Of STAT Protein (GO:0042532),0.28077105014279863,3.355327298050139,4.261989445931807,SOCS3,0.49048913232666597
1611,Negative Regulation Of Vascular Endothelial Growth Factor Signaling Pathway (GO:1900747),0.28077105014279863,3.355327298050139,4.261989445931807,DCN,0.49048913232666597
1612,Nerve Growth Factor Signaling Pathway (GO:0038180),0.28077105014279863,3.355327298050139,4.261989445931807,RAP1A,0.49048913232666597
1613,Neuron Remodeling (GO:0016322),0.28077105014279863,3.355327298050139,4.261989445931807,RND1,0.49048913232666597
1614,Nuclear mRNA Surveillance (GO:0071028),0.28077105014279863,3.355327298050139,4.261989445931807,EXOSC7,0.49048913232666597
1615,Nucleoside Metabolic Process (GO:0009116),0.28077105014279863,3.355327298050139,4.261989445931807,MACROD2,0.49048913232666597
1616,Organic Hydroxy Compound Catabolic Process (GO:1901616),0.28077105014279863,3.355327298050139,4.261989445931807,HSD17B6,0.49048913232666597
1617,Positive Regulation Of ATP Metabolic Process (GO:1903580),0.28077105014279863,3.355327298050139,4.261989445931807,PID1,0.49048913232666597
1618,Positive Regulation Of Mesenchymal Cell Proliferation (GO:0002053),0.28077105014279863,3.355327298050139,4.261989445931807,TGFBR2,0.49048913232666597
1619,Positive Regulation Of miRNA-mediated Gene Silencing (GO:2000637),0.28077105014279863,3.355327298050139,4.261989445931807,ZFP36,0.49048913232666597
1620,Positive Regulation Of Myoblast Fusion (GO:1901741),0.28077105014279863,3.355327298050139,4.261989445931807,SCGB3A1,0.49048913232666597
1621,Positive Regulation Of Platelet Activation (GO:0010572),0.28077105014279863,3.355327298050139,4.261989445931807,SELP,0.49048913232666597
1622,Positive Regulation Of Receptor Recycling (GO:0001921),0.28077105014279863,3.355327298050139,4.261989445931807,RAMP3,0.49048913232666597
1623,Positive Regulation Of Vascular Endothelial Growth Factor Receptor Signaling Pathway (GO:0030949),0.28077105014279863,3.355327298050139,4.261989445931807,PRKCB,0.49048913232666597
1624,rRNA 3'-End Processing (GO:0031125),0.28077105014279863,3.355327298050139,4.261989445931807,EXOSC7,0.49048913232666597
1625,Receptor Guanylyl Cyclase Signaling Pathway (GO:0007168),0.28077105014279863,3.355327298050139,4.261989445931807,NPR1,0.49048913232666597
1626,"Regulation Of CD8-positive, Alpha-Beta T Cell Activation (GO:2001185)",0.28077105014279863,3.355327298050139,4.261989445931807,HLA-E,0.49048913232666597
1627,Regulation Of ER To Golgi Vesicle-Mediated Transport (GO:0060628),0.28077105014279863,3.355327298050139,4.261989445931807,LRRK2,0.49048913232666597
1628,Regulation Of PERK-mediated Unfolded Protein Response (GO:1903897),0.28077105014279863,3.355327298050139,4.261989445931807,PPP1R15A,0.49048913232666597
1629,Regulation Of Actin Filament-Based Movement (GO:1903115),0.28077105014279863,3.355327298050139,4.261989445931807,PLN,0.49048913232666597
1630,Regulation Of Animal Organ Morphogenesis (GO:2000027),0.28077105014279863,3.355327298050139,4.261989445931807,CITED2,0.49048913232666597
1631,Regulation Of Bile Acid Biosynthetic Process (GO:0070857),0.28077105014279863,3.355327298050139,4.261989445931807,FGFR4,0.49048913232666597
1632,Regulation Of Cardiac Muscle Cell Differentiation (GO:2000725),0.28077105014279863,3.355327298050139,4.261989445931807,MYOCD,0.49048913232666597
1633,Organonitrogen Compound Biosynthetic Process (GO:1901566),0.2816249977271033,1.378357967418276,1.7466261168330597,MUC1;ALDH3B1;DMD;SGMS2;CDO1;HACD4,0.49167965004284847
1634,Regulation Of BMP Signaling Pathway (GO:0030510),0.28367296768690115,1.5136412882891757,1.9070869522105667,CDH5;PPARG;SMAD6;CHRDL1,0.4948213683027349
1635,Axon Development (GO:0061564),0.283945197665126,1.4293909052982896,1.7995660219265812,SEMA5A;PARD6B;CRTAC1;FOLR1;GPM6B,0.4948213683027349
1636,Cellular Response To Insulin Stimulus (GO:0032869),0.283945197665126,1.4293909052982896,1.7995660219265812,CAV2;PLA2G1B;PDK4;PPARG;SORBS1,0.4948213683027349
1637,Regulation Of Peptide Hormone Secretion (GO:0090276),0.2872829914437087,1.644510318093718,2.0511771899031777,IL6;ALOX5;FGG,0.5003321982932276
1638,Neuron Projection Guidance (GO:0097485),0.2878421173169072,1.3666056528870612,1.701892992572254,SEMA5A;ROBO2;ROBO4;SEMA3G;NEXN;SLIT2,0.5009999245851663
1639,Protein-Containing Complex Assembly (GO:0065003),0.29325700497800183,1.1995211636626462,1.471459693846758,ANGPT1;LRRK2;FGG;LIN7A;ADRB2;CLU;COX7A1;HIGD1B;HOPX;PARD6B;CAPN3;DMD;STXBP6;WASF3,0.5066450976598345
1640,Regulation Of Potassium Ion Transport (GO:0043266),0.2935962081667461,1.9180115560868698,2.3506188655605618,FHL1;ANK2,0.5066450976598345
1641,Negative Regulation Of Axon Extension (GO:0030517),0.2935962081667461,1.9180115560868698,2.3506188655605618,SEMA5A;SEMA3G,0.5066450976598345
1642,Negative Regulation Of Calcium Ion Transmembrane Transporter Activity (GO:1901020),0.2935962081667461,1.9180115560868698,2.3506188655605618,PLN;CLIC2,0.5066450976598345
1643,Negative Regulation Of Interleukin-1 Production (GO:0032692),0.2935962081667461,1.9180115560868698,2.3506188655605618,CX3CR1;CARD16,0.5066450976598345
1644,Negative Regulation Of Myeloid Leukocyte Differentiation (GO:0002762),0.2935962081667461,1.9180115560868698,2.3506188655605618,TMEM178A;TLR3,0.5066450976598345
1645,Negative Regulation Of Peptidyl-Tyrosine Phosphorylation (GO:0050732),0.2935962081667461,1.9180115560868698,2.3506188655605618,SOCS3;CAV1,0.5066450976598345
1646,Positive Regulation Of JUN Kinase Activity (GO:0043507),0.2935962081667461,1.9180115560868698,2.3506188655605618,EDN1;SASH1,0.5066450976598345
1647,Positive Regulation Of Lipid Kinase Activity (GO:0090218),0.2935962081667461,1.9180115560868698,2.3506188655605618,FGR;TEK,0.5066450976598345
1648,Positive Regulation Of Locomotion (GO:0040017),0.2935962081667461,1.9180115560868698,2.3506188655605618,DUOX1;SPOCK2,0.5066450976598345
1649,Nervous System Development (GO:0007399),0.2969029118109507,1.1673100390148325,1.4175230507967629,SEMA5A;ROBO2;GPM6A;SHC3;ZBTB16;MAMDC2;LDB2;NRGN;ZEB2;EDNRB;FLRT3;ALDH1A2;SPOCK2;ADGRG6;MAL;SHANK3;GPM6B;SPTBN1,0.5066450976598345
1650,Actin Cytoskeleton Reorganization (GO:0031532),0.29717162525351903,1.611536312849162,1.9555113971047362,S1PR1;NEDD9;PHACTR1,0.5066450976598345
1651,Protein-Containing Complex Organization (GO:0043933),0.3003608594259976,1.3436886395511922,1.6161492750991104,PARD6B;FGG;CAPN3;LIN7A;DMD;WASF3,0.5066450976598345
1652,Regulation Of Protein Secretion (GO:0050708),0.3050045847921365,1.3849663576770914,1.6445484836275106,IL6;PLA2G1B;ALOX5;FGG;ADTRP,0.5066450976598345
1653,Regulation Of Gene Expression (GO:0010468),0.3055083178758947,1.0953277931671284,1.2988158996641872,ACVRL1;RAMP2;PID1;RAMP3;CITED2;WWC2;GATA2;AFF3;CLU;CRIP1;CDH5;EFEMP1;SOX17;LAMP3;ATOH8;NFKBIZ;NKX2-1;CTSH;SLC39A8;CD36;SOX7;HOXA5;BTNL9;MSR1;IL33;ANGPT1;SLC11A1;SFTPD;RAB27A;ANK2;KLF4;UPK3B;CLDN5;BMP2;IL6;RGCC;TYROBP;MYADM;PPARG;ADTRP;SLC26A9;FGFR4;TLR3;RBMS3,0.5066450976598345
1654,Regulation Of Coagulation (GO:0050818),0.3066389328506398,2.9823584029712165,3.5253991586141775,FOXA2,0.5066450976598345
1655,Rap Protein Signal Transduction (GO:0032486),0.3066389328506398,2.9823584029712165,3.5253991586141775,RAP1A,0.5066450976598345
1656,T Cell Chemotaxis (GO:0010818),0.3066389328506398,2.9823584029712165,3.5253991586141775,DEFA1,0.5066450976598345
1657,Acidic Amino Acid Transport (GO:0015800),0.3066389328506398,2.9823584029712165,3.5253991586141775,SLC1A1,0.5066450976598345
1658,Actin Filament Depolymerization (GO:0030042),0.3066389328506398,2.9823584029712165,3.5253991586141775,CFL2,0.5066450976598345
1659,Regulation Of Long-Term Neuronal Synaptic Plasticity (GO:0048169),0.3066389328506398,2.9823584029712165,3.5253991586141775,SHANK3,0.5066450976598345
1660,Regulation Of Mitotic Sister Chromatid Separation (GO:0010965),0.3066389328506398,2.9823584029712165,3.5253991586141775,DUSP1,0.5066450976598345
1661,Arginine Metabolic Process (GO:0006525),0.3066389328506398,2.9823584029712165,3.5253991586141775,SLC39A8,0.5066450976598345
1662,Basement Membrane Organization (GO:0071711),0.3066389328506398,2.9823584029712165,3.5253991586141775,RAMP2,0.5066450976598345
1663,Regulation Of Peptidyl-Lysine Acetylation (GO:2000756),0.3066389328506398,2.9823584029712165,3.5253991586141775,MYOCD,0.5066450976598345
1664,Regulation Of Programmed Necrotic Cell Death (GO:0062098),0.3066389328506398,2.9823584029712165,3.5253991586141775,CFLAR,0.5066450976598345
1665,Cardiac Muscle Cell Membrane Repolarization (GO:0099622),0.3066389328506398,2.9823584029712165,3.5253991586141775,KCNJ5,0.5066450976598345
1666,Cellular Response To UV-A (GO:0071492),0.3066389328506398,2.9823584029712165,3.5253991586141775,MME,0.5066450976598345
1667,Cellular Response To Forskolin (GO:1904322),0.3066389328506398,2.9823584029712165,3.5253991586141775,CFTR,0.5066450976598345
1668,Regulation Of Synapse Maturation (GO:0090128),0.3066389328506398,2.9823584029712165,3.5253991586141775,ARHGEF15,0.5066450976598345
1669,Cellular Response To Increased Oxygen Levels (GO:0036295),0.3066389328506398,2.9823584029712165,3.5253991586141775,CAV1,0.5066450976598345
1670,Columnar/Cuboidal Epithelial Cell Differentiation (GO:0002065),0.3066389328506398,2.9823584029712165,3.5253991586141775,GATA6,0.5066450976598345
1671,Response To Corticosteroid (GO:0031960),0.3066389328506398,2.9823584029712165,3.5253991586141775,IL6,0.5066450976598345
1672,Copper Ion Transport (GO:0006825),0.3066389328506398,2.9823584029712165,3.5253991586141775,STEAP4,0.5066450976598345
1673,Response To Forskolin (GO:1904321),0.3066389328506398,2.9823584029712165,3.5253991586141775,CFTR,0.5066450976598345
1674,Response To Prostaglandin E (GO:0034695),0.3066389328506398,2.9823584029712165,3.5253991586141775,TGFBR3,0.5066450976598345
1675,Response To Sterol (GO:0036314),0.3066389328506398,2.9823584029712165,3.5253991586141775,TGFBR2,0.5066450976598345
1676,Embryonic Appendage Morphogenesis (GO:0035113),0.3066389328506398,2.9823584029712165,3.5253991586141775,TBX5,0.5066450976598345
1677,Serine Family Amino Acid Biosynthetic Process (GO:0009070),0.3066389328506398,2.9823584029712165,3.5253991586141775,GGT1,0.5066450976598345
1678,Epithelial Cell Apoptotic Process (GO:1904019),0.3066389328506398,2.9823584029712165,3.5253991586141775,COL4A3,0.5066450976598345
1679,Synaptic Vesicle Transport (GO:0048489),0.3066389328506398,2.9823584029712165,3.5253991586141775,RAB27A,0.5066450976598345
1680,Fatty Acid Beta-Oxidation Using acyl-CoA Dehydrogenase (GO:0033539),0.3066389328506398,2.9823584029712165,3.5253991586141775,ACADL,0.5066450976598345
1681,Thyroid Hormone Generation (GO:0006590),0.3066389328506398,2.9823584029712165,3.5253991586141775,DUOX1,0.5066450976598345
1682,Mesonephros Development (GO:0001823),0.3066389328506398,2.9823584029712165,3.5253991586141775,ZBTB16,0.5066450976598345
1683,Metanephric Mesenchyme Development (GO:0072075),0.3066389328506398,2.9823584029712165,3.5253991586141775,TCF21,0.5066450976598345
1684,Microtubule Anchoring At Centrosome (GO:0034454),0.3066389328506398,2.9823584029712165,3.5253991586141775,CCDC68,0.5066450976598345
1685,Midbrain Dopaminergic Neuron Differentiation (GO:1904948),0.3066389328506398,2.9823584029712165,3.5253991586141775,NR4A2,0.5066450976598345
1686,Mitochondrial Respirasome Assembly (GO:0097250),0.3066389328506398,2.9823584029712165,3.5253991586141775,HIGD1B,0.5066450976598345
1687,Monocyte Differentiation (GO:0030224),0.3066389328506398,2.9823584029712165,3.5253991586141775,PPARG,0.5066450976598345
1688,Negative Regulation Of Adenylate Cyclase Activity (GO:0007194),0.3066389328506398,2.9823584029712165,3.5253991586141775,EDNRB,0.5066450976598345
1689,Negative Regulation Of Autophagosome Assembly (GO:1902902),0.3066389328506398,2.9823584029712165,3.5253991586141775,LRRK2,0.5066450976598345
1690,Negative Regulation Of Dephosphorylation (GO:0035305),0.3066389328506398,2.9823584029712165,3.5253991586141775,PPP1R15A,0.5066450976598345
1691,Negative Regulation Of Exocytosis (GO:0045920),0.3066389328506398,2.9823584029712165,3.5253991586141775,STXBP6,0.5066450976598345
1692,Negative Regulation Of Glycolytic Process (GO:0045820),0.3066389328506398,2.9823584029712165,3.5253991586141775,FBP1,0.5066450976598345
1693,Negative Regulation Of Natural Killer Cell Mediated Immunity (GO:0002716),0.3066389328506398,2.9823584029712165,3.5253991586141775,HLA-E,0.5066450976598345
1694,Negative Regulation Of Steroid Biosynthetic Process (GO:0010894),0.3066389328506398,2.9823584029712165,3.5253991586141775,BMP5,0.5066450976598345
1695,Negative Regulation Of Transmembrane Transport (GO:0034763),0.3066389328506398,2.9823584029712165,3.5253991586141775,PRKCB,0.5066450976598345
1696,Negative Regulation Of Vascular Endothelial Growth Factor Receptor Signaling Pathway (GO:0030948),0.3066389328506398,2.9823584029712165,3.5253991586141775,MMRN2,0.5066450976598345
1697,Nuclear RNA Surveillance (GO:0071027),0.3066389328506398,2.9823584029712165,3.5253991586141775,EXOSC7,0.5066450976598345
1698,"Nuclear-Transcribed mRNA Catabolic Process, Exonucleolytic, 3'-5' (GO:0034427)",0.3066389328506398,2.9823584029712165,3.5253991586141775,EXOSC7,0.5066450976598345
1699,Phenol-Containing Compound Biosynthetic Process (GO:0046189),0.3066389328506398,2.9823584029712165,3.5253991586141775,TYRP1,0.5066450976598345
1700,Positive Regulation Of Actin Nucleation (GO:0051127),0.3066389328506398,2.9823584029712165,3.5253991586141775,WASF3,0.5066450976598345
1701,Positive Regulation Of Cholesterol Metabolic Process (GO:0090205),0.3066389328506398,2.9823584029712165,3.5253991586141775,CES1,0.5066450976598345
1702,Positive Regulation Of Chondrocyte Differentiation (GO:0032332),0.3066389328506398,2.9823584029712165,3.5253991586141775,ZBTB16,0.5066450976598345
1703,Positive Regulation Of Integrin Activation (GO:0033625),0.3066389328506398,2.9823584029712165,3.5253991586141775,RASIP1,0.5066450976598345
1704,Positive Regulation Of Interleukin-13 Production (GO:0032736),0.3066389328506398,2.9823584029712165,3.5253991586141775,HLA-E,0.5066450976598345
1705,Positive Regulation Of Nitric-Oxide Synthase Biosynthetic Process (GO:0051770),0.3066389328506398,2.9823584029712165,3.5253991586141775,IL33,0.5066450976598345
1706,Positive Regulation Of Non-Canonical Wnt Signaling Pathway (GO:2000052),0.3066389328506398,2.9823584029712165,3.5253991586141775,DAB2,0.5066450976598345
1707,Positive Regulation Of Post-Transcriptional Gene Silencing By RNA (GO:1900370),0.3066389328506398,2.9823584029712165,3.5253991586141775,ZFP36,0.5066450976598345
1708,Positive Regulation Of Protein Depolymerization (GO:1901881),0.3066389328506398,2.9823584029712165,3.5253991586141775,SEMA5A,0.5066450976598345
1709,Prostaglandin Transport (GO:0015732),0.3066389328506398,2.9823584029712165,3.5253991586141775,SLCO2A1,0.5066450976598345
1710,Protein auto-ADP-ribosylation (GO:0070213),0.3066389328506398,2.9823584029712165,3.5253991586141775,PARP8,0.5066450976598345
1711,Regulation Of T-helper 2 Cell Cytokine Production (GO:2000551),0.3066389328506398,2.9823584029712165,3.5253991586141775,IL6,0.5066450976598345
1712,Regulation Of Amyloid Precursor Protein Biosynthetic Process (GO:0042984),0.3066389328506398,2.9823584029712165,3.5253991586141775,ITM2A,0.5066450976598345
1713,Regulation Of Calcium Ion Import Across Plasma Membrane (GO:1905664),0.3066389328506398,2.9823584029712165,3.5253991586141775,RAMP3,0.5066450976598345
1714,Regulation Of Dendrite Morphogenesis (GO:0048814),0.30701626360260176,1.851777040350118,2.1866793564488867,HECW2;NEDD4L,0.5066450976598345
1715,Regulation Of Macrophage Activation (GO:0043030),0.30701626360260176,1.851777040350118,2.1866793564488867,IL33;IL6,0.5066450976598345
1716,Antigen Processing And Presentation Of Exogenous Peptide Antigen (GO:0002478),0.30701626360260176,1.851777040350118,2.1866793564488867,HLA-DMA;HLA-E,0.5066450976598345
1717,Glutamine Family Amino Acid Metabolic Process (GO:0009064),0.30701626360260176,1.851777040350118,2.1866793564488867,SLC39A8;GGT1,0.5066450976598345
1718,Negative Chemotaxis (GO:0050919),0.30701626360260176,1.851777040350118,2.1866793564488867,SEMA3G;SLIT2,0.5066450976598345
1719,Negative Regulation Of DNA Biosynthetic Process (GO:2000279),0.30701626360260176,1.851777040350118,2.1866793564488867,ACVRL1;DACH1,0.5066450976598345
1720,Phospholipid Translocation (GO:0045332),0.30701626360260176,1.851777040350118,2.1866793564488867,ATP8A1;PLSCR4,0.5066450976598345
1721,Positive Regulation Of Glucose Transmembrane Transport (GO:0010828),0.30701626360260176,1.851777040350118,2.1866793564488867,NR4A3;SORBS1,0.5066450976598345
1722,Positive Regulation Of Proteolysis Involved In Protein Catabolic Process (GO:1903052),0.30701626360260176,1.851777040350118,2.1866793564488867,ECSCR;CLU,0.5066450976598345
1723,Endoplasmic Reticulum Organization (GO:0007029),0.30707917529154466,1.5798554058494907,1.865255755147969,VAPA;CAV2;LRRK2,0.5066450976598345
1724,Epidermal Cell Differentiation (GO:0009913),0.30707917529154466,1.5798554058494907,1.865255755147969,SCEL;GATA6;CFLAR,0.5066450976598345
1725,Monoatomic Anion Transmembrane Transport (GO:0098656),0.30707917529154466,1.5798554058494907,1.865255755147969,SLC1A1;SLC26A9;CFTR,0.5066450976598345
1726,Negative Regulation Of Protein Catabolic Process (GO:0042177),0.30707917529154466,1.5798554058494907,1.865255755147969,LAMP3;TIMP3;IRAK3,0.5066450976598345
1727,Negative Regulation Of Protein Modification By Small Protein Conjugation Or Removal (GO:1903321),0.30707917529154466,1.5798554058494907,1.865255755147969,CAV1;CAPN3;ARRB1,0.5066450976598345
1728,Positive Regulation Of Leukocyte Chemotaxis (GO:0002690),0.30707917529154466,1.5798554058494907,1.865255755147969,IL6;CXCL17;NEDD9,0.5066450976598345
1729,Regulation Of Innate Immune Response (GO:0045088),0.30803890778620086,1.452050652050652,1.7098320136357912,FGR;TLR8;IRAK3;HLA-E,0.5073477331591326
1730,Cellular Response To Nutrient Levels (GO:0031669),0.30803890778620086,1.452050652050652,1.7098320136357912,CDKN2B;LRRK2;FAM107A;PDK4,0.5073477331591326
1731,Organonitrogen Compound Catabolic Process (GO:1901565),0.30803890778620086,1.452050652050652,1.7098320136357912,BCHE;ANPEP;CAPN3;DENND3,0.5073477331591326
1732,Positive Regulation Of Protein Modification By Small Protein Conjugation Or Removal (GO:1903322),0.316210074315205,1.4326153846153846,1.6494395657514238,ANGPT1;LRRK2;CAV1;FAM107A,0.5205051511966798
1733,"Regulation Of Synaptic Transmission, Glutamatergic (GO:0051966)",0.3169984556311449,1.5493929952728835,1.7800331217956944,LRRK2;CCL2;SHANK3,0.521201036334714
1734,Neuron Migration (GO:0001764),0.3169984556311449,1.5493929952728835,1.7800331217956944,NR4A2;GPM6A;NDNF,0.521201036334714
1735,Regulation Of Natural Killer Cell Mediated Cytotoxicity (GO:0042269),0.3203857366270604,1.789958158995816,2.0373833274201645,CADM1;HLA-E,0.5246523464237502
1736,Transition Metal Ion Transport (GO:0000041),0.3203857366270604,1.789958158995816,2.0373833274201645,SLC11A1;SLC39A8,0.5246523464237502
1737,Vesicle Budding From Membrane (GO:0006900),0.3203857366270604,1.789958158995816,2.0373833274201645,VAPA;S100A10,0.5246523464237502
1738,Mesenchymal Cell Migration (GO:0090497),0.3203857366270604,1.789958158995816,2.0373833274201645,SEMA5A;SEMA3G,0.5246523464237502
1739,Negative Regulation Of Fat Cell Differentiation (GO:0045599),0.3203857366270604,1.789958158995816,2.0373833274201645,BMP2;IL6,0.5246523464237502
1740,Neural Tube Closure (GO:0001843),0.3203857366270604,1.789958158995816,2.0373833274201645,COBL;FOLR1,0.5246523464237502
1741,Purine Ribonucleoside Triphosphate Metabolic Process (GO:0009205),0.3203857366270604,1.789958158995816,2.0373833274201645,LRRK2;GIMAP7,0.5246523464237502
1742,Wound Healing (GO:0042060),0.3243989326101874,1.4136915715863085,1.5915074604711401,SFTA3;JAML;SLC11A1;CFLAR,0.5298923798010341
1743,Inorganic Cation Transmembrane Transport (GO:0098662),0.324912366370141,1.186184374739995,1.333508207132325,SCARA5;SLC11A1;SCNN1B;SLC6A14;TRPV2;SLC39A8;SLC4A4;CLU;SCN4B;KCNK3;AQP1;SLC6A4,0.5298923798010341
1744,Positive Regulation Of Developmental Process (GO:0051094),0.3290221391320363,1.2053862257838046,1.3399437773948866,BMP2;TNXB;ZBTB16;MMRN2;COBL;PPARG;SHANK3;DCN;FOXA2;BMP5,0.5298923798010341
1745,Regulation Of Cytoplasmic Transport (GO:1903649),0.3315776939898439,2.683983286908078,2.9628307001979723,LRRK2,0.5298923798010341
1746,Regulation Of Mesenchymal Cell Proliferation (GO:0010464),0.3315776939898439,2.683983286908078,2.9628307001979723,TGFBR2,0.5298923798010341
1747,Regulation Of Mitochondrial Fusion (GO:0010635),0.3315776939898439,2.683983286908078,2.9628307001979723,PID1,0.5298923798010341
1748,Aspartate Family Amino Acid Catabolic Process (GO:0009068),0.3315776939898439,2.683983286908078,2.9628307001979723,ASPA,0.5298923798010341
1749,cGMP Metabolic Process (GO:0046068),0.3315776939898439,2.683983286908078,2.9628307001979723,NPR1,0.5298923798010341
1750,Regulation Of Protein K63-linked Ubiquitination (GO:1900044),0.3315776939898439,2.683983286908078,2.9628307001979723,SASH1,0.5298923798010341
1751,Cell Part Morphogenesis (GO:0032990),0.3315776939898439,2.683983286908078,2.9628307001979723,PID1,0.5298923798010341
1752,Regulation Of Response To Oxidative Stress (GO:1902882),0.3315776939898439,2.683983286908078,2.9628307001979723,ALOX5,0.5298923798010341
1753,Cellular Response To Growth Hormone Stimulus (GO:0071378),0.3315776939898439,2.683983286908078,2.9628307001979723,SOCS2,0.5298923798010341
1754,Regulation Of Type II Interferon-Mediated Signaling Pathway (GO:0060334),0.3315776939898439,2.683983286908078,2.9628307001979723,PPARG,0.5298923798010341
1755,Regulation Of Ventricular Cardiac Muscle Cell Action Potential (GO:0098911),0.3315776939898439,2.683983286908078,2.9628307001979723,CAV1,0.5298923798010341
1756,Complement Receptor Mediated Signaling Pathway (GO:0002430),0.3315776939898439,2.683983286908078,2.9628307001979723,C5AR1,0.5298923798010341
1757,Retinoic Acid Receptor Signaling Pathway (GO:0048384),0.3315776939898439,2.683983286908078,2.9628307001979723,PPARG,0.5298923798010341
1758,Self Proteolysis (GO:0097264),0.3315776939898439,2.683983286908078,2.9628307001979723,CAPN3,0.5298923798010341
1759,Skeletal Muscle Fiber Development (GO:0048741),0.3315776939898439,2.683983286908078,2.9628307001979723,CAV2,0.5298923798010341
1760,Fatty Acid Beta-Oxidation Using acyl-CoA Oxidase (GO:0033540),0.3315776939898439,2.683983286908078,2.9628307001979723,ACOXL,0.5298923798010341
1761,Intestinal Absorption (GO:0050892),0.3315776939898439,2.683983286908078,2.9628307001979723,CD36,0.5298923798010341
1762,Intestinal Lipid Absorption (GO:0098856),0.3315776939898439,2.683983286908078,2.9628307001979723,CD36,0.5298923798010341
1763,Macrophage Activation Involved In Immune Response (GO:0002281),0.3315776939898439,2.683983286908078,2.9628307001979723,TYROBP,0.5298923798010341
1764,Melanocyte Differentiation (GO:0030318),0.3315776939898439,2.683983286908078,2.9628307001979723,TYRP1,0.5298923798010341
1765,Mitochondrion Distribution (GO:0048311),0.3315776939898439,2.683983286908078,2.9628307001979723,LRRK2,0.5298923798010341
1766,Negative Regulation Of Amyloid Fibril Formation (GO:1905907),0.3315776939898439,2.683983286908078,2.9628307001979723,CLU,0.5298923798010341
1767,Negative Regulation Of Bone Remodeling (GO:0046851),0.3315776939898439,2.683983286908078,2.9628307001979723,IL6,0.5298923798010341
1768,Negative Regulation Of Cell Division (GO:0051782),0.3315776939898439,2.683983286908078,2.9628307001979723,SUSD2,0.5298923798010341
1769,Negative Regulation Of Cellular Response To Vascular Endothelial Growth Factor Stimulus (GO:1902548),0.3315776939898439,2.683983286908078,2.9628307001979723,DCN,0.5298923798010341
1770,Negative Regulation Of Cyclase Activity (GO:0031280),0.3315776939898439,2.683983286908078,2.9628307001979723,EDNRB,0.5298923798010341
1771,Negative Regulation Of Fibrinolysis (GO:0051918),0.3315776939898439,2.683983286908078,2.9628307001979723,THBD,0.5298923798010341
1772,Negative Regulation Of Heart Contraction (GO:0045822),0.3315776939898439,2.683983286908078,2.9628307001979723,PLN,0.5298923798010341
1773,Negative Regulation Of Microtubule Polymerization (GO:0031115),0.3315776939898439,2.683983286908078,2.9628307001979723,CDH5,0.5298923798010341
1774,Negative Regulation Of Release Of Sequestered Calcium Ion Into Cytosol (GO:0051280),0.3315776939898439,2.683983286908078,2.9628307001979723,CLIC2,0.5298923798010341
1775,Negative Regulation Of Ryanodine-Sensitive Calcium-Release Channel Activity (GO:0060315),0.3315776939898439,2.683983286908078,2.9628307001979723,CLIC2,0.5298923798010341
1776,Negative Regulation Of Voltage-Gated Potassium Channel Activity (GO:1903817),0.3315776939898439,2.683983286908078,2.9628307001979723,CAV1,0.5298923798010341
1777,Neurotransmitter Uptake (GO:0001504),0.3315776939898439,2.683983286908078,2.9628307001979723,SLC22A3,0.5298923798010341
1778,Pentose-Phosphate Shunt (GO:0006098),0.3315776939898439,2.683983286908078,2.9628307001979723,PHACTR1,0.5298923798010341
1779,Positive Regulation Of Behavior (GO:0048520),0.3315776939898439,2.683983286908078,2.9628307001979723,NR4A3,0.5298923798010341
1780,Positive Regulation Of Circadian Rhythm (GO:0042753),0.3315776939898439,2.683983286908078,2.9628307001979723,NKX2-1,0.5298923798010341
1781,Positive Regulation Of Lipid Transport (GO:0032370),0.3315776939898439,2.683983286908078,2.9628307001979723,ABCA3,0.5298923798010341
1782,Pyrimidine Nucleobase Metabolic Process (GO:0006206),0.3315776939898439,2.683983286908078,2.9628307001979723,DPYSL2,0.5298923798010341
1783,Regulation Of T-helper 17 Cell Differentiation (GO:2000319),0.3315776939898439,2.683983286908078,2.9628307001979723,NFKBIZ,0.5298923798010341
1784,Regulation Of Adipose Tissue Development (GO:1904177),0.3315776939898439,2.683983286908078,2.9628307001979723,PPARG,0.5298923798010341
1785,Negative Regulation Of NF-kappaB Transcription Factor Activity (GO:0032088),0.3326014582653102,1.395259286168377,1.5359158321607536,LRRK2;ARRB1;IRAK3;KLF4,0.5307725391530733
1786,Response To Calcium Ion (GO:0051592),0.3334135742109725,1.329838866239565,1.4606572366101762,CAV1;FGG;ALOX5AP;CAPN3;CLU,0.5307725391530733
1787,Actin Filament Bundle Assembly (GO:0051017),0.3336909334518677,1.732127592567598,1.9010794276796559,FAM107A;NEDD9,0.5307725391530733
1788,Actin Filament Bundle Organization (GO:0061572),0.3336909334518677,1.732127592567598,1.9010794276796559,FAM107A;NEDD9,0.5307725391530733
1789,Ventricular Cardiac Muscle Tissue Morphogenesis (GO:0055010),0.3336909334518677,1.732127592567598,1.9010794276796559,TGFBR3;TNNC1,0.5307725391530733
1790,Positive Regulation Of Cytokine Production Involved In Immune Response (GO:0002720),0.3336909334518677,1.732127592567598,1.9010794276796559,CD55;HLA-E,0.5307725391530733
1791,Positive Regulation Of Epidermal Growth Factor Receptor Signaling Pathway (GO:0045742),0.3336909334518677,1.732127592567598,1.9010794276796559,AREG;HBEGF,0.5307725391530733
1792,Positive Regulation Of Telomerase Activity (GO:0051973),0.3336909334518677,1.732127592567598,1.9010794276796559,PARM1;KLF4,0.5307725391530733
1793,Cellular Component Assembly (GO:0022607),0.3338039855143671,1.187529780137499,1.302959251804439,PARD6B;RTN1;FGG;FAM107A;NEDD9;CAPN3;DMD;LIN7A;GPM6B;SPTBN1;WASF3,0.5307725391530733
1794,Membrane Lipid Biosynthetic Process (GO:0046467),0.33684467121063955,1.491852886405959,1.6233349105794483,ALDH3B1;SGMS2;HACD4,0.5350106727696564
1795,Regulation Of Calcium Ion Transport (GO:0051924),0.33684467121063955,1.491852886405959,1.6233349105794483,PLN;ANK2;LILRA2,0.5350106727696564
1796,Epithelial Cell Differentiation (GO:0030855),0.3384512275237742,1.2793027449408936,1.3859649709579696,DAB2;DMBT1;GATA6;TCF21;PPARG;CES1,0.5372630566092874
1797,Positive Regulation Of T Cell Activation (GO:0050870),0.3405566609017434,1.3167325753830945,1.4183497820874864,IL6;HLA-DMA;DOCK8;CCL2;CD47,0.540304418603712
1798,Regulation Of Phosphorylation (GO:0042325),0.3408137086527626,1.3772996234534696,1.4825518413602294,CDH5;CDKN2B;EMP2;LDB2,0.5404115035422838
1799,Regulation Of Neuron Death (GO:1901214),0.34675844426490887,1.4646521076688674,1.551252398745122,TYROBP;LRRK2;CLU,0.5436324417703954
1800,Memory (GO:0007613),0.34675844426490887,1.4646521076688674,1.551252398745122,CAMK2N1;RASGRF1;SHANK3,0.5436324417703954
1801,Positive Regulation Of Type II Interferon Production (GO:0032729),0.34675844426490887,1.4646521076688674,1.551252398745122,SLC11A1;TLR8;TLR3,0.5436324417703954
1802,Regulation Of Phosphatidylinositol 3-Kinase Activity (GO:0043551),0.346919207469726,1.6779114365411436,1.7763433552380625,FGR;TEK,0.5436324417703954
1803,Cellular Response To Vascular Endothelial Growth Factor Stimulus (GO:0035924),0.346919207469726,1.6779114365411436,1.7763433552380625,NR4A1;RAMP2,0.5436324417703954
1804,Semaphorin-Plexin Signaling Pathway (GO:0071526),0.346919207469726,1.6779114365411436,1.7763433552380625,SEMA5A;SEMA3G,0.5436324417703954
1805,Embryonic Limb Morphogenesis (GO:0030326),0.346919207469726,1.6779114365411436,1.7763433552380625,TBX5;TBX2,0.5436324417703954
1806,Superoxide Metabolic Process (GO:0006801),0.346919207469726,1.6779114365411436,1.7763433552380625,DUOX1;NCF2,0.5436324417703954
1807,Membrane Protein Proteolysis (GO:0033619),0.346919207469726,1.6779114365411436,1.7763433552380625,NAPSA;CTSH,0.5436324417703954
1808,Microtubule Polymerization (GO:0046785),0.346919207469726,1.6779114365411436,1.7763433552380625,TPPP3;TPPP,0.5436324417703954
1809,Positive Regulation Of Carbohydrate Metabolic Process (GO:0045913),0.346919207469726,1.6779114365411436,1.7763433552380625,PRKCE;SLC4A4,0.5436324417703954
1810,Positive Regulation Of Immunoglobulin Production (GO:0002639),0.346919207469726,1.6779114365411436,1.7763433552380625,IL6;HLA-E,0.5436324417703954
1811,Positive Regulation Of Neuron Death (GO:1901216),0.346919207469726,1.6779114365411436,1.7763433552380625,TYROBP;CLU,0.5436324417703954
1812,Purine Nucleotide Metabolic Process (GO:0006163),0.346919207469726,1.6779114365411436,1.7763433552380625,FMO2;GPD1L,0.5436324417703954
1813,Positive Regulation Of Proteasomal Ubiquitin-Dependent Protein Catabolic Process (GO:0032436),0.3490318253118509,1.3597946357440027,1.4313091876594168,DAB2;LRRK2;CAV1;CLU,0.5436324417703954
1814,Regulation Of Chemokine (C-X-C Motif) Ligand 2 Production (GO:2000341),0.35562066078631616,2.4398581919473283,2.5225466350050363,KLF4,0.5436324417703954
1815,C4-dicarboxylate Transport (GO:0015740),0.35562066078631616,2.4398581919473283,2.5225466350050363,SLC1A1,0.5436324417703954
1816,MyD88-dependent Toll-Like Receptor Signaling Pathway (GO:0002755),0.35562066078631616,2.4398581919473283,2.5225466350050363,IRAK3,0.5436324417703954
1817,Regulation Of Leukocyte Adhesion To Vascular Endothelial Cell (GO:1904994),0.35562066078631616,2.4398581919473283,2.5225466350050363,IL6,0.5436324417703954
1818,Regulation Of Lymphocyte Migration (GO:2000401),0.35562066078631616,2.4398581919473283,2.5225466350050363,JAM2,0.5436324417703954
1819,Adult Locomotory Behavior (GO:0008344),0.35562066078631616,2.4398581919473283,2.5225466350050363,FOXA2,0.5436324417703954
1820,Alanine Transport (GO:0032328),0.35562066078631616,2.4398581919473283,2.5225466350050363,SLC6A14,0.5436324417703954
1821,Astrocyte Activation (GO:0048143),0.35562066078631616,2.4398581919473283,2.5225466350050363,C5AR1,0.5436324417703954
1822,Atrial Cardiac Muscle Cell Action Potential (GO:0086014),0.35562066078631616,2.4398581919473283,2.5225466350050363,KCNJ5,0.5436324417703954
1823,Atrial Cardiac Muscle Tissue Development (GO:0003228),0.35562066078631616,2.4398581919473283,2.5225466350050363,TBX5,0.5436324417703954
1824,Cell-Cell Junction Maintenance (GO:0045217),0.35562066078631616,2.4398581919473283,2.5225466350050363,MYADM,0.5436324417703954
1825,Regulation Of Retinoic Acid Receptor Signaling Pathway (GO:0048385),0.35562066078631616,2.4398581919473283,2.5225466350050363,KLF2,0.5436324417703954
1826,Cellular Response To Acidic pH (GO:0071468),0.35562066078631616,2.4398581919473283,2.5225466350050363,SCNN1B,0.5436324417703954
1827,Relaxation Of Cardiac Muscle (GO:0055119),0.35562066078631616,2.4398581919473283,2.5225466350050363,PLN,0.5436324417703954
1828,Detection Of Bacterium (GO:0016045),0.35562066078631616,2.4398581919473283,2.5225466350050363,NLRC4,0.5436324417703954
1829,Endochondral Bone Morphogenesis (GO:0060350),0.35562066078631616,2.4398581919473283,2.5225466350050363,COL13A1,0.5436324417703954
1830,Endothelium Development (GO:0003158),0.35562066078631616,2.4398581919473283,2.5225466350050363,PECAM1,0.5436324417703954
1831,Sodium Ion Export Across Plasma Membrane (GO:0036376),0.35562066078631616,2.4398581919473283,2.5225466350050363,SLC4A4,0.5436324417703954
1832,Steroid Catabolic Process (GO:0006706),0.35562066078631616,2.4398581919473283,2.5225466350050363,HSD17B6,0.5436324417703954
1833,Exonucleolytic Catabolism Of Deadenylated mRNA (GO:0043928),0.35562066078631616,2.4398581919473283,2.5225466350050363,EXOSC7,0.5436324417703954
1834,Fatty Acid Elongation (GO:0030497),0.35562066078631616,2.4398581919473283,2.5225466350050363,HACD4,0.5436324417703954
1835,Fatty Acid Transmembrane Transport (GO:1902001),0.35562066078631616,2.4398581919473283,2.5225466350050363,CD36,0.5436324417703954
1836,Fibrinolysis (GO:0042730),0.35562066078631616,2.4398581919473283,2.5225466350050363,FGG,0.5436324417703954
1837,Triglyceride Catabolic Process (GO:0019433),0.35562066078631616,2.4398581919473283,2.5225466350050363,GPIHBP1,0.5436324417703954
1838,Granulocyte Activation (GO:0036230),0.35562066078631616,2.4398581919473283,2.5225466350050363,CXCR2,0.5436324417703954
1839,Very Long-Chain Fatty Acid Biosynthetic Process (GO:0042761),0.35562066078631616,2.4398581919473283,2.5225466350050363,HACD4,0.5436324417703954
1840,Low-Density Lipoprotein Particle Remodeling (GO:0034374),0.35562066078631616,2.4398581919473283,2.5225466350050363,AGTR1,0.5436324417703954
1841,Microtubule Anchoring At Microtubule Organizing Center (GO:0072393),0.35562066078631616,2.4398581919473283,2.5225466350050363,CCDC68,0.5436324417703954
1842,Negative Regulation By Host Of Viral Process (GO:0044793),0.35562066078631616,2.4398581919473283,2.5225466350050363,VAPA,0.5436324417703954
1843,Negative Regulation Of Cardiac Muscle Hypertrophy (GO:0010614),0.35562066078631616,2.4398581919473283,2.5225466350050363,PPARG,0.5436324417703954
1844,Negative Regulation Of Epidermal Growth Factor-Activated Receptor Activity (GO:0007175),0.35562066078631616,2.4398581919473283,2.5225466350050363,GPRC5A,0.5436324417703954
1845,Negative Regulation Of Hippo Signaling (GO:0035331),0.35562066078631616,2.4398581919473283,2.5225466350050363,WWC2,0.5436324417703954
1846,Negative Regulation Of Intrinsic Apoptotic Signaling Pathway In Response To DNA Damage By P53 Class Mediator (GO:1902166),0.35562066078631616,2.4398581919473283,2.5225466350050363,MUC1,0.5436324417703954
1847,Negative Regulation Of Macrophage Derived Foam Cell Differentiation (GO:0010745),0.35562066078631616,2.4398581919473283,2.5225466350050363,PPARG,0.5436324417703954
1848,Positive Regulation By Symbiont Of Entry Into Host (GO:0075294),0.35562066078631616,2.4398581919473283,2.5225466350050363,TMPRSS2,0.5436324417703954
1849,"Positive Regulation Of CD4-positive, Alpha-Beta T Cell Activation (GO:2000516)",0.35562066078631616,2.4398581919473283,2.5225466350050363,TGFBR2,0.5436324417703954
1850,Positive Regulation Of ERAD Pathway (GO:1904294),0.35562066078631616,2.4398581919473283,2.5225466350050363,CAV1,0.5436324417703954
1851,Positive Regulation Of T-helper 1 Type Immune Response (GO:0002827),0.35562066078631616,2.4398581919473283,2.5225466350050363,SLC11A1,0.5436324417703954
1852,Positive Regulation Of T-helper Cell Differentiation (GO:0045624),0.35562066078631616,2.4398581919473283,2.5225466350050363,NFKBIZ,0.5436324417703954
1853,Positive Regulation Of Fatty Acid Oxidation (GO:0046321),0.35562066078631616,2.4398581919473283,2.5225466350050363,NR4A3,0.5436324417703954
1854,Positive Regulation Of Insulin Receptor Signaling Pathway (GO:0046628),0.35562066078631616,2.4398581919473283,2.5225466350050363,SORBS1,0.5436324417703954
1855,Positive Regulation Of Integrin-Mediated Signaling Pathway (GO:2001046),0.35562066078631616,2.4398581919473283,2.5225466350050363,EMP2,0.5436324417703954
1856,Positive Regulation Of Myeloid Leukocyte Mediated Immunity (GO:0002888),0.35562066078631616,2.4398581919473283,2.5225466350050363,TYROBP,0.5436324417703954
1857,Positive Regulation Of Nuclear-Transcribed mRNA poly(A) Tail Shortening (GO:0060213),0.35562066078631616,2.4398581919473283,2.5225466350050363,ZFP36,0.5436324417703954
1858,Positive Regulation Of Purine Nucleotide Biosynthetic Process (GO:1900373),0.35562066078631616,2.4398581919473283,2.5225466350050363,PID1,0.5436324417703954
1859,Positive Regulation Of Regulated Secretory Pathway (GO:1903307),0.35562066078631616,2.4398581919473283,2.5225466350050363,RAB27A,0.5436324417703954
1860,Positive Regulation Of Sodium Ion Transmembrane Transporter Activity (GO:2000651),0.35562066078631616,2.4398581919473283,2.5225466350050363,DMD,0.5436324417703954
1861,Positive Regulation Of Viral Entry Into Host Cell (GO:0046598),0.35562066078631616,2.4398581919473283,2.5225466350050363,TMPRSS2,0.5436324417703954
1862,Positive Regulation Of Voltage-Gated Calcium Channel Activity (GO:1901387),0.35562066078631616,2.4398581919473283,2.5225466350050363,STAC,0.5436324417703954
1863,Quaternary Ammonium Group Transport (GO:0015697),0.35562066078631616,2.4398581919473283,2.5225466350050363,SLC22A3,0.5436324417703954
1864,Regulation Of Actin Filament Organization (GO:0110053),0.35562066078631616,2.4398581919473283,2.5225466350050363,CSF3,0.5436324417703954
1865,Regulation Of Cell Communication By Electrical Coupling (GO:0010649),0.35562066078631616,2.4398581919473283,2.5225466350050363,CAV1,0.5436324417703954
1866,Phospholipid Transport (GO:0015914),0.3566576230441819,1.4384227853152434,1.4829836796990792,ATP8A1;VAPA;ABCA3,0.5449254465696477
1867,Positive Regulation Of Protein Ubiquitination (GO:0031398),0.3572520360279235,1.3427272727272728,1.382087661800444,ANGPT1;LRRK2;CAV1;FAM107A,0.5455412719419442
1868,Action Potential (GO:0001508),0.36005890194356904,1.6269811081526562,1.6619410996595767,GNAQ;DMD,0.5471897278470764
1869,Adherens Junction Organization (GO:0034332),0.36005890194356904,1.6269811081526562,1.6619410996595767,CDH5;RAMP2,0.5471897278470764
1870,Regulation Of Regulated Secretory Pathway (GO:1903305),0.36005890194356904,1.6269811081526562,1.6619410996595767,LRRK2;RAB27A,0.5471897278470764
1871,Dendrite Morphogenesis (GO:0048813),0.36005890194356904,1.6269811081526562,1.6619410996595767,PHACTR1;SHANK3,0.5471897278470764
1872,Neutral Amino Acid Transport (GO:0015804),0.36005890194356904,1.6269811081526562,1.6619410996595767,SLC1A1;SLC6A14,0.5471897278470764
1873,Platelet Aggregation (GO:0070527),0.36005890194356904,1.6269811081526562,1.6619410996595767,FGG;HBB,0.5471897278470764
1874,Positive Regulation Of Cell Development (GO:0010720),0.36005890194356904,1.6269811081526562,1.6619410996595767,CX3CR1;MME,0.5471897278470764
1875,Positive Regulation Of Mitotic Nuclear Division (GO:0045840),0.36005890194356904,1.6269811081526562,1.6619410996595767,EDN1;RGCC,0.5471897278470764
1876,Regulation Of Cardiac Muscle Contraction (GO:0055117),0.36005890194356904,1.6269811081526562,1.6619410996595767,PLN;ANK2,0.5471897278470764
1877,Axonogenesis (GO:0007409),0.3644881123381702,1.1939990623534926,1.205057095633114,SEMA5A;ROBO2;ROBO4;PARD6B;ANOS1;SEMA3G;NEXN;SLIT2,0.5536257902376789
1878,Protein Autophosphorylation (GO:0046777),0.3647535236708672,1.2131388184124683,1.223491054953937,FGR;GRK5;DAPK1;DAPK2;LRRK2;TEK;FGFR4,0.5537339169252622
1879,Positive Regulation Of Protein Localization (GO:1903829),0.3654706569493008,1.326081326081326,1.3347927321918645,TYROBP;PECAM1;NEDD9;GPD1L,0.5545273246207858
1880,Sterol Metabolic Process (GO:0016125),0.36653623077221986,1.4131137900617465,1.418282828052201,CH25H;FAXDC2;CES1,0.5555527878424236
1881,Negative Regulation Of Peptidase Activity (GO:0010466),0.36653623077221986,1.4131137900617465,1.418282828052201,SERPINA1;SPOCK2;TIMP3,0.5555527878424236
1882,RNA Metabolic Process (GO:0016070),0.36921413724735497,1.2667802970244701,1.2621926338324303,EXOSC7;CELF2;ADARB1;RNASE1;RBMS2,0.5569668411163173
1883,Negative Regulation Of Cellular Biosynthetic Process (GO:0031327),0.37057569662500617,1.2301532070704366,1.2211700695369605,ACVRL1;FCN3;DACH1;ACADL;DAPK1;CAV1,0.5569668411163173
1884,Regulation Of Trans-Synaptic Signaling (GO:0099177),0.37309929521119767,1.57904668143408,1.5567989997050642,CX3CR1;GRIA1,0.5569668411163173
1885,Substrate Adhesion-Dependent Cell Spreading (GO:0034446),0.37309929521119767,1.57904668143408,1.5567989997050642,ITGA8;TEK,0.5569668411163173
1886,Negative Regulation Of T Cell Proliferation (GO:0042130),0.37309929521119767,1.57904668143408,1.5567989997050642,SFTPD;VSIG4,0.5569668411163173
1887,Positive Regulation Of Interferon-Beta Production (GO:0032728),0.37309929521119767,1.57904668143408,1.5567989997050642,TLR8;TLR3,0.5569668411163173
1888,Small GTPase Mediated Signal Transduction (GO:0007264),0.37638722880983344,1.2548757820885363,1.2261853082185252,ARHGAP31;RRAD;RASGRF1;ARHGAP18;RERG,0.5569668411163173
1889,Negative Regulation Of Intrinsic Apoptotic Signaling Pathway (GO:2001243),0.3763885301988299,1.3886775187825082,1.3569231078157364,LRRK2;RTKN2;CLU,0.5569668411163173
1890,ATP Transport (GO:0015867),0.3787999666518903,2.2364206128133706,2.1709986133886745,CD47,0.5569668411163173
1891,Regulation Of Gastrulation (GO:0010470),0.3787999666518903,2.2364206128133706,2.1709986133886745,FOXA2,0.5569668411163173
1892,Regulation Of Intrinsic Apoptotic Signaling Pathway In Response To DNA Damage By P53 Class Mediator (GO:1902165),0.3787999666518903,2.2364206128133706,2.1709986133886745,MUC1,0.5569668411163173
1893,Acute-Phase Response (GO:0006953),0.3787999666518903,2.2364206128133706,2.1709986133886745,IL6,0.5569668411163173
1894,Regulation Of Macrophage Cytokine Production (GO:0010935),0.3787999666518903,2.2364206128133706,2.1709986133886745,IRAK3,0.5569668411163173
1895,Antigen Processing And Presentation Of Endogenous Peptide Antigen Via MHC Class I Via ER Pathway (GO:0002484),0.3787999666518903,2.2364206128133706,2.1709986133886745,HLA-E,0.5569668411163173
1896,"Antigen Processing And Presentation Of Endogenous Peptide Antigen Via MHC Class I Via ER Pathway, TAP-independent (GO:0002486)",0.3787999666518903,2.2364206128133706,2.1709986133886745,HLA-E,0.5569668411163173
1897,Antigen Processing And Presentation Of Endogenous Peptide Antigen Via MHC Class Ib (GO:0002476),0.3787999666518903,2.2364206128133706,2.1709986133886745,HLA-E,0.5569668411163173
1898,Antigen Processing And Presentation Of Peptide Antigen Via MHC Class Ib (GO:0002428),0.3787999666518903,2.2364206128133706,2.1709986133886745,HLA-E,0.5569668411163173
1899,Regulation Of Nitrogen Compound Metabolic Process (GO:0051171),0.3787999666518903,2.2364206128133706,2.1709986133886745,ALDH2,0.5569668411163173
1900,Body Fluid Secretion (GO:0007589),0.3787999666518903,2.2364206128133706,2.1709986133886745,NPR1,0.5569668411163173
1901,Regulation Of Response To Endoplasmic Reticulum Stress (GO:1905897),0.3787999666518903,2.2364206128133706,2.1709986133886745,CLU,0.5569668411163173
1902,Cellular Modified Amino Acid Catabolic Process (GO:0042219),0.3787999666518903,2.2364206128133706,2.1709986133886745,CDO1,0.5569668411163173
1903,Relaxation Of Muscle (GO:0090075),0.3787999666518903,2.2364206128133706,2.1709986133886745,PLN,0.5569668411163173
1904,Response To UV-A (GO:0070141),0.3787999666518903,2.2364206128133706,2.1709986133886745,MME,0.5569668411163173
1905,Cytoplasmic Sequestering Of Protein (GO:0051220),0.3787999666518903,2.2364206128133706,2.1709986133886745,PTPRM,0.5569668411163173
1906,Response To Nerve Growth Factor (GO:1990089),0.3787999666518903,2.2364206128133706,2.1709986133886745,RAP1A,0.5569668411163173
1907,Response To Progesterone (GO:0032570),0.3787999666518903,2.2364206128133706,2.1709986133886745,CAV1,0.5569668411163173
1908,Endolysosomal Toll-Like Receptor Signaling Pathway (GO:0140894),0.3787999666518903,2.2364206128133706,2.1709986133886745,TLR8,0.5569668411163173
1909,Synaptic Vesicle Localization (GO:0097479),0.3787999666518903,2.2364206128133706,2.1709986133886745,RAB27A,0.5569668411163173
1910,Interleukin-6-Mediated Signaling Pathway (GO:0070102),0.3787999666518903,2.2364206128133706,2.1709986133886745,IL6,0.5569668411163173
1911,Killing By Host Of Symbiont Cells (GO:0051873),0.3787999666518903,2.2364206128133706,2.1709986133886745,DEFA1,0.5569668411163173
1912,Mature B Cell Differentiation Involved In Immune Response (GO:0002313),0.3787999666518903,2.2364206128133706,2.1709986133886745,IL6,0.5569668411163173
1913,Membrane Depolarization (GO:0051899),0.3787999666518903,2.2364206128133706,2.1709986133886745,CAV1,0.5569668411163173
1914,Membrane Depolarization During Action Potential (GO:0086010),0.3787999666518903,2.2364206128133706,2.1709986133886745,SCN4B,0.5569668411163173
1915,Microvillus Organization (GO:0032528),0.3787999666518903,2.2364206128133706,2.1709986133886745,RAP1A,0.5569668411163173
1916,Monoacylglycerol Metabolic Process (GO:0046462),0.3787999666518903,2.2364206128133706,2.1709986133886745,MGLL,0.5569668411163173
1917,Myeloid Dendritic Cell Activation (GO:0001773),0.3787999666518903,2.2364206128133706,2.1709986133886745,TGFBR2,0.5569668411163173
1918,Negative Regulation Of Cartilage Development (GO:0061037),0.3787999666518903,2.2364206128133706,2.1709986133886745,EFEMP1,0.5569668411163173
1919,Negative Regulation Of Cell Activation (GO:0050866),0.3787999666518903,2.2364206128133706,2.1709986133886745,THBD,0.5569668411163173
1920,Negative Regulation Of Endoplasmic Reticulum Unfolded Protein Response (GO:1900102),0.3787999666518903,2.2364206128133706,2.1709986133886745,PPP1R15A,0.5569668411163173
1921,Negative Regulation Of Lyase Activity (GO:0051350),0.3787999666518903,2.2364206128133706,2.1709986133886745,EDNRB,0.5569668411163173
1922,Negative Regulation Of Viral Transcription (GO:0032897),0.3787999666518903,2.2364206128133706,2.1709986133886745,ZFP36,0.5569668411163173
1923,Nucleotide-Sugar Metabolic Process (GO:0009225),0.3787999666518903,2.2364206128133706,2.1709986133886745,CMAHP,0.5569668411163173
1924,Positive Regulation Of T-helper 17 Type Immune Response (GO:2000318),0.3787999666518903,2.2364206128133706,2.1709986133886745,NFKBIZ,0.5569668411163173
1925,Positive Regulation Of Alpha-Beta T Cell Differentiation (GO:0046638),0.3787999666518903,2.2364206128133706,2.1709986133886745,TGFBR2,0.5569668411163173
1926,Positive Regulation Of Brown Fat Cell Differentiation (GO:0090336),0.3787999666518903,2.2364206128133706,2.1709986133886745,PTGS2,0.5569668411163173
1927,Positive Regulation Of Cellular Response To Insulin Stimulus (GO:1900078),0.3787999666518903,2.2364206128133706,2.1709986133886745,SORBS1,0.5569668411163173
1928,Positive Regulation Of Glycogen Biosynthetic Process (GO:0045725),0.3787999666518903,2.2364206128133706,2.1709986133886745,SORBS1,0.5569668411163173
1929,Positive Regulation Of Glycoprotein Biosynthetic Process (GO:0010560),0.3787999666518903,2.2364206128133706,2.1709986133886745,IL33,0.5569668411163173
1930,Positive Regulation Of Granulocyte Macrophage Colony-Stimulating Factor Production (GO:0032725),0.3787999666518903,2.2364206128133706,2.1709986133886745,LILRA2,0.5569668411163173
1931,Positive Regulation Of Insulin Secretion Involved In Cellular Response To Glucose Stimulus (GO:0035774),0.3787999666518903,2.2364206128133706,2.1709986133886745,CFTR,0.5569668411163173
1932,Positive Regulation Of Keratinocyte Differentiation (GO:0045618),0.3787999666518903,2.2364206128133706,2.1709986133886745,ZBED2,0.5569668411163173
1933,Positive Regulation Of Leukocyte Degranulation (GO:0043302),0.3787999666518903,2.2364206128133706,2.1709986133886745,FGR,0.5569668411163173
1934,Positive Regulation Of Macrophage Chemotaxis (GO:0010759),0.3787999666518903,2.2364206128133706,2.1709986133886745,CXCL17,0.5569668411163173
1935,Positive Regulation Of Potassium Ion Transmembrane Transporter Activity (GO:1901018),0.3787999666518903,2.2364206128133706,2.1709986133886745,ANK2,0.5569668411163173
1936,Positive Regulation Of Superoxide Anion Generation (GO:0032930),0.3787999666518903,2.2364206128133706,2.1709986133886745,TYROBP,0.5569668411163173
1937,Positive Regulation Of Type 2 Immune Response (GO:0002830),0.3787999666518903,2.2364206128133706,2.1709986133886745,IL6,0.5569668411163173
1938,Potassium Ion Export Across Plasma Membrane (GO:0097623),0.3787999666518903,2.2364206128133706,2.1709986133886745,KCNT2,0.5569668411163173
1939,Regulation Of cAMP-dependent Protein Kinase Activity (GO:2000479),0.3787999666518903,2.2364206128133706,2.1709986133886745,ADRB2,0.5569668411163173
1940,Negative Regulation Of DNA-templated Transcription (GO:0045892),0.3796807130992919,1.0641704450542895,1.0305688462434819,KANK2;CITED2;NOTCH4;WWC2;GATA6;TCF21;LDB2;GATA2;SDR16C5;MUC1;ZFP36;DACH1;EDNRB;PRDM16;ATOH8;NKX2-1;ZBED2;CAPN3;LRRFIP1;SOX7;ZNF366;IRX2;IL33;EDN1;ZBTB16;CAV1;NR2F1;KLF4;KLF2;TBX2;NR4A2;ZEB2;DAB2;BMP2;NR4A3;ID4;FOSB;PPARG;FBP1,0.5579740788897326
1941,Regulation Of Type II Interferon Production (GO:0032649),0.381888845253452,1.2939927542337182,1.2456306727266757,SLC11A1;TLR8;CD47;TLR3,0.5609299834196764
1942,Regulation Of Phosphoprotein Phosphatase Activity (GO:0043666),0.38603054891108257,1.533851364813708,1.4599791970486757,PPP1R15A;ITGA1,0.5661089565643176
1943,Regulation Of Vascular Associated Smooth Muscle Cell Proliferation (GO:1904705),0.38603054891108257,1.533851364813708,1.4599791970486757,NR4A3;PPARG,0.5661089565643176
1944,Positive Regulation Of Immune Effector Process (GO:0002699),0.38603054891108257,1.533851364813708,1.4599791970486757,FCN1;FCN3,0.5661089565643176
1945,Regulation Of T Cell Activation (GO:0050863),0.38620902157755094,1.365069595682227,1.298695201633122,HLA-DMA;CCL2;CD47,0.5661089565643176
1946,Inorganic Anion Transmembrane Transport (GO:0098661),0.3959924402360886,1.3422486033519554,1.2434056285754314,SLC1A1;SLC26A9;CFTR,0.5732676386557716
1947,Positive Regulation Of Mitotic Cell Cycle Phase Transition (GO:1901992),0.3959924402360886,1.3422486033519554,1.2434056285754314,RGCC;ADAMTS1;HYAL1,0.5732676386557716
1948,Sensory Perception Of Mechanical Stimulus (GO:0050954),0.39825874322232235,1.2634142328259976,1.1631665791520436,CLIC5;COL4A3;ROR1;CCDC50,0.5732676386557716
1949,Calcium-Dependent Cell-Cell Adhesion Via Plasma Membrane Cell Adhesion Molecules (GO:0016339),0.39884365809239486,1.49116689911669,1.3706593991859886,SELP;CDH5,0.5732676386557716
1950,Connective Tissue Development (GO:0061448),0.39884365809239486,1.49116689911669,1.3706593991859886,HYAL1;ZBTB16,0.5732676386557716
1951,Positive Regulation Of Axonogenesis (GO:0050772),0.39884365809239486,1.49116689911669,1.3706593991859886,ROBO2;SLIT2,0.5732676386557716
1952,Positive Regulation Of Production Of Molecular Mediator Of Immune Response (GO:0002702),0.39884365809239486,1.49116689911669,1.3706593991859886,IL6;HLA-E,0.5732676386557716
1953,Regulation Of Endothelial Cell Chemotaxis (GO:2001026),0.40114659386820917,2.0642811227769444,1.8855728952420137,SEMA5A,0.5732676386557716
1954,Regulation Of Establishment Of Protein Localization (GO:0070201),0.40114659386820917,2.0642811227769444,1.8855728952420137,SPIDR,0.5732676386557716
1955,Regulation Of Exit From Mitosis (GO:0007096),0.40114659386820917,2.0642811227769444,1.8855728952420137,RGCC,0.5732676386557716
1956,L-glutamate Transmembrane Transport (GO:0015813),0.40114659386820917,2.0642811227769444,1.8855728952420137,SLC1A1,0.5732676386557716
1957,MHC Class II Protein Complex Assembly (GO:0002399),0.40114659386820917,2.0642811227769444,1.8855728952420137,HLA-DMA,0.5732676386557716
1958,Regulation Of Mast Cell Degranulation (GO:0043304),0.40114659386820917,2.0642811227769444,1.8855728952420137,FGR,0.5732676386557716
1959,Regulation Of Microglial Cell Activation (GO:1903978),0.40114659386820917,2.0642811227769444,1.8855728952420137,IL6,0.5732676386557716
1960,Regulation Of Nuclear-Transcribed mRNA poly(A) Tail Shortening (GO:0060211),0.40114659386820917,2.0642811227769444,1.8855728952420137,ZFP36,0.5732676386557716
1961,Cardiac Cell Development (GO:0055006),0.40114659386820917,2.0642811227769444,1.8855728952420137,MYH11,0.5732676386557716
1962,Regulation Of Sequestering Of Triglyceride (GO:0010889),0.40114659386820917,2.0642811227769444,1.8855728952420137,PPARG,0.5732676386557716
1963,Cellular Response To Exogenous dsRNA (GO:0071360),0.40114659386820917,2.0642811227769444,1.8855728952420137,COLEC12,0.5732676386557716
1964,Regulation Of Superoxide Anion Generation (GO:0032928),0.40114659386820917,2.0642811227769444,1.8855728952420137,TYROBP,0.5732676386557716
1965,Ceramide Transport (GO:0035627),0.40114659386820917,2.0642811227769444,1.8855728952420137,VAPA,0.5732676386557716
1966,Response To Muscle Stretch (GO:0035994),0.40114659386820917,2.0642811227769444,1.8855728952420137,DMD,0.5732676386557716
1967,Embryonic Cranial Skeleton Morphogenesis (GO:0048701),0.40114659386820917,2.0642811227769444,1.8855728952420137,TGFBR2,0.5732676386557716
1968,Serine Family Amino Acid Metabolic Process (GO:0009069),0.40114659386820917,2.0642811227769444,1.8855728952420137,CDO1,0.5732676386557716
1969,Smooth Muscle Contraction (GO:0006939),0.40114659386820917,2.0642811227769444,1.8855728952420137,MYH11,0.5732676386557716
1970,Ethanol Metabolic Process (GO:0006067),0.40114659386820917,2.0642811227769444,1.8855728952420137,ADH1B,0.5732676386557716
1971,Synaptic Vesicle Membrane Organization (GO:0048499),0.40114659386820917,2.0642811227769444,1.8855728952420137,STX11,0.5732676386557716
1972,Hyaluronan Metabolic Process (GO:0030212),0.40114659386820917,2.0642811227769444,1.8855728952420137,HYAL1,0.5732676386557716
1973,Icosanoid Transport (GO:0071715),0.40114659386820917,2.0642811227769444,1.8855728952420137,SLCO2A1,0.5732676386557716
1974,Medium-Chain Fatty Acid Metabolic Process (GO:0051791),0.40114659386820917,2.0642811227769444,1.8855728952420137,CES1,0.5732676386557716
1975,Membrane Repolarization During Cardiac Muscle Cell Action Potential (GO:0086013),0.40114659386820917,2.0642811227769444,1.8855728952420137,KCNJ5,0.5732676386557716
1976,miRNA-mediated Gene Silencing By Inhibition Of Translation (GO:0035278),0.40114659386820917,2.0642811227769444,1.8855728952420137,ZFP36,0.5732676386557716
1977,Microvillus Assembly (GO:0030033),0.40114659386820917,2.0642811227769444,1.8855728952420137,RAP1A,0.5732676386557716
1978,Myotube Cell Development (GO:0014904),0.40114659386820917,2.0642811227769444,1.8855728952420137,CAV2,0.5732676386557716
1979,Negative Regulation Of Androgen Receptor Signaling Pathway (GO:0060766),0.40114659386820917,2.0642811227769444,1.8855728952420137,TCF21,0.5732676386557716
1980,Negative Regulation Of Chondrocyte Differentiation (GO:0032331),0.40114659386820917,2.0642811227769444,1.8855728952420137,EFEMP1,0.5732676386557716
1981,Negative Regulation Of Smooth Muscle Cell Migration (GO:0014912),0.40114659386820917,2.0642811227769444,1.8855728952420137,SLIT2,0.5732676386557716
1982,Odontogenesis Of Dentin-Containing Tooth (GO:0042475),0.40114659386820917,2.0642811227769444,1.8855728952420137,BMP2,0.5732676386557716
1983,Pancreas Development (GO:0031016),0.40114659386820917,2.0642811227769444,1.8855728952420137,FOXF1,0.5732676386557716
1984,Peptide Antigen Assembly With MHC Class II Protein Complex (GO:0002503),0.40114659386820917,2.0642811227769444,1.8855728952420137,HLA-DMA,0.5732676386557716
1985,Phagolysosome Assembly (GO:0001845),0.40114659386820917,2.0642811227769444,1.8855728952420137,SRPX,0.5732676386557716
1986,Positive Regulation Of Adaptive Immune Response Based On Somatic Recombination Of Immune Receptors Built From Immunoglobulin Superfamily Domains (GO:0002824),0.40114659386820917,2.0642811227769444,1.8855728952420137,SLC11A1,0.5732676386557716
1987,Positive Regulation Of Endothelial Cell Chemotaxis (GO:2001028),0.40114659386820917,2.0642811227769444,1.8855728952420137,SEMA5A,0.5732676386557716
1988,Positive Regulation Of Glycogen Metabolic Process (GO:0070875),0.40114659386820917,2.0642811227769444,1.8855728952420137,SORBS1,0.5732676386557716
1989,Positive Regulation Of Heterotypic Cell-Cell Adhesion (GO:0034116),0.40114659386820917,2.0642811227769444,1.8855728952420137,FGG,0.5732676386557716
1990,Positive Regulation Of Histone Acetylation (GO:0035066),0.40114659386820917,2.0642811227769444,1.8855728952420137,MUC1,0.5732676386557716
1991,Positive Regulation Of Long-Term Synaptic Potentiation (GO:1900273),0.40114659386820917,2.0642811227769444,1.8855728952420137,SHANK3,0.5732676386557716
1992,"Positive Regulation Of Nuclear-Transcribed mRNA Catabolic Process, Deadenylation-Dependent Decay (GO:1900153)",0.40114659386820917,2.0642811227769444,1.8855728952420137,ZFP36,0.5732676386557716
1993,Positive Regulation Of Transcription From RNA Polymerase II Promoter Involved In Cellular Response To Chemical Stimulus (GO:1901522),0.40114659386820917,2.0642811227769444,1.8855728952420137,BMP2,0.5732676386557716
1994,Protein Localization To Vacuole (GO:0072665),0.40114659386820917,2.0642811227769444,1.8855728952420137,RNF128,0.5732676386557716
1995,Regulation Of ATP Biosynthetic Process (GO:2001169),0.40114659386820917,2.0642811227769444,1.8855728952420137,PID1,0.5732676386557716
1996,Positive Regulation Of Cysteine-Type Endopeptidase Activity (GO:2001056),0.4057337537957501,1.3201758402784138,1.1908753277395756,DAPK1;NLRC4;SOX7,0.5795325310980379
1997,Positive Regulation Of Proteasomal Protein Catabolic Process (GO:1901800),0.40641735226822623,1.2486583184257602,1.1242603415224455,DAB2;LRRK2;ECSCR;CLU,0.5802182630529359
1998,RNA Transport (GO:0050658),0.4115304046183193,1.450789701835727,1.2881160971908117,ZFP36;TGFBR2,0.5851736576393158
1999,Regulation Of Mitochondrial Membrane Potential (GO:0051881),0.4115304046183193,1.450789701835727,1.2881160971908117,PID1;LRRK2,0.5851736576393158
2000,Regulation Of Protein Targeting To Mitochondrion (GO:1903214),0.4115304046183193,1.450789701835727,1.2881160971908117,LEPROT;LRRK2,0.5851736576393158
2001,Vitamin Transport (GO:0051180),0.4115304046183193,1.450789701835727,1.2881160971908117,FOLR1;ABCG2,0.5851736576393158
2002,Negative Regulation Of Protein Secretion (GO:0050709),0.4115304046183193,1.450789701835727,1.2881160971908117,RAB11FIP1;ADTRP,0.5851736576393158
2003,"Nuclear-Transcribed mRNA Catabolic Process, Deadenylation-Dependent Decay (GO:0000288)",0.4115304046183193,1.450789701835727,1.2881160971908117,EXOSC7;ZFP36,0.5851736576393158
2004,Odontogenesis (GO:0042476),0.4115304046183193,1.450789701835727,1.2881160971908117,BMP2;AQP1,0.5851736576393158
2005,Positive Regulation Of Pattern Recognition Receptor Signaling Pathway (GO:0062208),0.4115304046183193,1.450789701835727,1.2881160971908117,CAV1;TLR3,0.5851736576393158
2006,Monocarboxylic Acid Biosynthetic Process (GO:0072330),0.4154281589160232,1.2988151018201477,1.1409383885031426,PLA2G1B;ALDH1A2;ACACB,0.5900739494555428
2007,Positive Regulation Of Cell Cycle (GO:0045787),0.4154281589160232,1.2988151018201477,1.1409383885031426,RGCC;CITED2;TAL1,0.5900739494555428
2008,Sensory Perception Of Sound (GO:0007605),0.42266625797191565,1.2201525746980293,1.0507617206271112,CLIC5;COL4A3;ROR1;CCDC50,0.5900739494555428
2009,3'-UTR-mediated mRNA Destabilization (GO:0061158),0.42269041482158626,1.916732988460008,1.6505280022188962,ZFP36,0.5900739494555428
2010,3'-Phosphoadenosine 5'-Phosphosulfate Metabolic Process (GO:0050427),0.42269041482158626,1.916732988460008,1.6505280022188962,PAPSS2,0.5900739494555428
2011,B Cell Mediated Immunity (GO:0019724),0.42269041482158626,1.916732988460008,1.6505280022188962,TLR8,0.5900739494555428
2012,DNA Alkylation (GO:0006305),0.42269041482158626,1.916732988460008,1.6505280022188962,FOS,0.5900739494555428
2013,L-glutamate Import (GO:0051938),0.42269041482158626,1.916732988460008,1.6505280022188962,SLC1A1,0.5900739494555428
2014,Regulation Of Granulocyte Macrophage Colony-Stimulating Factor Production (GO:0032645),0.42269041482158626,1.916732988460008,1.6505280022188962,LILRA2,0.5900739494555428
2015,Regulation Of Hormone Secretion (GO:0046883),0.42269041482158626,1.916732988460008,1.6505280022188962,EDN1,0.5900739494555428
2016,Regulation Of Interleukin-13 Production (GO:0032656),0.42269041482158626,1.916732988460008,1.6505280022188962,HLA-E,0.5900739494555428
2017,Regulation Of Intrinsic Apoptotic Signaling Pathway In Response To DNA Damage (GO:1902229),0.42269041482158626,1.916732988460008,1.6505280022188962,CLU,0.5900739494555428
2018,Activation Of NF-kappaB-inducing Kinase Activity (GO:0007250),0.42269041482158626,1.916732988460008,1.6505280022188962,TLR3,0.5900739494555428
2019,Alpha-Beta T Cell Activation (GO:0046631),0.42269041482158626,1.916732988460008,1.6505280022188962,HLA-E,0.5900739494555428
2020,Astrocyte Development (GO:0014002),0.42269041482158626,1.916732988460008,1.6505280022188962,C5AR1,0.5900739494555428
2021,Cardiac Myofibril Assembly (GO:0055003),0.42269041482158626,1.916732988460008,1.6505280022188962,NEBL,0.5900739494555428
2022,Cellular Response To Zinc Ion (GO:0071294),0.42269041482158626,1.916732988460008,1.6505280022188962,MT1M,0.5900739494555428
2023,Dendritic Spine Morphogenesis (GO:0060997),0.42269041482158626,1.916732988460008,1.6505280022188962,SHANK3,0.5900739494555428
2024,Retrograde Axonal Transport (GO:0008090),0.42269041482158626,1.916732988460008,1.6505280022188962,TMEM108,0.5900739494555428
2025,Ganglioside Biosynthetic Process (GO:0001574),0.42269041482158626,1.916732988460008,1.6505280022188962,ST6GALNAC5,0.5900739494555428
2026,Glycosaminoglycan Catabolic Process (GO:0006027),0.42269041482158626,1.916732988460008,1.6505280022188962,HYAL1,0.5900739494555428
2027,Negative Regulation Of Endoplasmic Reticulum Stress-Induced Intrinsic Apoptotic Signaling Pathway (GO:1902236),0.42269041482158626,1.916732988460008,1.6505280022188962,LRRK2,0.5900739494555428
2028,Negative Regulation Of Epithelial Cell Differentiation (GO:0030857),0.42269041482158626,1.916732988460008,1.6505280022188962,NOTCH4,0.5900739494555428
2029,Negative Regulation Of Platelet Activation (GO:0010544),0.42269041482158626,1.916732988460008,1.6505280022188962,THBD,0.5900739494555428
2030,Negative Regulation Of Protein Processing (GO:0010955),0.42269041482158626,1.916732988460008,1.6505280022188962,LRRK2,0.5900739494555428
2031,Neurotrophin Signaling Pathway (GO:0038179),0.42269041482158626,1.916732988460008,1.6505280022188962,RAP1A,0.5900739494555428
2032,Phagosome Maturation (GO:0090382),0.42269041482158626,1.916732988460008,1.6505280022188962,SRPX,0.5900739494555428
2033,Platelet-Derived Growth Factor Receptor Signaling Pathway (GO:0048008),0.42269041482158626,1.916732988460008,1.6505280022188962,NR4A3,0.5900739494555428
2034,Positive Regulation Of Collagen Biosynthetic Process (GO:0032967),0.42269041482158626,1.916732988460008,1.6505280022188962,RGCC,0.5900739494555428
2035,Positive Regulation Of Cyclin-Dependent Protein Serine/Threonine Kinase Activity (GO:0045737),0.42269041482158626,1.916732988460008,1.6505280022188962,RGCC,0.5900739494555428
2036,Positive Regulation Of Isotype Switching (GO:0045830),0.42269041482158626,1.916732988460008,1.6505280022188962,TNFSF13,0.5900739494555428
2037,Positive Regulation Of Muscle Cell Differentiation (GO:0051149),0.42269041482158626,1.916732988460008,1.6505280022188962,MYOCD,0.5900739494555428
2038,Positive Regulation Of Sprouting Angiogenesis (GO:1903672),0.42269041482158626,1.916732988460008,1.6505280022188962,KLF4,0.5900739494555428
2039,Receptor Catabolic Process (GO:0032801),0.42269041482158626,1.916732988460008,1.6505280022188962,SNX25,0.5900739494555428
2040,Regulation Of Amyloid Fibril Formation (GO:1905906),0.42269041482158626,1.916732988460008,1.6505280022188962,CLU,0.5900739494555428
2041,Regulation Of Bicellular Tight Junction Assembly (GO:2000810),0.42269041482158626,1.916732988460008,1.6505280022188962,CLDN5,0.5900739494555428
2042,Regulation Of Carbohydrate Metabolic Process (GO:0006109),0.42269041482158626,1.916732988460008,1.6505280022188962,PDK4,0.5900739494555428
2043,Generation Of Neurons (GO:0048699),0.4237555698631502,1.1390194075587334,0.9779603276398038,NR4A2;GPM6A;IRX2;RTN1;ANOS1;NDNF;CFLAR,0.5900739494555428
2044,Regulation Of Glycolytic Process (GO:0006110),0.42408331197278404,1.4125376202011304,1.211710582039258,SLC4A4;FBP1,0.5900739494555428
2045,Regulation Of Microtubule Cytoskeleton Organization (GO:0070507),0.42408331197278404,1.4125376202011304,1.211710582039258,FAM107A;TPPP,0.5900739494555428
2046,Regulation Of Protein Dephosphorylation (GO:0035304),0.42408331197278404,1.4125376202011304,1.211710582039258,PPP1R15A;CDH5,0.5900739494555428
2047,Regulation Of Small Molecule Metabolic Process (GO:0062012),0.42408331197278404,1.4125376202011304,1.211710582039258,ACADL;PDK4,0.5900739494555428
2048,Establishment Or Maintenance Of Epithelial Cell Apical/Basal Polarity (GO:0045197),0.42408331197278404,1.4125376202011304,1.211710582039258,PARD6B;LIN7A,0.5900739494555428
2049,Positive Regulation Of Catalytic Activity (GO:0043085),0.42408331197278404,1.4125376202011304,1.211710582039258,CAV1;FGFR4,0.5900739494555428
2050,Regulation Of Endocytosis (GO:0030100),0.42507107789433546,1.2781324820430966,1.0934409093549802,FGR;DAB2;RUFY2,0.5911598258910977
2051,Neuron Differentiation (GO:0030182),0.4296425697814668,1.1320986191958846,0.9563987803574839,NR4A2;IRX2;RTN1;ANOS1;DMD;CFLAR;FOXA2,0.5972262147474217
2052,Monoatomic Cation Transmembrane Transport (GO:0098655),0.42999080908002707,1.0939579409918394,0.9232911431194067,SCARA5;SLC11A1;SCNN1B;SLC6A14;TRPV2;SLC39A8;SLC4A4;CLU;SCN4B;KCNK3;SLC6A4,0.5974190042335074
2053,Regulation Of Microtubule-Based Process (GO:0032886),0.4364956029644672,1.3762471837785646,1.1408772302131354,FAM107A;TPPP,0.6040636027811951
2054,Regulation Of Release Of Cytochrome C From Mitochondria (GO:0090199),0.4364956029644672,1.3762471837785646,1.1408772302131354,HGF;CLU,0.6040636027811951
2055,Negative Regulation Of Proteolysis (GO:0045861),0.4364956029644672,1.3762471837785646,1.1408772302131354,LRRK2;TIMP3,0.6040636027811951
2056,Vesicle Organization (GO:0016050),0.4388043524468423,1.192913752913753,0.982605004697387,SRPX;CAV2;CAV1;S100A10,0.6040636027811951
2057,Positive Regulation Of I-kappaB kinase/NF-kappaB Signaling (GO:0043123),0.4413928790200365,1.118504213483146,0.9147350241575163,VAPA;PRKCB;S100A12;ROR1;S100A4;CARD16;CFLAR,0.6040636027811951
2058,DNA-templated Transcription Termination (GO:0006353),0.44346023171555293,1.788857938718663,1.454604735411148,NKX2-1,0.6040636027811951
2059,Regulation Of Fibrinolysis (GO:0051917),0.44346023171555293,1.788857938718663,1.454604735411148,THBD,0.6040636027811951
2060,acetyl-CoA Metabolic Process (GO:0006084),0.44346023171555293,1.788857938718663,1.454604735411148,ACACB,0.6040636027811951
2061,Activation Of Cysteine-Type Endopeptidase Activity (GO:0097202),0.44346023171555293,1.788857938718663,1.454604735411148,NLRC4,0.6040636027811951
2062,Antifungal Innate Immune Response (GO:0061760),0.44346023171555293,1.788857938718663,1.454604735411148,CX3CR1,0.6040636027811951
2063,Apoptotic Nuclear Changes (GO:0030262),0.44346023171555293,1.788857938718663,1.454604735411148,DNASE1L3,0.6040636027811951
2064,Regulation Of Natural Killer Cell Activation (GO:0032814),0.44346023171555293,1.788857938718663,1.454604735411148,TYROBP,0.6040636027811951
2065,Autonomic Nervous System Development (GO:0048483),0.44346023171555293,1.788857938718663,1.454604735411148,EDNRB,0.6040636027811951
2066,Regulation Of Osteoblast Proliferation (GO:0033688),0.44346023171555293,1.788857938718663,1.454604735411148,BMP2,0.6040636027811951
2067,Cell Communication By Electrical Coupling Involved In Cardiac Conduction (GO:0086064),0.44346023171555293,1.788857938718663,1.454604735411148,TBX5,0.6040636027811951
2068,Cell Surface Receptor Signaling Pathway Involved In Heart Development (GO:0061311),0.44346023171555293,1.788857938718663,1.454604735411148,BMP2,0.6040636027811951
2069,Regulation Of Response To Cytokine Stimulus (GO:0060759),0.44346023171555293,1.788857938718663,1.454604735411148,KLF4,0.6040636027811951
2070,Regulation Of Secretion (GO:0051046),0.44346023171555293,1.788857938718663,1.454604735411148,CES1,0.6040636027811951
2071,Cellular Response To Nitrogen Compound (GO:1901699),0.44346023171555293,1.788857938718663,1.454604735411148,SPIDR,0.6040636027811951
2072,Chondroitin Sulfate Metabolic Process (GO:0030204),0.44346023171555293,1.788857938718663,1.454604735411148,NDNF,0.6040636027811951
2073,Retinal Metabolic Process (GO:0042574),0.44346023171555293,1.788857938718663,1.454604735411148,SDR16C5,0.6040636027811951
2074,Dicarboxylic Acid Catabolic Process (GO:0043649),0.44346023171555293,1.788857938718663,1.454604735411148,ASPA,0.6040636027811951
2075,Endoplasmic Reticulum Tubular Network Organization (GO:0071786),0.44346023171555293,1.788857938718663,1.454604735411148,RTN1,0.6040636027811951
2076,Stabilization Of Membrane Potential (GO:0030322),0.44346023171555293,1.788857938718663,1.454604735411148,KCNK3,0.6040636027811951
2077,Intraciliary Anterograde Transport (GO:0035720),0.44346023171555293,1.788857938718663,1.454604735411148,IFT57,0.6040636027811951
2078,Lymphocyte Mediated Immunity (GO:0002449),0.44346023171555293,1.788857938718663,1.454604735411148,C4BPA,0.6040636027811951
2079,Membrane Depolarization During Cardiac Muscle Cell Action Potential (GO:0086012),0.44346023171555293,1.788857938718663,1.454604735411148,SCN4B,0.6040636027811951
2080,Negative Regulation Of ATP-dependent Activity (GO:0032780),0.44346023171555293,1.788857938718663,1.454604735411148,PLN,0.6040636027811951
2081,Negative Regulation Of RNA Biosynthetic Process (GO:1902679),0.44346023171555293,1.788857938718663,1.454604735411148,FCN3,0.6040636027811951
2082,Negative Regulation Of Biosynthetic Process (GO:0009890),0.44346023171555293,1.788857938718663,1.454604735411148,IL6,0.6040636027811951
2083,Negative Regulation Of Cytokine Production Involved In Immune Response (GO:0002719),0.44346023171555293,1.788857938718663,1.454604735411148,IRAK3,0.6040636027811951
2084,Negative Regulation Of Inflammatory Response To Antigenic Stimulus (GO:0002862),0.44346023171555293,1.788857938718663,1.454604735411148,FGR,0.6040636027811951
2085,Negative Regulation Of Interleukin-10 Production (GO:0032693),0.44346023171555293,1.788857938718663,1.454604735411148,TYROBP,0.6040636027811951
2086,Negative Regulation Of Intrinsic Apoptotic Signaling Pathway By P53 Class Mediator (GO:1902254),0.44346023171555293,1.788857938718663,1.454604735411148,MUC1,0.6040636027811951
2087,Negative Regulation Of Natural Killer Cell Mediated Cytotoxicity (GO:0045953),0.44346023171555293,1.788857938718663,1.454604735411148,HLA-E,0.6040636027811951
2088,Negative Regulation Of Phosphatase Activity (GO:0010923),0.44346023171555293,1.788857938718663,1.454604735411148,PPP1R15A,0.6040636027811951
2089,Nuclear Migration (GO:0007097),0.44346023171555293,1.788857938718663,1.454604735411148,SYNE3,0.6040636027811951
2090,Positive Regulation Of Collagen Metabolic Process (GO:0010714),0.44346023171555293,1.788857938718663,1.454604735411148,RGCC,0.6040636027811951
2091,Positive Regulation Of Myeloid Leukocyte Cytokine Production Involved In Immune Response (GO:0061081),0.44346023171555293,1.788857938718663,1.454604735411148,NR4A3,0.6040636027811951
2092,Protein Localization To Mitochondrion (GO:0070585),0.44346023171555293,1.788857938718663,1.454604735411148,LRRK2,0.6040636027811951
2093,Regulation Of B Cell Receptor Signaling Pathway (GO:0050855),0.44346023171555293,1.788857938718663,1.454604735411148,PRKCB,0.6040636027811951
2094,Skin Development (GO:0043588),0.4441852516410535,1.238676407391491,1.005202713612661,SCEL;GATA6;CFLAR,0.6047622504434782
2095,Ceramide Biosynthetic Process (GO:0046513),0.4487611590648703,1.3417712691771269,1.0751136482019998,SGMS2;ST6GALNAC5,0.6092466973780692
2096,Keratinocyte Differentiation (GO:0030216),0.4487611590648703,1.3417712691771269,1.0751136482019998,SCEL;CFLAR,0.6092466973780692
2097,Lipid Modification (GO:0030258),0.4487611590648703,1.3417712691771269,1.0751136482019998,ALOX5;ALOX15B,0.6092466973780692
2098,Lysosome Localization (GO:0032418),0.4487611590648703,1.3417712691771269,1.0751136482019998,NR4A3;FCER1A,0.6092466973780692
2099,Potassium Ion Import Across Plasma Membrane (GO:1990573),0.4487611590648703,1.3417712691771269,1.0751136482019998,KCNJ5;KCNJ15,0.6092466973780692
2100,Regulation Of Axonogenesis (GO:0050770),0.4487611590648703,1.3417712691771269,1.0751136482019998,ROBO2;SLIT2,0.6092466973780692
2101,Protein Transport (GO:0015031),0.4515752550227081,1.0702655457762198,0.8508752815872689,RAMP2;RAMP3;CALCRL;PRKCB;FGG;PPARG;CD36;DNAJC15;CLU;SPTBN1;STX11;GPIHBP1,0.6103428895713041
2102,Regulation Of MAPK Cascade (GO:0043408),0.4520184472237716,1.0956112402767013,0.8699506993722546,TGFBR3;BMP2;IL6;DUSP1;CAV2;CAV1;ADRB2;TEK,0.6103428895713041
2103,Regulation Of Endopeptidase Activity (GO:0052548),0.45364844395947235,1.2198450990350431,0.9642054959777153,SERPINA1;SPOCK2;TIMP3,0.6103428895713041
2104,Cellular Response To Calcium Ion (GO:0071277),0.45364844395947235,1.2198450990350431,0.9642054959777153,ALOX5AP;CAPN3;CLU,0.6103428895713041
2105,Modulation Of Chemical Synaptic Transmission (GO:0050804),0.454703095457103,1.137243032806343,0.8962733008529237,GRIA1;CX3CR1;LRRK2;TMEM108;AGER,0.6103428895713041
2106,Regulation Of I-kappaB kinase/NF-kappaB Signaling (GO:0043122),0.4559609884237132,1.0833196488347123,0.8507829464717513,VAPA;PRKCB;S100A12;CAPN3;SLC39A8;ROR1;S100A4;CARD16;CFLAR,0.6103428895713041
2107,Intracellular Steroid Hormone Receptor Signaling Pathway (GO:0030518),0.46087448189498964,1.3089771065074667,1.013972342530623,DEFA3;DEFA1,0.6103428895713041
2108,Learning (GO:0007612),0.46087448189498964,1.3089771065074667,1.013972342530623,CLDN5;SHANK3,0.6103428895713041
2109,Lysosome Organization (GO:0007040),0.46087448189498964,1.3089771065074667,1.013972342530623,SRPX;LRRK2,0.6103428895713041
2110,Positive Regulation Of T Cell Mediated Immunity (GO:0002711),0.46087448189498964,1.3089771065074667,1.013972342530623,CD55;HLA-E,0.6103428895713041
2111,Positive Regulation Of Cell Division (GO:0051781),0.46087448189498964,1.3089771065074667,1.013972342530623,TAL1;PRKCE,0.6103428895713041
2112,Regulation Of JUN Kinase Activity (GO:0043506),0.46087448189498964,1.3089771065074667,1.013972342530623,EDN1;SASH1,0.6103428895713041
2113,Regulation Of Cell-Cell Adhesion (GO:0022407),0.46087448189498964,1.3089771065074667,1.013972342530623,CITED2;CD47,0.6103428895713041
2114,Protein Dephosphorylation (GO:0006470),0.46171405829627155,1.127627521596874,0.8714412622204852,PPP1R15A;PTPRB;DUSP1;PTPRM;TNS2,0.6103428895713041
2115,Regulation Of Cellular Respiration (GO:0043457),0.46348381477442074,1.676967270194986,1.28956068766687,PRDM16,0.6103428895713041
2116,"DNA Damage Response, Signal Transduction By P53 Class Mediator Resulting In Cell Cycle Arrest (GO:0006977)",0.46348381477442074,1.676967270194986,1.28956068766687,MUC1,0.6103428895713041
2117,G Protein-Coupled Acetylcholine Receptor Signaling Pathway (GO:0007213),0.46348381477442074,1.676967270194986,1.28956068766687,GNAQ,0.6103428895713041
2118,Regulation Of Establishment Of Cell Polarity (GO:2000114),0.46348381477442074,1.676967270194986,1.28956068766687,CDH5,0.6103428895713041
2119,Regulation Of Inflammatory Response To Antigenic Stimulus (GO:0002861),0.46348381477442074,1.676967270194986,1.28956068766687,FGR,0.6103428895713041
2120,Regulation Of Mitotic Cell Cycle Spindle Assembly Checkpoint (GO:0090266),0.46348381477442074,1.676967270194986,1.28956068766687,DUSP1,0.6103428895713041
2121,Base Conversion Or Substitution Editing (GO:0016553),0.46348381477442074,1.676967270194986,1.28956068766687,ADARB1,0.6103428895713041
2122,Regulation Of Oxidative Phosphorylation (GO:0002082),0.46348381477442074,1.676967270194986,1.28956068766687,COX7A1,0.6103428895713041
2123,Carbohydrate Derivative Transport (GO:1901264),0.46348381477442074,1.676967270194986,1.28956068766687,SLC15A2,0.6103428895713041
2124,Regulation Of Receptor Recycling (GO:0001919),0.46348381477442074,1.676967270194986,1.28956068766687,RAMP3,0.6103428895713041
2125,Cellular Response To Alkaloid (GO:0071312),0.46348381477442074,1.676967270194986,1.28956068766687,SPIDR,0.6103428895713041
2126,Cellular Response To dsRNA (GO:0071359),0.46348381477442074,1.676967270194986,1.28956068766687,COLEC12,0.6103428895713041
2127,Regulation Of Tubulin Deacetylation (GO:0090043),0.46348381477442074,1.676967270194986,1.28956068766687,TPPP,0.6103428895713041
2128,Cellular Response To Unfolded Protein (GO:0034620),0.46348381477442074,1.676967270194986,1.28956068766687,HSPB8,0.6103428895713041
2129,Regulation Of Viral Transcription (GO:0046782),0.46348381477442074,1.676967270194986,1.28956068766687,ZFP36,0.6103428895713041
2130,Response To Acidic pH (GO:0010447),0.46348381477442074,1.676967270194986,1.28956068766687,SCNN1B,0.6103428895713041
2131,Response To Interferon-Alpha (GO:0035455),0.46348381477442074,1.676967270194986,1.28956068766687,LAMP3,0.6103428895713041
2132,Detection Of Visible Light (GO:0009584),0.46348381477442074,1.676967270194986,1.28956068766687,GNAQ,0.6103428895713041
2133,Embryonic Axis Specification (GO:0000578),0.46348381477442074,1.676967270194986,1.28956068766687,SMAD6,0.6103428895713041
2134,Embryonic Digit Morphogenesis (GO:0042733),0.46348381477442074,1.676967270194986,1.28956068766687,TBX2,0.6103428895713041
2135,Epoxygenase P450 Pathway (GO:0019373),0.46348381477442074,1.676967270194986,1.28956068766687,CYP2B6,0.6103428895713041
2136,Sulfur Amino Acid Metabolic Process (GO:0000096),0.46348381477442074,1.676967270194986,1.28956068766687,CDO1,0.6103428895713041
2137,Filopodium Assembly (GO:0046847),0.46348381477442074,1.676967270194986,1.28956068766687,FGD5,0.6103428895713041
2138,Toll-Like Receptor 4 Signaling Pathway (GO:0034142),0.46348381477442074,1.676967270194986,1.28956068766687,PRKCE,0.6103428895713041
2139,Transcription By RNA Polymerase I (GO:0006360),0.46348381477442074,1.676967270194986,1.28956068766687,NKX2-1,0.6103428895713041
2140,Growth Hormone Receptor Signaling Pathway (GO:0060396),0.46348381477442074,1.676967270194986,1.28956068766687,SOCS2,0.6103428895713041
2141,Intracellular Zinc Ion Homeostasis (GO:0006882),0.46348381477442074,1.676967270194986,1.28956068766687,SLC39A8,0.6103428895713041
2142,Long-Chain fatty-acyl-CoA Biosynthetic Process (GO:0035338),0.46348381477442074,1.676967270194986,1.28956068766687,ACSL5,0.6103428895713041
2143,Megakaryocyte Differentiation (GO:0030219),0.46348381477442074,1.676967270194986,1.28956068766687,TAL1,0.6103428895713041
2144,Mesenchyme Development (GO:0060485),0.46348381477442074,1.676967270194986,1.28956068766687,FOXF1,0.6103428895713041
2145,Microtubule Depolymerization (GO:0007019),0.46348381477442074,1.676967270194986,1.28956068766687,NCKAP5,0.6103428895713041
2146,Negative Regulation Of Calcium Ion Transport (GO:0051926),0.46348381477442074,1.676967270194986,1.28956068766687,PLN,0.6103428895713041
2147,Negative Regulation Of Cellular Senescence (GO:2000773),0.46348381477442074,1.676967270194986,1.28956068766687,TBX2,0.6103428895713041
2148,Negative Regulation Of Leukocyte Activation (GO:0002695),0.46348381477442074,1.676967270194986,1.28956068766687,CD300LF,0.6103428895713041
2149,Negative Regulation Of Striated Muscle Cell Differentiation (GO:0051154),0.46348381477442074,1.676967270194986,1.28956068766687,BMP2,0.6103428895713041
2150,Negative Regulation Of Vascular Associated Smooth Muscle Cell Proliferation (GO:1904706),0.46348381477442074,1.676967270194986,1.28956068766687,PPARG,0.6103428895713041
2151,Neuron Maturation (GO:0042551),0.46348381477442074,1.676967270194986,1.28956068766687,RND1,0.6103428895713041
2152,"Nuclear-Transcribed mRNA Catabolic Process, Exonucleolytic (GO:0000291)",0.46348381477442074,1.676967270194986,1.28956068766687,EXOSC7,0.6103428895713041
2153,Positive Chemotaxis (GO:0050918),0.46348381477442074,1.676967270194986,1.28956068766687,SEMA5A,0.6103428895713041
2154,Positive Regulation Of Dendrite Extension (GO:1903861),0.46348381477442074,1.676967270194986,1.28956068766687,NEDD4L,0.6103428895713041
2155,Positive Regulation Of Fatty Acid Metabolic Process (GO:0045923),0.46348381477442074,1.676967270194986,1.28956068766687,NR4A3,0.6103428895713041
2156,Positive Regulation Of Glial Cell Differentiation (GO:0045687),0.46348381477442074,1.676967270194986,1.28956068766687,BMP2,0.6103428895713041
2157,Positive Regulation Of Lymphocyte Chemotaxis (GO:0140131),0.46348381477442074,1.676967270194986,1.28956068766687,NEDD9,0.6103428895713041
2158,Positive Regulation Of Macrophage Activation (GO:0043032),0.46348381477442074,1.676967270194986,1.28956068766687,IL33,0.6103428895713041
2159,Positive Regulation Of Potassium Ion Transmembrane Transport (GO:1901381),0.46348381477442074,1.676967270194986,1.28956068766687,ANK2,0.6103428895713041
2160,Positive Regulation Of Small GTPase Mediated Signal Transduction (GO:0051057),0.46348381477442074,1.676967270194986,1.28956068766687,RASGRF1,0.6103428895713041
2161,Positive Regulation Of Stem Cell Differentiation (GO:2000738),0.46348381477442074,1.676967270194986,1.28956068766687,TBX5,0.6103428895713041
2162,Postsynaptic Membrane Organization (GO:0001941),0.46348381477442074,1.676967270194986,1.28956068766687,SHANK3,0.6103428895713041
2163,Regulation Of Adenylate Cyclase Activity (GO:0045761),0.46348381477442074,1.676967270194986,1.28956068766687,EDNRB,0.6103428895713041
2164,Regulation Of Aerobic Respiration (GO:1903715),0.46348381477442074,1.676967270194986,1.28956068766687,COX7A1,0.6103428895713041
2165,Regulation Of Brown Fat Cell Differentiation (GO:0090335),0.46348381477442074,1.676967270194986,1.28956068766687,PTGS2,0.6103428895713041
2166,Negative Regulation Of Macromolecule Biosynthetic Process (GO:0010558),0.47066030725549524,1.141913405743193,0.8605672520255756,FCN3;EDN1;DACH1;DAPK1,0.6195071726617807
2167,Regulation Of Transport (GO:0051049),0.472830656907219,1.2777445706316,0.9570536493514642,LRRK2;LEPR,0.620073690359927
2168,Extracellular Matrix Disassembly (GO:0022617),0.472830656907219,1.2777445706316,0.9570536493514642,MMP19;TPSAB1,0.620073690359927
2169,Neural Crest Cell Development (GO:0014032),0.472830656907219,1.2777445706316,0.9570536493514642,SEMA5A;SEMA3G,0.620073690359927
2170,Nucleobase-Containing Compound Catabolic Process (GO:0034655),0.472830656907219,1.2777445706316,0.9570536493514642,EXOSC7;DNASE1L3,0.620073690359927
2171,Phosphatidylinositol Phosphate Biosynthetic Process (GO:0046854),0.472830656907219,1.2777445706316,0.9570536493514642,SOCS2;SOCS3,0.620073690359927
2172,Positive Regulation Of Chemotaxis (GO:0050921),0.472830656907219,1.2777445706316,0.9570536493514642,SEMA5A;IL6,0.620073690359927
2173,Positive Regulation Of Cytokine-Mediated Signaling Pathway (GO:0001961),0.472830656907219,1.2777445706316,0.9570536493514642,EDN1;CD300LF,0.620073690359927
2174,Regulation Of B Cell Proliferation (GO:0030888),0.472830656907219,1.2777445706316,0.9570536493514642,TYROBP;MNDA,0.620073690359927
2175,Phosphorylation (GO:0016310),0.4763255003987385,1.0397776392424027,0.7711550727399442,CDKL2;ACVRL1;DAPK1;PRKCB;DAPK2;PRKCE;LRRK2;IRAK3;TGFBR2;FGR;BMP2;GRK5;PDK4;CCL2;ERG;FAM20A,0.6231002329711919
2176,3'-UTR-mediated mRNA Stabilization (GO:0070935),0.48278793919093754,1.5782402097329182,1.1492394380796298,ZFP36,0.6231002329711919
2177,Regulation Of Dendrite Extension (GO:1903859),0.48278793919093754,1.5782402097329182,1.1492394380796298,NEDD4L,0.6231002329711919
2178,Regulation Of Epidermal Cell Differentiation (GO:0045604),0.48278793919093754,1.5782402097329182,1.1492394380796298,ZFP36,0.6231002329711919
2179,Regulation Of Histone Modification (GO:0031056),0.48278793919093754,1.5782402097329182,1.1492394380796298,MYOCD,0.6231002329711919
2180,T-helper Cell Differentiation (GO:0042093),0.48278793919093754,1.5782402097329182,1.1492394380796298,IL6,0.6231002329711919
2181,Regulation Of Lymphocyte Proliferation (GO:0050670),0.48278793919093754,1.5782402097329182,1.1492394380796298,LST1,0.6231002329711919
2182,Antigen Processing And Presentation Of Peptide Antigen Via MHC Class I (GO:0002474),0.48278793919093754,1.5782402097329182,1.1492394380796298,ACE,0.6231002329711919
2183,Regulation Of Nervous System Process (GO:0031644),0.48278793919093754,1.5782402097329182,1.1492394380796298,TMEM108,0.6231002329711919
2184,Cardiac Atrium Morphogenesis (GO:0003209),0.48278793919093754,1.5782402097329182,1.1492394380796298,BMP2,0.6231002329711919
2185,Cardiac Muscle Cell Contraction (GO:0086003),0.48278793919093754,1.5782402097329182,1.1492394380796298,SCN4B,0.6231002329711919
2186,Regulation Of Protein Neddylation (GO:2000434),0.48278793919093754,1.5782402097329182,1.1492394380796298,EPAS1,0.6231002329711919
2187,Cell Junction Maintenance (GO:0034331),0.48278793919093754,1.5782402097329182,1.1492394380796298,MYADM,0.6231002329711919
2188,Response To Organophosphorus (GO:0046683),0.48278793919093754,1.5782402097329182,1.1492394380796298,DUOX1,0.6231002329711919
2189,Establishment Of Vesicle Localization (GO:0051650),0.48278793919093754,1.5782402097329182,1.1492394380796298,RAB27A,0.6231002329711919
2190,Excitatory Postsynaptic Potential (GO:0060079),0.48278793919093754,1.5782402097329182,1.1492394380796298,LRRK2,0.6231002329711919
2191,fatty-acyl-CoA Metabolic Process (GO:0035337),0.48278793919093754,1.5782402097329182,1.1492394380796298,FAR2,0.6231002329711919
2192,Glycerolipid Catabolic Process (GO:0046503),0.48278793919093754,1.5782402097329182,1.1492394380796298,MGLL,0.6231002329711919
2193,Intracellular Sodium Ion Homeostasis (GO:0006883),0.48278793919093754,1.5782402097329182,1.1492394380796298,SCNN1B,0.6231002329711919
2194,Maintenance Of Protein Location In Nucleus (GO:0051457),0.48278793919093754,1.5782402097329182,1.1492394380796298,SYNE1,0.6231002329711919
2195,Myoblast Fusion (GO:0007520),0.48278793919093754,1.5782402097329182,1.1492394380796298,JAM2,0.6231002329711919
2196,Negative Regulation Of ERBB Signaling Pathway (GO:1901185),0.48278793919093754,1.5782402097329182,1.1492394380796298,ITGA1,0.6231002329711919
2197,Negative Regulation Of Monoatomic Ion Transport (GO:0043271),0.48278793919093754,1.5782402097329182,1.1492394380796298,PLN,0.6231002329711919
2198,Peptide Antigen Assembly With MHC Protein Complex (GO:0002501),0.48278793919093754,1.5782402097329182,1.1492394380796298,HLA-DMA,0.6231002329711919
2199,Positive Regulation Of NLRP3 Inflammasome Complex Assembly (GO:1900227),0.48278793919093754,1.5782402097329182,1.1492394380796298,CD36,0.6231002329711919
2200,Positive Regulation Of Cyclin-Dependent Protein Kinase Activity (GO:1904031),0.48278793919093754,1.5782402097329182,1.1492394380796298,RGCC,0.6231002329711919
2201,Positive Regulation Of Cytokine Production Involved In Inflammatory Response (GO:1900017),0.48278793919093754,1.5782402097329182,1.1492394380796298,IL6,0.6231002329711919
2202,Positive Regulation Of Epidermal Cell Differentiation (GO:0045606),0.48278793919093754,1.5782402097329182,1.1492394380796298,ZBED2,0.6231002329711919
2203,Positive Regulation Of Glycolytic Process (GO:0045821),0.48278793919093754,1.5782402097329182,1.1492394380796298,SLC4A4,0.6231002329711919
2204,Positive Regulation Of Interleukin-4 Production (GO:0032753),0.48278793919093754,1.5782402097329182,1.1492394380796298,HLA-E,0.6231002329711919
2205,Positive Regulation Of Macrophage Migration (GO:1905523),0.48278793919093754,1.5782402097329182,1.1492394380796298,CXCL17,0.6231002329711919
2206,Positive Regulation Of Monocyte Chemotaxis (GO:0090026),0.48278793919093754,1.5782402097329182,1.1492394380796298,CXCL17,0.6231002329711919
2207,Positive Regulation Of Neuroblast Proliferation (GO:0002052),0.48278793919093754,1.5782402097329182,1.1492394380796298,CX3CR1,0.6231002329711919
2208,Positive Regulation Of Neutrophil Chemotaxis (GO:0090023),0.48278793919093754,1.5782402097329182,1.1492394380796298,DAPK2,0.6231002329711919
2209,Regulation Of T Cell Cytokine Production (GO:0002724),0.48278793919093754,1.5782402097329182,1.1492394380796298,CD55,0.6231002329711919
2210,Regulation Of Cellular Metabolic Process (GO:0031323),0.4846253182858799,1.2479647108429828,0.9039997115951773,PID1;PDK4,0.6240590706562978
2211,I-kappaB kinase/NF-kappaB Signaling (GO:0007249),0.4846253182858799,1.2479647108429828,0.9039997115951773,TLR8;TLR3,0.6240590706562978
2212,Regulation Of Telomerase Activity (GO:0051972),0.4846253182858799,1.2479647108429828,0.9039997115951773,PARM1;KLF4,0.6240590706562978
2213,Organic Hydroxy Compound Transport (GO:0015850),0.4846253182858799,1.2479647108429828,0.9039997115951773,SLC22A3;VAPA,0.6240590706562978
2214,Positive Regulation Of Innate Immune Response (GO:0045089),0.4846253182858799,1.2479647108429828,0.9039997115951773,TLR8;HLA-E,0.6240590706562978
2215,Phosphate-Containing Compound Metabolic Process (GO:0006796),0.4936479973803159,1.0611312131022663,0.7490870861691338,SLC22A3;PTPRB;PLA2G1B;LRRK2;ALPL;ALOX15B;FBP1,0.6326428513440021
2216,B Cell Receptor Signaling Pathway (GO:0050853),0.4962546162267905,1.2195384810447571,0.8544893259534749,PRKCB;MNDA,0.6326428513440021
2217,Regulation Of Cytokine Production Involved In Inflammatory Response (GO:1900015),0.4962546162267905,1.2195384810447571,0.8544893259534749,IL6;ALOX5,0.6326428513440021
2218,Regulation Of Fibroblast Proliferation (GO:0048145),0.4962546162267905,1.2195384810447571,0.8544893259534749,PLA2G1B;AQP1,0.6326428513440021
2219,Regulation Of Nervous System Development (GO:0051960),0.4962546162267905,1.2195384810447571,0.8544893259534749,CX3CR1;S100A10,0.6326428513440021
2220,Cellular Component Disassembly (GO:0022411),0.4962546162267905,1.2195384810447571,0.8544893259534749,MMP19;TPSAB1,0.6326428513440021
2221,Homotypic Cell-Cell Adhesion (GO:0034109),0.4962546162267905,1.2195384810447571,0.8544893259534749,FGG;HBB,0.6326428513440021
2222,Negative Regulation Of Cellular Metabolic Process (GO:0031324),0.4962546162267905,1.2195384810447571,0.8544893259534749,FBP1;TBX2,0.6326428513440021
2223,DNA Catabolic Process (GO:0006308),0.5013984208232801,1.4904828226555247,1.0289611404372534,DNASE1L3,0.6326428513440021
2224,Regulation Of Early Endosome To Late Endosome Transport (GO:2000641),0.5013984208232801,1.4904828226555247,1.0289611404372534,DAB2,0.6326428513440021
2225,NADP Metabolic Process (GO:0006739),0.5013984208232801,1.4904828226555247,1.0289611404372534,FMO2,0.6326428513440021
2226,Regulation Of Granulocyte Chemotaxis (GO:0071622),0.5013984208232801,1.4904828226555247,1.0289611404372534,CXCL17,0.6326428513440021
2227,Regulation Of Insulin-Like Growth Factor Receptor Signaling Pathway (GO:0043567),0.5013984208232801,1.4904828226555247,1.0289611404372534,BMP5,0.6326428513440021
2228,Regulation Of Integrin-Mediated Signaling Pathway (GO:2001044),0.5013984208232801,1.4904828226555247,1.0289611404372534,EMP2,0.6326428513440021
2229,Regulation Of Megakaryocyte Differentiation (GO:0045652),0.5013984208232801,1.4904828226555247,1.0289611404372534,FAXDC2,0.6326428513440021
2230,Regulation Of Nuclear Division (GO:0051783),0.5013984208232801,1.4904828226555247,1.0289611404372534,CAV2,0.6326428513440021
2231,Cardiac Ventricle Development (GO:0003231),0.5013984208232801,1.4904828226555247,1.0289611404372534,TBX5,0.6326428513440021
2232,Regulation Of Protein-Containing Complex Disassembly (GO:0043244),0.5013984208232801,1.4904828226555247,1.0289611404372534,IRAK3,0.6326428513440021
2233,Regulation Of Smooth Muscle Cell Migration (GO:0014910),0.5013984208232801,1.4904828226555247,1.0289611404372534,SLIT2,0.6326428513440021
2234,Regulation Of Tissue Remodeling (GO:0034103),0.5013984208232801,1.4904828226555247,1.0289611404372534,LEPR,0.6326428513440021
2235,Cellular Response To Lectin (GO:1990858),0.5013984208232801,1.4904828226555247,1.0289611404372534,TYROBP,0.6326428513440021
2236,Release Of Cytochrome C From Mitochondria (GO:0001836),0.5013984208232801,1.4904828226555247,1.0289611404372534,CLU,0.6326428513440021
2237,Cyclic Nucleotide Biosynthetic Process (GO:0009190),0.5013984208232801,1.4904828226555247,1.0289611404372534,NPR1,0.6326428513440021
2238,Steroid Hormone Biosynthetic Process (GO:0120178),0.5013984208232801,1.4904828226555247,1.0289611404372534,HSD17B6,0.6326428513440021
2239,Stimulatory C-type Lectin Receptor Signaling Pathway (GO:0002223),0.5013984208232801,1.4904828226555247,1.0289611404372534,TYROBP,0.6326428513440021
2240,Eye Morphogenesis (GO:0048592),0.5013984208232801,1.4904828226555247,1.0289611404372534,EFEMP1,0.6326428513440021
2241,Fluid Transport (GO:0042044),0.5013984208232801,1.4904828226555247,1.0289611404372534,AQP4,0.6326428513440021
2242,Ganglioside Metabolic Process (GO:0001573),0.5013984208232801,1.4904828226555247,1.0289611404372534,ST6GALNAC5,0.6326428513440021
2243,Gastrulation (GO:0007369),0.5013984208232801,1.4904828226555247,1.0289611404372534,NR4A3,0.6326428513440021
2244,Glycosphingolipid Biosynthetic Process (GO:0006688),0.5013984208232801,1.4904828226555247,1.0289611404372534,ST6GALNAC5,0.6326428513440021
2245,Vesicle Docking (GO:0048278),0.5013984208232801,1.4904828226555247,1.0289611404372534,STX11,0.6326428513440021
2246,Xenobiotic Catabolic Process (GO:0042178),0.5013984208232801,1.4904828226555247,1.0289611404372534,CYP2B6,0.6326428513440021
2247,Immunoglobulin Production Involved In Immunoglobulin-Mediated Immune Response (GO:0002381),0.5013984208232801,1.4904828226555247,1.0289611404372534,HLA-DMA,0.6326428513440021
2248,Inositol Phosphate-Mediated Signaling (GO:0048016),0.5013984208232801,1.4904828226555247,1.0289611404372534,EDN1,0.6326428513440021
2249,Interleukin-1-Mediated Signaling Pathway (GO:0070498),0.5013984208232801,1.4904828226555247,1.0289611404372534,IRAK3,0.6326428513440021
2250,Mesoderm Development (GO:0007498),0.5013984208232801,1.4904828226555247,1.0289611404372534,TIE1,0.6326428513440021
2251,Negative Regulation Of Calcium Ion Transmembrane Transport (GO:1903170),0.5013984208232801,1.4904828226555247,1.0289611404372534,PLN,0.6326428513440021
2252,Negative Regulation Of Cyclin-Dependent Protein Serine/Threonine Kinase Activity (GO:0045736),0.5013984208232801,1.4904828226555247,1.0289611404372534,MYOCD,0.6326428513440021
2253,Negative Regulation Of Protein Dephosphorylation (GO:0035308),0.5013984208232801,1.4904828226555247,1.0289611404372534,PPP1R15A,0.6326428513440021
2254,Phosphate Ion Transport (GO:0006817),0.5013984208232801,1.4904828226555247,1.0289611404372534,SLC34A2,0.6326428513440021
2255,Phosphatidylcholine Biosynthetic Process (GO:0006656),0.5013984208232801,1.4904828226555247,1.0289611404372534,MUC1,0.6326428513440021
2256,Positive Regulation Of Axon Extension (GO:0045773),0.5013984208232801,1.4904828226555247,1.0289611404372534,SEMA5A,0.6326428513440021
2257,Positive Regulation Of Mitochondrial Fission (GO:0090141),0.5013984208232801,1.4904828226555247,1.0289611404372534,DCN,0.6326428513440021
2258,rRNA Catabolic Process (GO:0016075),0.5013984208232801,1.4904828226555247,1.0289611404372534,EXOSC7,0.6326428513440021
2259,Regulation Of Behavior (GO:0050795),0.5013984208232801,1.4904828226555247,1.0289611404372534,LEPR,0.6326428513440021
2260,Regulation Of Autophagy (GO:0010506),0.5014987176560662,1.0408025740650801,0.7183142976290224,DRAM1;DAPK1;DAPK2;LAMP3;HGF;LRRK2;LEPR;RASIP1;DCN,0.6326428513440021
2261,Activation Of GTPase Activity (GO:0090630),0.5018248159054945,1.0950763522192093,0.7550597359575197,ARHGEF26;ARHGEF15;RASGRF1;ARHGAP29,0.6327742371280695
2262,Cognition (GO:0050890),0.5077151853278962,1.192375639237564,0.808233521032589,C5AR1;FAM107A,0.6396358786433195
2263,Secondary Alcohol Metabolic Process (GO:1902652),0.5077151853278962,1.192375639237564,0.808233521032589,CH25H;CES1,0.6396358786433195
2264,Positive Regulation Of Protein Secretion (GO:0050714),0.5178145692802186,1.102471875717456,0.725578718217366,PLA2G1B;FGG;PPARG,0.6448775123990943
2265,Negative Regulation Of ERK1 And ERK2 Cascade (GO:0070373),0.5190041150350336,1.1663937905524224,0.76497174756613,LMO3;TIMP3,0.6448775123990943
2266,Post-Translational Protein Modification (GO:0043687),0.5190041150350336,1.1663937905524224,0.76497174756613,PRKCB;PARP8,0.6448775123990943
2267,DNA Methylation (GO:0006306),0.5193401502870293,1.4119630552704883,0.9251128494634561,FOS,0.6448775123990943
2268,Regulation Of Fibroblast Migration (GO:0010762),0.5193401502870293,1.4119630552704883,0.9251128494634561,PRKCE,0.6448775123990943
2269,Regulation Of Macrophage Chemotaxis (GO:0010758),0.5193401502870293,1.4119630552704883,0.9251128494634561,CXCL17,0.6448775123990943
2270,Ameboidal-Type Cell Migration (GO:0001667),0.5193401502870293,1.4119630552704883,0.9251128494634561,TNS1,0.6448775123990943
2271,Regulation Of Meiotic Cell Cycle (GO:0051445),0.5193401502870293,1.4119630552704883,0.9251128494634561,DUSP1,0.6448775123990943
2272,Regulation Of Necroptotic Process (GO:0060544),0.5193401502870293,1.4119630552704883,0.9251128494634561,CFLAR,0.6448775123990943
2273,Regulation Of Protein Localization To Cell Periphery (GO:1904375),0.5193401502870293,1.4119630552704883,0.9251128494634561,SPTBN1,0.6448775123990943
2274,Epithelial Cilium Movement Involved In Extracellular Fluid Movement (GO:0003351),0.5193401502870293,1.4119630552704883,0.9251128494634561,AQP4,0.6448775123990943
2275,Sulfur Compound Catabolic Process (GO:0044273),0.5193401502870293,1.4119630552704883,0.9251128494634561,DPEP2,0.6448775123990943
2276,Glutamate Metabolic Process (GO:0006536),0.5193401502870293,1.4119630552704883,0.9251128494634561,GGT1,0.6448775123990943
2277,Intracellular Monoatomic Ion Homeostasis (GO:0006873),0.5193401502870293,1.4119630552704883,0.9251128494634561,SLC39A8,0.6448775123990943
2278,Late Endosome To Vacuole Transport (GO:0045324),0.5193401502870293,1.4119630552704883,0.9251128494634561,LEPROT,0.6448775123990943
2279,Limb Morphogenesis (GO:0035108),0.5193401502870293,1.4119630552704883,0.9251128494634561,TBX5,0.6448775123990943
2280,Mesoderm Formation (GO:0001707),0.5193401502870293,1.4119630552704883,0.9251128494634561,ITGA8,0.6448775123990943
2281,Negative Regulation Of Cyclin-Dependent Protein Kinase Activity (GO:1904030),0.5193401502870293,1.4119630552704883,0.9251128494634561,MYOCD,0.6448775123990943
2282,Negative Regulation Of miRNA Transcription (GO:1902894),0.5193401502870293,1.4119630552704883,0.9251128494634561,PPARG,0.6448775123990943
2283,Negative Regulation Of Phosphate Metabolic Process (GO:0045936),0.5193401502870293,1.4119630552704883,0.9251128494634561,CDKN2B,0.6448775123990943
2284,Negative Regulation Of Phosphoprotein Phosphatase Activity (GO:0032515),0.5193401502870293,1.4119630552704883,0.9251128494634561,PPP1R15A,0.6448775123990943
2285,Negative Regulation Of Reproductive Process (GO:2000242),0.5193401502870293,1.4119630552704883,0.9251128494634561,DUSP1,0.6448775123990943
2286,Nuclear-Transcribed mRNA poly(A) Tail Shortening (GO:0000289),0.5193401502870293,1.4119630552704883,0.9251128494634561,ZFP36,0.6448775123990943
2287,Peripheral Nervous System Development (GO:0007422),0.5193401502870293,1.4119630552704883,0.9251128494634561,ADGRG6,0.6448775123990943
2288,Phosphatidylglycerol Metabolic Process (GO:0046471),0.5193401502870293,1.4119630552704883,0.9251128494634561,PLA2G1B,0.6448775123990943
2289,Phosphatidylserine Metabolic Process (GO:0006658),0.5193401502870293,1.4119630552704883,0.9251128494634561,PLA1A,0.6448775123990943
2290,Positive Regulation Of Antigen Receptor-Mediated Signaling Pathway (GO:0050857),0.5193401502870293,1.4119630552704883,0.9251128494634561,PRKCB,0.6448775123990943
2291,Positive Regulation Of Embryonic Development (GO:0040019),0.5193401502870293,1.4119630552704883,0.9251128494634561,FOXA2,0.6448775123990943
2292,Positive Regulation Of Leukocyte Activation (GO:0002696),0.5193401502870293,1.4119630552704883,0.9251128494634561,IL33,0.6448775123990943
2293,Positive Regulation Of Lipid Storage (GO:0010884),0.5193401502870293,1.4119630552704883,0.9251128494634561,MSR1,0.6448775123990943
2294,Positive Regulation Of Phospholipase Activity (GO:0010518),0.5193401502870293,1.4119630552704883,0.9251128494634561,AGTR1,0.6448775123990943
2295,Positive Regulation Of Vascular Associated Smooth Muscle Cell Proliferation (GO:1904707),0.5193401502870293,1.4119630552704883,0.9251128494634561,NR4A3,0.6448775123990943
2296,Receptor Metabolic Process (GO:0043112),0.5193401502870293,1.4119630552704883,0.9251128494634561,SNX25,0.6448775123990943
2297,Positive Regulation Of Stress-Activated MAPK Cascade (GO:0032874),0.5246614263920075,1.0623831613930623,0.6852393982985893,BMP2;GADD45B;TLR3;SASH1,0.6512014482558178
2298,Regulation Of Immune Response (GO:0050776),0.5266493632690274,1.087516986260003,0.6973379646192414,FGR;C7;PLA2G1B,0.652816232469564
2299,Positive Regulation Of Synaptic Transmission (GO:0050806),0.5266493632690274,1.087516986260003,0.6973379646192414,CCL2;SHANK3;AGER,0.652816232469564
2300,Regulation Of T Cell Proliferation (GO:0042129),0.5266493632690274,1.087516986260003,0.6973379646192414,IL6;SFTPD;VSIG4,0.652816232469564
2301,Antigen Receptor-Mediated Signaling Pathway (GO:0050851),0.5300890453651765,1.039671682626539,0.6598903010712551,BTNL9;PRKCB;NFKBIZ;MNDA;TRGC2,0.6556915595187055
2302,Regulation Of Mitotic Metaphase/Anaphase Transition (GO:0030071),0.5301189213225592,1.1415175524496275,0.7244685868442352,DUSP1;HECW2,0.6556915595187055
2303,Fatty Acid Beta-Oxidation (GO:0006635),0.5301189213225592,1.1415175524496275,0.7244685868442352,ACOXL;ACADL,0.6556915595187055
2304,Negative Regulation Of T Cell Activation (GO:0050868),0.5301189213225592,1.1415175524496275,0.7244685868442352,SFTPD;VSIG4,0.6556915595187055
2305,Positive Regulation Of Nervous System Development (GO:0051962),0.5301189213225592,1.1415175524496275,0.7244685868442352,CX3CR1;MME,0.6556915595187055
2306,Regulation Of Dendritic Spine Development (GO:0060998),0.5366371264319715,1.3412952646239555,0.834866643483651,SHANK3,0.6588942495510555
2307,Regulation Of Membrane Protein Ectodomain Proteolysis (GO:0051043),0.5366371264319715,1.3412952646239555,0.834866643483651,TIMP3,0.6588942495510555
2308,Antigen Processing And Presentation Of Endogenous Peptide Antigen (GO:0002483),0.5366371264319715,1.3412952646239555,0.834866643483651,HLA-E,0.6588942495510555
2309,Regulation Of Steroid Metabolic Process (GO:0019218),0.5366371264319715,1.3412952646239555,0.834866643483651,ACADL,0.6588942495510555
2310,Response To Cadmium Ion (GO:0046686),0.5366371264319715,1.3412952646239555,0.834866643483651,FOS,0.6588942495510555
2311,Skin Epidermis Development (GO:0098773),0.5366371264319715,1.3412952646239555,0.834866643483651,GATA6,0.6588942495510555
2312,Sodium Ion Import Across Plasma Membrane (GO:0098719),0.5366371264319715,1.3412952646239555,0.834866643483651,SCNN1B,0.6588942495510555
2313,Focal Adhesion Assembly (GO:0048041),0.5366371264319715,1.3412952646239555,0.834866643483651,SORBS1,0.6588942495510555
2314,Zinc Ion Transmembrane Transport (GO:0071577),0.5366371264319715,1.3412952646239555,0.834866643483651,SLC39A8,0.6588942495510555
2315,"Maturation Of 5.8S rRNA From Tricistronic rRNA Transcript (SSU-rRNA, 5.8S rRNA, LSU-rRNA) (GO:0000466)",0.5366371264319715,1.3412952646239555,0.834866643483651,EXOSC7,0.6588942495510555
2316,Modulation By Host Of Viral Genome Replication (GO:0044827),0.5366371264319715,1.3412952646239555,0.834866643483651,VAPA,0.6588942495510555
2317,Negative Regulation Of GTPase Activity (GO:0034260),0.5366371264319715,1.3412952646239555,0.834866643483651,LRRK2,0.6588942495510555
2318,Negative Regulation Of miRNA Metabolic Process (GO:2000629),0.5366371264319715,1.3412952646239555,0.834866643483651,PPARG,0.6588942495510555
2319,Negative Regulation Of Tumor Necrosis Factor-Mediated Signaling Pathway (GO:0010804),0.5366371264319715,1.3412952646239555,0.834866643483651,CARD16,0.6588942495510555
2320,Positive Regulation Of Dendritic Spine Development (GO:0060999),0.5366371264319715,1.3412952646239555,0.834866643483651,SHANK3,0.6588942495510555
2321,Positive Regulation Of Granulocyte Chemotaxis (GO:0071624),0.5366371264319715,1.3412952646239555,0.834866643483651,DAPK2,0.6588942495510555
2322,Positive Regulation Of Heart Contraction (GO:0045823),0.5366371264319715,1.3412952646239555,0.834866643483651,EDN1,0.6588942495510555
2323,Regulation Of Interferon-Beta Production (GO:0032648),0.5410575195578884,1.1176778242677825,0.6865108979067921,TLR8;TLR3,0.6631792726825193
2324,Regulation Of Mitochondrion Organization (GO:0010821),0.5410575195578884,1.1176778242677825,0.6865108979067921,PID1;LRRK2,0.6631792726825193
2325,Steroid Biosynthetic Process (GO:0006694),0.5410575195578884,1.1176778242677825,0.6865108979067921,CH25H;FAXDC2,0.6631792726825193
2326,Plasma Membrane Bounded Cell Projection Morphogenesis (GO:0120039),0.5410575195578884,1.1176778242677825,0.6865108979067921,GPM6A;LRRK2,0.6631792726825193
2327,Regulation Of Cyclin-Dependent Protein Serine/Threonine Kinase Activity (GO:0000079),0.5440457600900092,1.0587878565127904,0.64450737461422,MYOCD;CDKN2B;RGCC,0.66598302362242
2328,Response To Insulin (GO:0032868),0.5440457600900092,1.0587878565127904,0.64450737461422,PLA2G1B;PPARG;SORBS1,0.66598302362242
2329,Negative Regulation Of Cellular Component Organization (GO:0051129),0.5440457600900092,1.0587878565127904,0.64450737461422,CH25H;IRAK3;CLU,0.66598302362242
2330,Protein Localization To Organelle (GO:0033365),0.5498493433180501,1.0158836261777437,0.6076111304126128,PPP1R15A;VAPA;LRRK2;ANK2;SGCG,0.6712740012769105
2331,Positive Regulation Of Ras Protein Signal Transduction (GO:0046579),0.5518181997000554,1.0948111462158086,0.6509053351837223,RASGRF1;ARRB1,0.6712740012769105
2332,Positive Regulation Of Immune Response (GO:0050778),0.552603423723878,1.044982950010883,0.6197947184375828,C7;PLA2G1B;TLR8,0.6712740012769105
2333,Fc-epsilon Receptor Signaling Pathway (GO:0038095),0.5533124878992423,1.277357739753283,0.755981645018905,NR4A3,0.6712740012769105
2334,NAD Metabolic Process (GO:0019674),0.5533124878992423,1.277357739753283,0.755981645018905,GPD1L,0.6712740012769105
2335,Regulation Of Histone Acetylation (GO:0035065),0.5533124878992423,1.277357739753283,0.755981645018905,MYOCD,0.6712740012769105
2336,Acetylcholine Receptor Signaling Pathway (GO:0095500),0.5533124878992423,1.277357739753283,0.755981645018905,GNAQ,0.6712740012769105
2337,Cellular Response To Interferon-Beta (GO:0035458),0.5533124878992423,1.277357739753283,0.755981645018905,MNDA,0.6712740012769105
2338,Cellular Response To Topologically Incorrect Protein (GO:0035967),0.5533124878992423,1.277357739753283,0.755981645018905,HSPB8,0.6712740012769105
2339,snRNA 3'-End Processing (GO:0034472),0.5533124878992423,1.277357739753283,0.755981645018905,EXOSC7,0.6712740012769105
2340,Glucose Transmembrane Transport (GO:1904659),0.5533124878992423,1.277357739753283,0.755981645018905,PPBP,0.6712740012769105
2341,Hexose Transmembrane Transport (GO:0008645),0.5533124878992423,1.277357739753283,0.755981645018905,PPBP,0.6712740012769105
2342,Modulation By Host Of Viral Process (GO:0044788),0.5533124878992423,1.277357739753283,0.755981645018905,CAV2,0.6712740012769105
2343,Negative Regulation Of Axonogenesis (GO:0050771),0.5533124878992423,1.277357739753283,0.755981645018905,SEMA3G,0.6712740012769105
2344,Negative Regulation Of Cell Communication (GO:0010648),0.5533124878992423,1.277357739753283,0.755981645018905,HHIP,0.6712740012769105
2345,Negative Regulation Of Cell Development (GO:0010721),0.5533124878992423,1.277357739753283,0.755981645018905,IL6,0.6712740012769105
2346,Negative Regulation Of Macroautophagy (GO:0016242),0.5533124878992423,1.277357739753283,0.755981645018905,LRRK2,0.6712740012769105
2347,Oligosaccharide Biosynthetic Process (GO:0009312),0.5533124878992423,1.277357739753283,0.755981645018905,ST6GALNAC5,0.6712740012769105
2348,Placenta Development (GO:0001890),0.5533124878992423,1.277357739753283,0.755981645018905,PPARG,0.6712740012769105
2349,Positive Regulation Of Excitatory Postsynaptic Potential (GO:2000463),0.5533124878992423,1.277357739753283,0.755981645018905,SHANK3,0.6712740012769105
2350,Positive Regulation Of Viral Life Cycle (GO:1903902),0.5533124878992423,1.277357739753283,0.755981645018905,TMPRSS2,0.6712740012769105
2351,Membrane Organization (GO:0061024),0.5585239406197273,0.9993640727222043,0.5820873946651971,VAPA;MYADM;ANK2;SPTBN1;STX11;S100A10,0.6773082750773469
2352,Adenylate Cyclase-Inhibiting G Protein-Coupled Receptor Signaling Pathway (GO:0007193),0.5623996014096251,1.0728591352859136,0.6174761868134399,AKAP12;MARCO,0.6811390244769929
2353,Negative Regulation Of Innate Immune Response (GO:0045824),0.5623996014096251,1.0728591352859136,0.6174761868134399,IRAK3;VSIG4,0.6811390244769929
2354,Regulation Of Cell Development (GO:0060284),0.5623996014096251,1.0728591352859136,0.6174761868134399,CX3CR1;S100A10,0.6811390244769929
2355,Regulation Of Cholesterol Transport (GO:0032374),0.5693885441161873,1.2192327171435806,0.6866623850057996,ABCA8,0.6832183246107955
2356,Regulation Of Interleukin-4 Production (GO:0032673),0.5693885441161873,1.2192327171435806,0.6866623850057996,HLA-E,0.6832183246107955
2357,Actin Nucleation (GO:0045010),0.5693885441161873,1.2192327171435806,0.6866623850057996,LMOD1,0.6832183246107955
2358,Regulation Of Lipid Catabolic Process (GO:0050994),0.5693885441161873,1.2192327171435806,0.6866623850057996,HPGD,0.6832183246107955
2359,Adaptive Immune Response Based On Somatic Recombination Of Immune Receptors Built From Immunoglobulin Superfamily Domains (GO:0002460),0.5693885441161873,1.2192327171435806,0.6866623850057996,C4BPA,0.6832183246107955
2360,"Regulation Of Nuclear-Transcribed mRNA Catabolic Process, Deadenylation-Dependent Decay (GO:1900151)",0.5693885441161873,1.2192327171435806,0.6866623850057996,ZFP36,0.6832183246107955
2361,Cellular Lipid Catabolic Process (GO:0044242),0.5693885441161873,1.2192327171435806,0.6866623850057996,ACADL,0.6832183246107955
2362,Regulation Of Toll-Like Receptor 4 Signaling Pathway (GO:0034143),0.5693885441161873,1.2192327171435806,0.6866623850057996,LILRA2,0.6832183246107955
2363,Cholesterol Efflux (GO:0033344),0.5693885441161873,1.2192327171435806,0.6866623850057996,ABCA8,0.6832183246107955
2364,Endocrine System Development (GO:0035270),0.5693885441161873,1.2192327171435806,0.6866623850057996,NKX2-1,0.6832183246107955
2365,Zinc Ion Transport (GO:0006829),0.5693885441161873,1.2192327171435806,0.6866623850057996,SLC39A8,0.6832183246107955
2366,Microtubule Nucleation (GO:0007020),0.5693885441161873,1.2192327171435806,0.6866623850057996,TPPP,0.6832183246107955
2367,Negative Regulation Of Lymphocyte Activation (GO:0051250),0.5693885441161873,1.2192327171435806,0.6866623850057996,LST1,0.6832183246107955
2368,Negative Regulation Of Oxidative Stress-Induced Cell Death (GO:1903202),0.5693885441161873,1.2192327171435806,0.6866623850057996,LRRK2,0.6832183246107955
2369,Negative Regulation Of Protein Depolymerization (GO:1901880),0.5693885441161873,1.2192327171435806,0.6866623850057996,PLEKHH2,0.6832183246107955
2370,Negative Regulation Of Protein Tyrosine Kinase Activity (GO:0061099),0.5693885441161873,1.2192327171435806,0.6866623850057996,GPRC5A,0.6832183246107955
2371,Positive Regulation Of Morphogenesis Of An Epithelium (GO:1905332),0.5693885441161873,1.2192327171435806,0.6866623850057996,MMRN2,0.6832183246107955
2372,Positive Regulation Of Neuron Apoptotic Process (GO:0043525),0.5693885441161873,1.2192327171435806,0.6866623850057996,TYROBP,0.6832183246107955
2373,Positive Regulation Of Neutrophil Migration (GO:1902624),0.5693885441161873,1.2192327171435806,0.6866623850057996,DAPK2,0.6832183246107955
2374,Protein Localization To Cell Junction (GO:1902414),0.5693885441161873,1.2192327171435806,0.6866623850057996,CGNL1,0.6832183246107955
2375,Regulation Of T Cell Migration (GO:2000404),0.5693885441161873,1.2192327171435806,0.6866623850057996,DOCK8,0.6832183246107955
2376,Regulation Of Cell Junction Assembly (GO:1901888),0.5693885441161873,1.2192327171435806,0.6866623850057996,RAP1A,0.6832183246107955
2377,Regulation Of Proteasomal Protein Catabolic Process (GO:0061136),0.5728006917625744,1.0517679875297399,0.5860634819458336,LAMP3;ECSCR,0.6861574673172688
2378,Carboxylic Acid Transport (GO:0046942),0.5728006917625744,1.0517679875297399,0.5860634819458336,SLC6A14;SLC16A5,0.6861574673172688
2379,Spermatid Development (GO:0007286),0.5728006917625744,1.0517679875297399,0.5860634819458336,RFX2;JAM2,0.6861574673172688
2380,mRNA Stabilization (GO:0048255),0.5728006917625744,1.0517679875297399,0.5860634819458336,ZFP36;SLC11A1,0.6861574673172688
2381,Calcium Ion Transmembrane Import Into Cytosol (GO:0097553),0.5776938906931902,1.0056389664804468,0.5518053152652838,TRPV2;SCN7A;CLU,0.6914379858800526
2382,Positive Regulation Of Ubiquitin-Dependent Protein Catabolic Process (GO:2000060),0.5776938906931902,1.0056389664804468,0.5518053152652838,DAB2;LRRK2;CLU,0.6914379858800526
2383,Negative Regulation Of Protein Ubiquitination (GO:0031397),0.5830207431716158,1.0314880377641884,0.5565213333613459,CAV1;ARRB1,0.6936407157645215
2384,ERK1 And ERK2 Cascade (GO:0070371),0.5848868048747491,1.1661620443260263,0.6254557898773032,CTSH,0.6936407157645215
2385,Regulation Of Endoplasmic Reticulum Stress-Induced Intrinsic Apoptotic Signaling Pathway (GO:1902235),0.5848868048747491,1.1661620443260263,0.6254557898773032,LRRK2,0.6936407157645215
2386,Acylglycerol Homeostasis (GO:0055090),0.5848868048747491,1.1661620443260263,0.6254557898773032,GPIHBP1,0.6936407157645215
2387,Amyloid Fibril Formation (GO:1990000),0.5848868048747491,1.1661620443260263,0.6254557898773032,CD36,0.6936407157645215
2388,Regulation Of Muscle Cell Differentiation (GO:0051147),0.5848868048747491,1.1661620443260263,0.6254557898773032,MYOCD,0.6936407157645215
2389,Regulation Of Ruffle Assembly (GO:1900027),0.5848868048747491,1.1661620443260263,0.6254557898773032,CAV1,0.6936407157645215
2390,Regulation Of Supramolecular Fiber Organization (GO:1902903),0.5848868048747491,1.1661620443260263,0.6254557898773032,CSF3,0.6936407157645215
2391,Regulation Of Viral Life Cycle (GO:1903900),0.5848868048747491,1.1661620443260263,0.6254557898773032,LAMP3,0.6936407157645215
2392,Secondary Alcohol Biosynthetic Process (GO:1902653),0.5848868048747491,1.1661620443260263,0.6254557898773032,CES1,0.6936407157645215
2393,Early Endosome To Late Endosome Transport (GO:0045022),0.5848868048747491,1.1661620443260263,0.6254557898773032,EMP2,0.6936407157645215
2394,Endosome Transport Via Multivesicular Body Sorting Pathway (GO:0032509),0.5848868048747491,1.1661620443260263,0.6254557898773032,LEPROT,0.6936407157645215
2395,Fat-Soluble Vitamin Metabolic Process (GO:0006775),0.5848868048747491,1.1661620443260263,0.6254557898773032,ALDH1A2,0.6936407157645215
2396,Lipid Translocation (GO:0034204),0.5848868048747491,1.1661620443260263,0.6254557898773032,ATP8A1,0.6936407157645215
2397,Multivesicular Body Sorting Pathway (GO:0071985),0.5848868048747491,1.1661620443260263,0.6254557898773032,RAB27A,0.6936407157645215
2398,Negative Regulation Of Ossification (GO:0030279),0.5848868048747491,1.1661620443260263,0.6254557898773032,SMAD6,0.6936407157645215
2399,Neuromuscular Junction Development (GO:0007528),0.5848868048747491,1.1661620443260263,0.6254557898773032,LRRK2,0.6936407157645215
2400,Positive Regulation Of BMP Signaling Pathway (GO:0030513),0.5848868048747491,1.1661620443260263,0.6254557898773032,CDH5,0.6936407157645215
2401,Positive Regulation Of Interleukin-17 Production (GO:0032740),0.5848868048747491,1.1661620443260263,0.6254557898773032,IL6,0.6936407157645215
2402,Positive Regulation Of Lipid Metabolic Process (GO:0045834),0.5848868048747491,1.1661620443260263,0.6254557898773032,SORBS1,0.6936407157645215
2403,Protein Kinase B Signaling (GO:0043491),0.5848868048747491,1.1661620443260263,0.6254557898773032,CCL2,0.6936407157645215
2404,Regulation Of AMPA Receptor Activity (GO:2000311),0.5848868048747491,1.1661620443260263,0.6254557898773032,SHANK3,0.6936407157645215
2405,Response To Peptide Hormone (GO:0043434),0.5930593129926218,1.0119733691218653,0.5287164798416238,TGFBR3;CAV1,0.7024562116086269
2406,Phosphatidylcholine Metabolic Process (GO:0046470),0.5930593129926218,1.0119733691218653,0.5287164798416238,MUC1;PLA2G1B,0.7024562116086269
2407,Purine Ribonucleotide Biosynthetic Process (GO:0009152),0.5930593129926218,1.0119733691218653,0.5287164798416238,NPR1;PAPSS2,0.7024562116086269
2408,Epidermis Development (GO:0008544),0.5939213590967191,0.9810089930508243,0.511113887082764,SCEL;GATA6;EMP1,0.7025922981888207
2409,Positive Regulation Of Amide Metabolic Process (GO:0034250),0.5939213590967191,0.9810089930508243,0.511113887082764,IL6;GSAP;CLU,0.7025922981888207
2410,Ras Protein Signal Transduction (GO:0007265),0.5943172062979961,0.9643713600548133,0.5018030040309587,RAP1A;RASGRF1;AGTR1;ARHGAP29;ARHGAP6,0.7025922981888207
2411,Regulation Of Neuron Projection Development (GO:0010975),0.5987683198409783,0.9573732718894009,0.49101811484108343,ARHGAP44;RAP1A;LRRK2;ROR1;NDNF;SHANK3,0.7025922981888207
2412,Regulation Of Glycogen Biosynthetic Process (GO:0005979),0.5998280090465063,1.1175139275766017,0.571175132186095,SORBS1,0.7025922981888207
2413,Regulation Of Hippo Signaling (GO:0035330),0.5998280090465063,1.1175139275766017,0.571175132186095,WWC2,0.7025922981888207
2414,Regulation Of Lysosomal Lumen pH (GO:0035751),0.5998280090465063,1.1175139275766017,0.571175132186095,LRRK2,0.7025922981888207
2415,Carbohydrate Biosynthetic Process (GO:0016051),0.5998280090465063,1.1175139275766017,0.571175132186095,ST6GALNAC5,0.7025922981888207
2416,"Chemical Synaptic Transmission, Postsynaptic (GO:0099565)",0.5998280090465063,1.1175139275766017,0.571175132186095,LRRK2,0.7025922981888207
2417,Cholesterol Biosynthetic Process (GO:0006695),0.5998280090465063,1.1175139275766017,0.571175132186095,CES1,0.7025922981888207
2418,Sodium Ion Homeostasis (GO:0055078),0.5998280090465063,1.1175139275766017,0.571175132186095,SCNN1B,0.7025922981888207
2419,fatty-acyl-CoA Biosynthetic Process (GO:0046949),0.5998280090465063,1.1175139275766017,0.571175132186095,ACSL5,0.7025922981888207
2420,Vesicle-Mediated Transport Between Endosomal Compartments (GO:0098927),0.5998280090465063,1.1175139275766017,0.571175132186095,EMP2,0.7025922981888207
2421,Lamellipodium Assembly (GO:0030032),0.5998280090465063,1.1175139275766017,0.571175132186095,S1PR1,0.7025922981888207
2422,Late Endosome To Vacuole Transport Via Multivesicular Body Sorting Pathway (GO:0032511),0.5998280090465063,1.1175139275766017,0.571175132186095,LEPROT,0.7025922981888207
2423,Myotube Differentiation (GO:0014902),0.5998280090465063,1.1175139275766017,0.571175132186095,JAM2,0.7025922981888207
2424,Negative Regulation Of Intracellular Protein Transport (GO:0090317),0.5998280090465063,1.1175139275766017,0.571175132186095,LRRK2,0.7025922981888207
2425,Negative Regulation Of Protein Transport (GO:0051224),0.5998280090465063,1.1175139275766017,0.571175132186095,ADTRP,0.7025922981888207
2426,Negative Regulation Of Proteolysis Involved In Protein Catabolic Process (GO:1903051),0.5998280090465063,1.1175139275766017,0.571175132186095,LAMP3,0.7025922981888207
2427,Negative Regulation Of Smoothened Signaling Pathway (GO:0045879),0.5998280090465063,1.1175139275766017,0.571175132186095,HHIP,0.7025922981888207
2428,Organophosphate Ester Transport (GO:0015748),0.5998280090465063,1.1175139275766017,0.571175132186095,VAPA,0.7025922981888207
2429,Positive Regulation Of T Cell Migration (GO:2000406),0.5998280090465063,1.1175139275766017,0.571175132186095,DOCK8,0.7025922981888207
2430,Positive Regulation Of Glucose Import (GO:0046326),0.5998280090465063,1.1175139275766017,0.571175132186095,SORBS1,0.7025922981888207
2431,Positive Regulation Of Interleukin-2 Production (GO:0032743),0.5998280090465063,1.1175139275766017,0.571175132186095,SPTBN1,0.7025922981888207
2432,Positive Regulation Of Peptidase Activity (GO:0010952),0.5998280090465063,1.1175139275766017,0.571175132186095,CTSH,0.7025922981888207
2433,Regulation Of B Cell Activation (GO:0050864),0.5998280090465063,1.1175139275766017,0.571175132186095,IL6,0.7025922981888207
2434,Regulation Of Cell Size (GO:0008361),0.5998280090465063,1.1175139275766017,0.571175132186095,EDN1,0.7025922981888207
2435,Regulation Of Mitotic Cell Cycle Phase Transition (GO:1901990),0.6018817366258005,0.9691391263377532,0.4920264139926266,CDKN2B;RGCC;HECW2,0.7044190603941531
2436,Exocytosis (GO:0006887),0.6018817366258005,0.9691391263377532,0.4920264139926266,RAB11FIP1;RAB27A;STX11,0.7044190603941531
2437,Neuron Projection Morphogenesis (GO:0048812),0.6065657814088533,0.9505930031587103,0.4752414582413924,GPM6A;PARD6B;FLRT3;LRRK2;SHANK3,0.7096097836670664
2438,Regulation Of Insulin Secretion (GO:0050796),0.6097386199453751,0.9575518754988028,0.4737247611524357,IL6;ALOX5;FOXA2,0.7118601079920468
2439,Cellular Response To Oxidative Stress (GO:0034599),0.610466053668843,0.9489696144563401,0.468347432719997,DAPK1;ALDH3B1;LRRK2;FOS,0.7118601079920468
2440,RNA Catabolic Process (GO:0006401),0.612591545879311,0.9750729047800177,0.4778411904341987,EXOSC7;ZFP36,0.7118601079920468
2441,Endosome To Lysosome Transport (GO:0008333),0.612591545879311,0.9750729047800177,0.4778411904341987,CCL14;DENND3,0.7118601079920468
2442,Negative Regulation Of Protein Metabolic Process (GO:0051248),0.6126098827985271,0.9438493707342092,0.46251163044487675,EDN1;EDNRB;DAPK1;IRAK3;CLU,0.7118601079920468
2443,Fc Receptor Signaling Pathway (GO:0038093),0.6142321521081849,1.072757660167131,0.5228431219300812,PIGR,0.7118601079920468
2444,L-amino Acid Transport (GO:0015807),0.6142321521081849,1.072757660167131,0.5228431219300812,SLC1A1,0.7118601079920468
2445,Regulation Of Fatty Acid Biosynthetic Process (GO:0042304),0.6142321521081849,1.072757660167131,0.5228431219300812,PDK4,0.7118601079920468
2446,Acute Inflammatory Response (GO:0002526),0.6142321521081849,1.072757660167131,0.5228431219300812,IL6,0.7118601079920468
2447,Antigen Processing And Presentation Of Exogenous Peptide Antigen Via MHC Class II (GO:0019886),0.6142321521081849,1.072757660167131,0.5228431219300812,HLA-DMA,0.7118601079920468
2448,cAMP-mediated Signaling (GO:0019933),0.6142321521081849,1.072757660167131,0.5228431219300812,ADGRG6,0.7118601079920468
2449,Camera-Type Eye Development (GO:0043010),0.6142321521081849,1.072757660167131,0.5228431219300812,EFEMP1,0.7118601079920468
2450,Cell-Cell Adhesion Mediated By Cadherin (GO:0044331),0.6142321521081849,1.072757660167131,0.5228431219300812,CDH5,0.7118601079920468
2451,Cellular Response To Xenobiotic Stimulus (GO:0071466),0.6142321521081849,1.072757660167131,0.5228431219300812,FBP1,0.7118601079920468
2452,Dendritic Spine Organization (GO:0097061),0.6142321521081849,1.072757660167131,0.5228431219300812,SHANK3,0.7118601079920468
2453,Establishment Or Maintenance Of Apical/Basal Cell Polarity (GO:0035088),0.6142321521081849,1.072757660167131,0.5228431219300812,PARD6B,0.7118601079920468
2454,miRNA-mediated Gene Silencing (GO:0035195),0.6142321521081849,1.072757660167131,0.5228431219300812,ZFP36,0.7118601079920468
2455,Mitotic G1 DNA Damage Checkpoint Signaling (GO:0031571),0.6142321521081849,1.072757660167131,0.5228431219300812,MUC1,0.7118601079920468
2456,Negative Regulation Of Catalytic Activity (GO:0043086),0.6142321521081849,1.072757660167131,0.5228431219300812,PLN,0.7118601079920468
2457,Nucleic Acid Phosphodiester Bond Hydrolysis (GO:0090305),0.6142321521081849,1.072757660167131,0.5228431219300812,RNASE1,0.7118601079920468
2458,Organelle Membrane Fusion (GO:0090174),0.6142321521081849,1.072757660167131,0.5228431219300812,CAV2,0.7118601079920468
2459,Positive Regulation Of Erythrocyte Differentiation (GO:0045648),0.6142321521081849,1.072757660167131,0.5228431219300812,TAL1,0.7118601079920468
2460,Protein Targeting To Lysosome (GO:0006622),0.6142321521081849,1.072757660167131,0.5228431219300812,CLU,0.7118601079920468
2461,Negative Regulation Of Neuron Death (GO:1901215),0.617491218404241,0.946237265856063,0.4561719320712351,CCL2;NDNF;CLU,0.7153463891387611
2462,Defense Response To Symbiont (GO:0140546),0.6185995973645696,0.9372000548471137,0.4501344399843025,FCN3;IL6;TLR8;RNASE1;TLR3,0.7163393387840732
2463,Eye Development (GO:0001654),0.6220855777888296,0.9576110779039649,0.45455653857086875,EFEMP1;CHRDL1,0.7194993842904475
2464,Glycosaminoglycan Biosynthetic Process (GO:0006024),0.6220855777888296,0.9576110779039649,0.45455653857086875,ANGPT1;HYAL1,0.7194993842904475
2465,Peptidyl-Threonine Phosphorylation (GO:0018107),0.6220855777888296,0.9576110779039649,0.45455653857086875,LRRK2;TGFBR2,0.7194993842904475
2466,Negative Regulation Of DNA-binding Transcription Factor Activity (GO:0043433),0.6245342818107317,0.9306430905695612,0.4380993564610526,LRRK2;ARRB1;IRAK3;KLF4;FOXA2,0.7220386202118394
2467,Cellular Response To Chemical Stress (GO:0062197),0.6251388571152982,0.9351857866701312,0.4393329653100474,LRRK2;ALDH3B1;CAV1,0.7224446216602006
2468,Regulation Of Chromatin Organization (GO:1902275),0.6281185126889898,1.0314441825583887,0.47964879135967564,TAL1,0.7226658110073889
2469,Cell Surface Receptor Signaling Pathway Involved In Cell-Cell Signaling (GO:1905114),0.6281185126889898,1.0314441825583887,0.47964879135967564,BMP2,0.7226658110073889
2470,Cellular Response To Acid Chemical (GO:0071229),0.6281185126889898,1.0314441825583887,0.47964879135967564,KLF2,0.7226658110073889
2471,Cellular Response To Epidermal Growth Factor Stimulus (GO:0071364),0.6281185126889898,1.0314441825583887,0.47964879135967564,ZFP36,0.7226658110073889
2472,Dorsal/Ventral Pattern Formation (GO:0009953),0.6281185126889898,1.0314441825583887,0.47964879135967564,ACVRL1,0.7226658110073889
2473,"Synaptic Transmission, Glutamatergic (GO:0035249)",0.6281185126889898,1.0314441825583887,0.47964879135967564,GRIA1,0.7226658110073889
2474,Negative Regulation Of Neurogenesis (GO:0050768),0.6281185126889898,1.0314441825583887,0.47964879135967564,IL6,0.7226658110073889
2475,Peptide Cross-Linking (GO:0018149),0.6281185126889898,1.0314441825583887,0.47964879135967564,NDNF,0.7226658110073889
2476,Positive Regulation Of Filopodium Assembly (GO:0051491),0.6281185126889898,1.0314441825583887,0.47964879135967564,GPM6A,0.7226658110073889
2477,Positive Regulation Of Mitotic Cell Cycle (GO:0045931),0.6281185126889898,1.0314441825583887,0.47964879135967564,TAL1,0.7226658110073889
2478,Regulation Of Androgen Receptor Signaling Pathway (GO:0060765),0.6281185126889898,1.0314441825583887,0.47964879135967564,TCF21,0.7226658110073889
2479,Anterior/Posterior Pattern Specification (GO:0009952),0.6313988318060288,0.9407619467077736,0.43257885631385107,BMP2;HOXA5,0.7255614951547715
2480,Regulation Of Multicellular Organismal Development (GO:2000026),0.6313988318060288,0.9407619467077736,0.43257885631385107,SOX17;ALOX15B,0.7255614951547715
2481,Negative Regulation Of Protein-Containing Complex Assembly (GO:0031333),0.6313988318060288,0.9407619467077736,0.43257885631385107,SMAD6;CLU,0.7255614951547715
2482,Regulation Of Cell Cycle (GO:0051726),0.6326044451988695,0.9301539727315468,0.42592675101983224,PPP1R15A;NR4A1;BMP2;GADD45B;GRK5;HPGD;CITED2;RPS6KA2;ADARB1;ALOX15B,0.7266540182360905
2483,Golgi To Plasma Membrane Protein Transport (GO:0043001),0.6415056784454656,0.993190962550294,0.44091445782718036,SPTBN1,0.7324520181209542
2484,RNA Phosphodiester Bond Hydrolysis (GO:0090501),0.6415056784454656,0.993190962550294,0.44091445782718036,RNASE1,0.7324520181209542
2485,Antigen Processing And Presentation Of Peptide Antigen Via MHC Class II (GO:0002495),0.6415056784454656,0.993190962550294,0.44091445782718036,HLA-DMA,0.7324520181209542
2486,Regulation Of Protein Localization To Membrane (GO:1905475),0.6415056784454656,0.993190962550294,0.44091445782718036,SPTBN1,0.7324520181209542
2487,Cell-Substrate Junction Assembly (GO:0007044),0.6415056784454656,0.993190962550294,0.44091445782718036,SORBS1,0.7324520181209542
2488,Cellular Response To Osmotic Stress (GO:0071470),0.6415056784454656,0.993190962550294,0.44091445782718036,CAPN3,0.7324520181209542
2489,Determination Of Bilateral Symmetry (GO:0009855),0.6415056784454656,0.993190962550294,0.44091445782718036,CITED2,0.7324520181209542
2490,Diterpenoid Metabolic Process (GO:0016101),0.6415056784454656,0.993190962550294,0.44091445782718036,ADH1B,0.7324520181209542
2491,Glycosaminoglycan Metabolic Process (GO:0030203),0.6415056784454656,0.993190962550294,0.44091445782718036,HYAL1,0.7324520181209542
2492,Vascular Endothelial Growth Factor Receptor Signaling Pathway (GO:0048010),0.6415056784454656,0.993190962550294,0.44091445782718036,CLEC14A,0.7324520181209542
2493,Negative Regulation Of G2/M Transition Of Mitotic Cell Cycle (GO:0010972),0.6415056784454656,0.993190962550294,0.44091445782718036,FHL1,0.7324520181209542
2494,Negative Regulation Of Cation Channel Activity (GO:2001258),0.6415056784454656,0.993190962550294,0.44091445782718036,CLIC2,0.7324520181209542
2495,Negative Regulation Of Signaling (GO:0023057),0.6415056784454656,0.993190962550294,0.44091445782718036,HHIP,0.7324520181209542
2496,Primary Neural Tube Formation (GO:0014020),0.6415056784454656,0.993190962550294,0.44091445782718036,COBL,0.7324520181209542
2497,Pyroptosis (GO:0070269),0.6415056784454656,0.993190962550294,0.44091445782718036,NLRC4,0.7324520181209542
2498,Potassium Ion Transport (GO:0006813),0.6432696034791942,0.9085219864880881,0.40083204409252654,KCNJ5;KCNJ15;KCNK3;AQP1,0.734171993402395
2499,Positive Regulation Of Protein Catabolic Process (GO:0045732),0.6474469037857651,0.9035214361935848,0.39277747500842486,RNF128;ECSCR;C4BPA,0.7386439066399425
2500,Fatty Acid Catabolic Process (GO:0009062),0.6494860260434198,0.9087771552844952,0.3922045538893942,ACADL;ADTRP,0.74037771301471
2501,Negative Regulation Of Viral Process (GO:0048525),0.6494860260434198,0.9087771552844952,0.3922045538893942,ZFP36;SLPI,0.74037771301471
2502,RNA Biosynthetic Process (GO:0032774),0.6544115705628032,0.9576701153999204,0.40607014526336227,NKX2-1,0.7427236284684685
2503,Regulation Of Protein Modification By Small Protein Conjugation Or Removal (GO:1903320),0.6544115705628032,0.9576701153999204,0.40607014526336227,EPAS1,0.7427236284684685
2504,Regulation Of Striated Muscle Contraction (GO:0006942),0.6544115705628032,0.9576701153999204,0.40607014526336227,DMD,0.7427236284684685
2505,Chondrocyte Differentiation (GO:0002062),0.6544115705628032,0.9576701153999204,0.40607014526336227,BMP2,0.7427236284684685
2506,Response To Interferon-Beta (GO:0035456),0.6544115705628032,0.9576701153999204,0.40607014526336227,MNDA,0.7427236284684685
2507,Sarcomere Organization (GO:0045214),0.6544115705628032,0.9576701153999204,0.40607014526336227,CAPN3,0.7427236284684685
2508,Vacuolar Acidification (GO:0007035),0.6544115705628032,0.9576701153999204,0.40607014526336227,SLC11A1,0.7427236284684685
2509,mRNA Splice Site Recognition (GO:0006376),0.6544115705628032,0.9576701153999204,0.40607014526336227,CELF2,0.7427236284684685
2510,Modified Amino Acid Transport (GO:0072337),0.6544115705628032,0.9576701153999204,0.40607014526336227,FOLR1,0.7427236284684685
2511,Positive Regulation Of Neural Precursor Cell Proliferation (GO:2000179),0.6544115705628032,0.9576701153999204,0.40607014526336227,CX3CR1,0.7427236284684685
2512,Positive Regulation Of Viral Genome Replication (GO:0045070),0.6544115705628032,0.9576701153999204,0.40607014526336227,ADARB1,0.7427236284684685
2513,Negative Regulation Of Amide Metabolic Process (GO:0034249),0.6546701081519681,0.8934357541899441,0.37848066881060355,RTN1;DAPK1;CLU,0.7427236284684685
2514,Regulation Of Embryonic Development (GO:0045995),0.6582619183276004,0.8935843793584379,0.3736544302136934,SOX17;FOXA2,0.7459080799491211
2515,Glycerophospholipid Metabolic Process (GO:0006650),0.6582619183276004,0.8935843793584379,0.3736544302136934,PLA2G1B;PLA1A,0.7459080799491211
2516,Negative Regulation Of Kinase Activity (GO:0033673),0.6582619183276004,0.8935843793584379,0.3736544302136934,CAMK2N1;GNAQ,0.7459080799491211
2517,Sphingolipid Metabolic Process (GO:0006665),0.6617865554965188,0.8835717355270428,0.3647491909016645,ALDH3B1;SGMS2;HACD4,0.7496040801432559
2518,Response To Epidermal Growth Factor (GO:0070849),0.6668534677983395,0.9245989818461243,0.37463358821644593,ZFP36,0.7520566600842825
2519,Embryonic Skeletal System Morphogenesis (GO:0048704),0.6668534677983395,0.9245989818461243,0.37463358821644593,TGFBR2,0.7520566600842825
2520,Intrinsic Apoptotic Signaling Pathway In Response To Endoplasmic Reticulum Stress (GO:0070059),0.6668534677983395,0.9245989818461243,0.37463358821644593,PPP1R15A,0.7520566600842825
2521,Lamellipodium Organization (GO:0097581),0.6668534677983395,0.9245989818461243,0.37463358821644593,S1PR1,0.7520566600842825
2522,Multivesicular Body Organization (GO:0036257),0.6668534677983395,0.9245989818461243,0.37463358821644593,RAB27A,0.7520566600842825
2523,Negative Regulation Of Carbohydrate Metabolic Process (GO:0045912),0.6668534677983395,0.9245989818461243,0.37463358821644593,FBP1,0.7520566600842825
2524,Nucleic Acid Metabolic Process (GO:0090304),0.6668534677983395,0.9245989818461243,0.37463358821644593,DNASE1L3,0.7520566600842825
2525,Positive Regulation Of Interleukin-10 Production (GO:0032733),0.6668534677983395,0.9245989818461243,0.37463358821644593,IL6,0.7520566600842825
2526,Positive Regulation Of Protein Targeting To Mitochondrion (GO:1903955),0.6668534677983395,0.9245989818461243,0.37463358821644593,LEPROT,0.7520566600842825
2527,Regulation Of Arp2/3 Complex-Mediated Actin Nucleation (GO:0034315),0.6668534677983395,0.9245989818461243,0.37463358821644593,WASF3,0.7520566600842825
2528,Regulation Of Calcium-Mediated Signaling (GO:0050848),0.6668534677983395,0.9245989818461243,0.37463358821644593,LRRK2,0.7520566600842825
2529,T Cell Receptor Signaling Pathway (GO:0050852),0.6687961714485084,0.8739221520524654,0.35155785672159084,BTNL9;NFKBIZ;TRGC2,0.7539493415578085
2530,Negative Regulation Of Cell Death (GO:0060548),0.6752843581870951,0.864669096144329,0.33948759576110876,KANK2;AGR3,0.760173676373375
2531,Positive Regulation Of Macroautophagy (GO:0016239),0.6752843581870951,0.864669096144329,0.33948759576110876,HSPB8;DCN,0.760173676373375
2532,Positive Regulation Of Type I Interferon Production (GO:0032481),0.6752843581870951,0.864669096144329,0.33948759576110876,TLR8;TLR3,0.760173676373375
2533,Peptide Biosynthetic Process (GO:0043043),0.6753840484930757,0.8754874498819135,0.3436058768311122,GGTLC2;GGTLC1;DMD;GGT3P;GGT1,0.760173676373375
2534,Regulation Of Gluconeogenesis (GO:0006111),0.678848029308041,0.8937325905292479,0.34619446158617084,FBP1,0.7613673216196793
2535,acyl-CoA Metabolic Process (GO:0006637),0.678848029308041,0.8937325905292479,0.34619446158617084,ACACB,0.7613673216196793
2536,Regulation Of Transmembrane Receptor Protein Serine/Threonine Kinase Signaling Pathway (GO:0090092),0.678848029308041,0.8937325905292479,0.34619446158617084,FOLR1,0.7613673216196793
2537,Central Nervous System Neuron Differentiation (GO:0021953),0.678848029308041,0.8937325905292479,0.34619446158617084,NR4A2,0.7613673216196793
2538,Triglyceride Homeostasis (GO:0070328),0.678848029308041,0.8937325905292479,0.34619446158617084,GPIHBP1,0.7613673216196793
2539,Negative Regulation Of Microtubule Polymerization Or Depolymerization (GO:0031111),0.678848029308041,0.8937325905292479,0.34619446158617084,CDH5,0.7613673216196793
2540,Non-Motile Cilium Assembly (GO:1905515),0.678848029308041,0.8937325905292479,0.34619446158617084,IFT57,0.7613673216196793
2541,Organic Cation Transport (GO:0015695),0.678848029308041,0.8937325905292479,0.34619446158617084,SLC22A3,0.7613673216196793
2542,Positive Regulation Of Rho Protein Signal Transduction (GO:0035025),0.678848029308041,0.8937325905292479,0.34619446158617084,ARRB1,0.7613673216196793
2543,Monocarboxylic Acid Metabolic Process (GO:0032787),0.6824950357603945,0.85523891596339,0.3267012877584508,CYP4B1;CD36;GGT1,0.7651566444958257
2544,Regulation Of Tyrosine Phosphorylation Of STAT Protein (GO:0042509),0.683533753169965,0.8508999136614199,0.3237497534863143,SOCS3;IL6,0.7660199411507744
2545,Phosphatidylinositol Biosynthetic Process (GO:0006661),0.6891845470406834,0.8461922963834166,0.31499186355622777,SOCS2;SOCS3;PIP5K1B,0.7706979892939073
2546,NIK/NF-kappaB Signaling (GO:0038061),0.6904113169612905,0.8648575792973313,0.3204018392730804,TLR3,0.7706979892939073
2547,Regulation Of Metaphase/Anaphase Transition Of Cell Cycle (GO:1902099),0.6904113169612905,0.8648575792973313,0.3204018392730804,HECW2,0.7706979892939073
2548,Gluconeogenesis (GO:0006094),0.6904113169612905,0.8648575792973313,0.3204018392730804,FBP1,0.7706979892939073
2549,Glycosphingolipid Metabolic Process (GO:0006687),0.6904113169612905,0.8648575792973313,0.3204018392730804,ST6GALNAC5,0.7706979892939073
2550,Very Long-Chain Fatty Acid Metabolic Process (GO:0000038),0.6904113169612905,0.8648575792973313,0.3204018392730804,HACD4,0.7706979892939073
2551,Intracellular pH Reduction (GO:0051452),0.6904113169612905,0.8648575792973313,0.3204018392730804,SLC11A1,0.7706979892939073
2552,Left/Right Pattern Formation (GO:0060972),0.6904113169612905,0.8648575792973313,0.3204018392730804,CITED2,0.7706979892939073
2553,Phosphatidylinositol 3-Kinase Signaling (GO:0014065),0.6904113169612905,0.8648575792973313,0.3204018392730804,EDN1,0.7706979892939073
2554,Protein Transmembrane Import Into Intracellular Organelle (GO:0044743),0.6904113169612905,0.8648575792973313,0.3204018392730804,DNAJC15,0.7706979892939073
2555,Negative Regulation Of Immune Response (GO:0050777),0.6916107035354261,0.8375610181311018,0.30883559021893314,FGR;IRAK3,0.7714327526523865
2556,Peptidyl-Threonine Modification (GO:0018210),0.6916107035354261,0.8375610181311018,0.30883559021893314,LRRK2;TGFBR2,0.7714327526523865
2557,Mitochondrion Organization (GO:0007005),0.6964575101410796,0.853003621830898,0.3085727742480639,PID1;CAV2;LRRK2;COX7A1;HIGD1B,0.7765351432976997
2558,Regulation Of Viral Genome Replication (GO:0045069),0.6995169274472076,0.8246325501555627,0.2946950469801046,SLPI;ADARB1,0.7770567935819341
2559,Cholesterol Metabolic Process (GO:0008203),0.6995169274472076,0.8246325501555627,0.2946950469801046,CH25H;CES1,0.7770567935819341
2560,Extrinsic Apoptotic Signaling Pathway (GO:0097191),0.6995169274472076,0.8246325501555627,0.2946950469801046,G0S2;TLR3,0.7770567935819341
2561,Regulation Of Lamellipodium Assembly (GO:0010591),0.7015588167940717,0.8377872562674095,0.29695414424069666,SLIT2,0.7770567935819341
2562,Signal Transduction By P53 Class Mediator (GO:0072331),0.7015588167940717,0.8377872562674095,0.29695414424069666,ZNF385B,0.7770567935819341
2563,Negative Regulation Of Endocytosis (GO:0045806),0.7015588167940717,0.8377872562674095,0.29695414424069666,CAV1,0.7770567935819341
2564,Negative Regulation Of Small Molecule Metabolic Process (GO:0062014),0.7015588167940717,0.8377872562674095,0.29695414424069666,FBP1,0.7770567935819341
2565,Positive Regulation Of DNA Binding (GO:0043388),0.7015588167940717,0.8377872562674095,0.29695414424069666,PPARG,0.7770567935819341
2566,Positive Regulation Of Notch Signaling Pathway (GO:0045747),0.7015588167940717,0.8377872562674095,0.29695414424069666,ROBO2,0.7770567935819341
2567,Positive Regulation Of T Cell Mediated Cytotoxicity (GO:0001916),0.7015588167940717,0.8377872562674095,0.29695414424069666,HLA-E,0.7770567935819341
2568,Positive Regulation Of Chromosome Organization (GO:2001252),0.7015588167940717,0.8377872562674095,0.29695414424069666,TAL1,0.7770567935819341
2569,Positive Regulation Of Establishment Of Protein Localization To Mitochondrion (GO:1903749),0.7015588167940717,0.8377872562674095,0.29695414424069666,LEPROT,0.7770567935819341
2570,Positive Regulation Of Interleukin-12 Production (GO:0032735),0.7015588167940717,0.8377872562674095,0.29695414424069666,TLR3,0.7770567935819341
2571,Positive Regulation Of Release Of Sequestered Calcium Ion Into Cytosol (GO:0051281),0.7015588167940717,0.8377872562674095,0.29695414424069666,CAPN3,0.7770567935819341
2572,Regulation Of G0 To G1 Transition (GO:0070316),0.7015588167940717,0.8377872562674095,0.29695414424069666,CDKN2B,0.7770567935819341
2573,Regulation Of NLRP3 Inflammasome Complex Assembly (GO:1900225),0.7015588167940717,0.8377872562674095,0.29695414424069666,CD36,0.7770567935819341
2574,Regulation Of Cell Adhesion Mediated By Integrin (GO:0033628),0.7015588167940717,0.8377872562674095,0.29695414424069666,MUC1,0.7770567935819341
2575,Response To UV (GO:0009411),0.7022449450383952,0.8286586419397569,0.2929084654732534,MFAP4;CAT;AQP1,0.7775146944871707
2576,Regulation Of Programmed Cell Death (GO:0043067),0.7065348837407661,0.8500634475389034,0.295297337827686,KANK2;DAPK1;DAPK2;LRRK2;IFT57;CLU,0.7819607738916631
2577,Regulation Of Interleukin-17 Production (GO:0032660),0.7123054592603633,0.8123575588756647,0.2755910376220061,IL6,0.7865154393304786
2578,Regulation Of Metal Ion Transport (GO:0010959),0.7123054592603633,0.8123575588756647,0.2755910376220061,PLN,0.7865154393304786
2579,Apoptotic Mitochondrial Changes (GO:0008637),0.7123054592603633,0.8123575588756647,0.2755910376220061,CLU,0.7865154393304786
2580,Cellular Response To Glucose Stimulus (GO:0071333),0.7123054592603633,0.8123575588756647,0.2755910376220061,AGER,0.7865154393304786
2581,Negative Regulation Of Interleukin-6 Production (GO:0032715),0.7123054592603633,0.8123575588756647,0.2755910376220061,IRAK3,0.7865154393304786
2582,Negative Regulation Of Mitotic Cell Cycle (GO:0045930),0.7123054592603633,0.8123575588756647,0.2755910376220061,RGCC,0.7865154393304786
2583,Phospholipid Metabolic Process (GO:0006644),0.7148245564342005,0.7999333874560253,0.2685521505718254,PLA2G1B;ALOX15B,0.7887504839557434
2584,Protein Catabolic Process (GO:0030163),0.7148829360019786,0.8118334179786694,0.2724809071554619,CAPN3;CTSH;DENND3,0.7887504839557434
2585,Peptidyl-Serine Modification (GO:0018209),0.7165715443834794,0.8316370026271378,0.2771656384331105,PRKCB;PRKCE;LRRK2;NDNF;TGFBR2,0.7903077265134621
2586,Positive Regulation Of Protein Transport (GO:0051222),0.722229857848677,0.7881286405775699,0.25646638169622105,PLA2G1B;FGG,0.7936516713500806
2587,Regulation Of Notch Signaling Pathway (GO:0008593),0.722229857848677,0.7881286405775699,0.25646638169622105,ARRB1;GATA2,0.7936516713500806
2588,Regulation Of Cellular Senescence (GO:2000772),0.7226656397140685,0.7884237260363756,0.25608682727919113,TBX2,0.7936516713500806
2589,Regulation Of mRNA Processing (GO:0050684),0.7226656397140685,0.7884237260363756,0.25608682727919113,QKI,0.7936516713500806
2590,Regulation Of Postsynaptic Membrane Potential (GO:0060078),0.7226656397140685,0.7884237260363756,0.25608682727919113,LRRK2,0.7936516713500806
2591,Response To Nutrient Levels (GO:0031667),0.7226656397140685,0.7884237260363756,0.25608682727919113,FAM107A,0.7936516713500806
2592,Glutamate Receptor Signaling Pathway (GO:0007215),0.7226656397140685,0.7884237260363756,0.25608682727919113,GNAQ,0.7936516713500806
2593,Hexose Biosynthetic Process (GO:0019319),0.7226656397140685,0.7884237260363756,0.25608682727919113,FBP1,0.7936516713500806
2594,Intrinsic Apoptotic Signaling Pathway By P53 Class Mediator (GO:0072332),0.7226656397140685,0.7884237260363756,0.25608682727919113,ZNF385B,0.7936516713500806
2595,Regulation Of G2/M Transition Of Mitotic Cell Cycle (GO:0010389),0.7226656397140685,0.7884237260363756,0.25608682727919113,FHL1,0.7936516713500806
2596,Regulation Of Axon Extension (GO:0030516),0.7226656397140685,0.7884237260363756,0.25608682727919113,SEMA3G,0.7936516713500806
2597,Lipid Biosynthetic Process (GO:0008610),0.7294722086230029,0.7766660602753017,0.2449868884394501,PLA2G1B;ACACB,0.800818354556866
2598,Potassium Ion Transmembrane Transport (GO:0071805),0.7303483757925208,0.8054261527945739,0.25309198494869706,KCNJ5;KCNT2;KCNJ15;KCNK3,0.8014716009947946
2599,COPII-coated Vesicle Budding (GO:0090114),0.7326532369998364,0.7658575407879029,0.2382450796230903,VAPA,0.8019738756343435
2600,"DNA Damage Response, Signal Transduction By P53 Class Mediator (GO:0030330)",0.7326532369998364,0.7658575407879029,0.2382450796230903,MUC1,0.8019738756343435
2601,Lytic Vacuole Organization (GO:0080171),0.7326532369998364,0.7658575407879029,0.2382450796230903,LRRK2,0.8019738756343435
2602,Negative Regulation Of Organelle Assembly (GO:1902116),0.7326532369998364,0.7658575407879029,0.2382450796230903,LRRK2,0.8019738756343435
2603,Negative Regulation Of Sequestering Of Calcium Ion (GO:0051283),0.7326532369998364,0.7658575407879029,0.2382450796230903,CLU,0.8019738756343435
2604,Regulation Of T Cell Mediated Cytotoxicity (GO:0001914),0.7326532369998364,0.7658575407879029,0.2382450796230903,HLA-E,0.8019738756343435
2605,Regulation Of Neuron Apoptotic Process (GO:0043523),0.733056443319221,0.7878327308577062,0.24464772807630727,CCL2;NDNF;CLU,0.8019738756343435
2606,Intrinsic Apoptotic Signaling Pathway (GO:0097193),0.733056443319221,0.7878327308577062,0.24464772807630727,PPP1R15A;ZNF385B;CRIP1,0.8019738756343435
2607,Negative Regulation Of Catabolic Process (GO:0009895),0.7365537356311216,0.7655309822673839,0.23407877006378552,IRAK3;FBP1,0.8054908708417061
2608,Positive Regulation Of Cell Growth (GO:0030307),0.7389077502472642,0.7801431903238054,0.23605743999085438,EDN1;HYAL1;NEDD4L,0.8077553665471435
2609,RNA Stabilization (GO:0043489),0.7422816325181636,0.7445450324976788,0.22189418674372624,SLC11A1,0.8095810766294126
2610,Melanosome Organization (GO:0032438),0.7422816325181636,0.7445450324976788,0.22189418674372624,TYRP1,0.8095810766294126
2611,Negative Regulation Of Stress-Activated MAPK Cascade (GO:0032873),0.7422816325181636,0.7445450324976788,0.22189418674372624,DUSP1,0.8095810766294126
2612,Negative Regulation Of Transferase Activity (GO:0051348),0.7422816325181636,0.7445450324976788,0.22189418674372624,ZFP36,0.8095810766294126
2613,Positive Regulation Of Receptor Signaling Pathway Via JAK-STAT (GO:0046427),0.7422816325181636,0.7445450324976788,0.22189418674372624,IL6,0.8095810766294126
2614,Positive Regulation Of Receptor Signaling Pathway Via STAT (GO:1904894),0.7422816325181636,0.7445450324976788,0.22189418674372624,IL6,0.8095810766294126
2615,Monoatomic Ion Transport (GO:0006811),0.7446569392271181,0.7726015255694026,0.22778738328455408,SLC15A2;SLC1A1;SLC26A9,0.8115508156485144
2616,Positive Regulation Of Autophagy (GO:0010508),0.7446569392271181,0.7726015255694026,0.22778738328455408,DAPK1;LRRK2;DCN,0.8115508156485144
2617,Regulation Of mRNA Stability (GO:0043488),0.750243107929219,0.7441887494188749,0.21384857656760048,ZFP36;SLC11A1,0.8150278380375142
2618,Positive Regulation Of Lymphocyte Proliferation (GO:0050671),0.750243107929219,0.7441887494188749,0.21384857656760048,IL6;HLA-E,0.8150278380375142
2619,Regulation Of Cell Cycle G1/S Phase Transition (GO:1902806),0.750243107929219,0.7441887494188749,0.21384857656760048,CDKN2B;SUSD2,0.8150278380375142
2620,Positive Regulation Of DNA Metabolic Process (GO:0051054),0.7503047667469288,0.7652035115722267,0.21982445043650767,RGCC;HGF;FGFR4,0.8150278380375142
2621,Regulation Of Intracellular Transport (GO:0032386),0.7515637271836636,0.7243845516826019,0.20688370162719888,LRRK2,0.8150278380375142
2622,Regulation Of Neurotransmitter Secretion (GO:0046928),0.7515637271836636,0.7243845516826019,0.20688370162719888,LRRK2,0.8150278380375142
2623,Response To Peptide (GO:1901652),0.7515637271836636,0.7243845516826019,0.20688370162719888,RAMP3,0.8150278380375142
2624,Response To Transforming Growth Factor Beta (GO:0071559),0.7515637271836636,0.7243845516826019,0.20688370162719888,CLEC3B,0.8150278380375142
2625,Signal Release From Synapse (GO:0099643),0.7515637271836636,0.7243845516826019,0.20688370162719888,LIN7A,0.8150278380375142
2626,Establishment Of Protein Localization To Plasma Membrane (GO:0061951),0.7515637271836636,0.7243845516826019,0.20688370162719888,SPTBN1,0.8150278380375142
2627,Import Into Cell (GO:0098657),0.7515637271836636,0.7243845516826019,0.20688370162719888,SLC6A14,0.8150278380375142
2628,Lymphocyte Proliferation (GO:0046651),0.7515637271836636,0.7243845516826019,0.20688370162719888,EMP2,0.8150278380375142
2629,Negative Regulation Of Type I Interferon Production (GO:0032480),0.7515637271836636,0.7243845516826019,0.20688370162719888,TYROBP,0.8150278380375142
2630,Regulation Of Proteasomal Ubiquitin-Dependent Protein Catabolic Process (GO:0032434),0.7558520312136279,0.7579450827448087,0.2121561412138653,DAB2;LRRK2;CLU,0.819055165712677
2631,Cellular Response To Salt (GO:1902075),0.7558520312136279,0.7579450827448087,0.2121561412138653,ALOX5AP;CAPN3;CLU,0.819055165712677
2632,Regulation Of Plasma Membrane Bounded Cell Projection Assembly (GO:0120032),0.7568554689172022,0.7339561720257541,0.2044676901841824,CAV1;CLU,0.8198309049707232
2633,Regulation Of Monoatomic Cation Transmembrane Transport (GO:1904062),0.7605119597833309,0.7052851488051606,0.19308128936106717,NEDD4L,0.8203630712607931
2634,Axonal Transport (GO:0098930),0.7605119597833309,0.7052851488051606,0.19308128936106717,TMEM108,0.8203630712607931
2635,Carboxylic Acid Transmembrane Transport (GO:1905039),0.7605119597833309,0.7052851488051606,0.19308128936106717,SLC6A14,0.8203630712607931
2636,Regulation Of Receptor-Mediated Endocytosis (GO:0048259),0.7605119597833309,0.7052851488051606,0.19308128936106717,CLU,0.8203630712607931
2637,Release Of Sequestered Calcium Ion Into Cytosol (GO:0051209),0.7605119597833309,0.7052851488051606,0.19308128936106717,CLU,0.8203630712607931
2638,Retina Homeostasis (GO:0001895),0.7605119597833309,0.7052851488051606,0.19308128936106717,PIGR,0.8203630712607931
2639,Heterochromatin Organization (GO:0070828),0.7605119597833309,0.7052851488051606,0.19308128936106717,PRDM16,0.8203630712607931
2640,Negative Regulation Of Proteasomal Protein Catabolic Process (GO:1901799),0.7605119597833309,0.7052851488051606,0.19308128936106717,LAMP3,0.8203630712607931
2641,Positive Regulation Of Cytokinesis (GO:0032467),0.7605119597833309,0.7052851488051606,0.19308128936106717,PRKCE,0.8203630712607931
2642,Positive Regulation Of Intrinsic Apoptotic Signaling Pathway (GO:2001244),0.7605119597833309,0.7052851488051606,0.19308128936106717,CAV1,0.8203630712607931
2643,Positive Regulation Of Lipid Biosynthetic Process (GO:0046889),0.7605119597833309,0.7052851488051606,0.19308128936106717,SORBS1,0.8203630712607931
2644,Regulation Of JNK Cascade (GO:0046328),0.7612995700292704,0.7508223254842583,0.20477053056000494,TGFBR3;GADD45B;TLR3,0.8209020704059947
2645,Protein Stabilization (GO:0050821),0.7625136801035214,0.7948148251010234,0.21550198212133023,TYROBP;SOX17;GNAQ;ANK2;CLU;GPIHBP1,0.8219003788185782
2646,Wnt Signaling Pathway (GO:0016055),0.763316024852824,0.7240001507783934,0.1955402385891222,NR4A2;LRRK2,0.8224542656294034
2647,Negative Regulation Of Nucleic Acid-Templated Transcription (GO:1903507),0.7639229007330002,0.8463977407657007,0.22792510198976368,CITED2;ZBTB16;GATA6;KLF4;TBX2;BMP2;DACH1;PRDM16;ATOH8;NKX2-1;ID4;CAPN3;PPARG;SOX7,0.8227972006005982
2648,T Cell Activation (GO:0042110),0.7666482569632271,0.7438314711359404,0.1976562382368406,JAML;LEPR;TRGC2,0.8254207630672812
2649,Regulation Of Cytokine-Mediated Signaling Pathway (GO:0001959),0.7691383225382121,0.6871652024855367,0.1803701818759444,IRAK3,0.8255105111870511
2650,L-alpha-amino Acid Transmembrane Transport (GO:1902475),0.7691383225382121,0.6871652024855367,0.1803701818759444,SLC1A1,0.8255105111870511
2651,Regulation Of Microtubule Polymerization (GO:0031113),0.7691383225382121,0.6871652024855367,0.1803701818759444,CDH5,0.8255105111870511
2652,Negative Regulation Of Secretion By Cell (GO:1903531),0.7691383225382121,0.6871652024855367,0.1803701818759444,STXBP6,0.8255105111870511
2653,Nucleic Acid-Templated Transcription (GO:0097659),0.7691383225382121,0.6871652024855367,0.1803701818759444,NR4A2,0.8255105111870511
2654,Positive Regulation Of Insulin Secretion (GO:0032024),0.7691383225382121,0.6871652024855367,0.1803701818759444,CFTR,0.8255105111870511
2655,Positive Regulation Of Myeloid Leukocyte Differentiation (GO:0002763),0.7691383225382121,0.6871652024855367,0.1803701818759444,NEDD9,0.8255105111870511
2656,Regulation Of Autophagosome Assembly (GO:2000785),0.7691383225382121,0.6871652024855367,0.1803701818759444,LRRK2,0.8255105111870511
2657,Positive Regulation Of JNK Cascade (GO:0046330),0.7696271268801059,0.7143096234309624,0.1870413550366153,GADD45B;TLR3,0.8255105111870511
2658,Positive Regulation Of Response To Stimulus (GO:0048584),0.7696271268801059,0.7143096234309624,0.1870413550366153,C7;PLA2G1B,0.8255105111870511
2659,Positive Regulation Of Cellular Catabolic Process (GO:0031331),0.7743974670348168,0.754023441347385,0.19278118372989572,DAPK1;LRRK2;SLC4A4;DCN,0.8303148471290948
2660,Carbohydrate Catabolic Process (GO:0016052),0.7774543776646823,0.6699512534818941,0.16864704000340772,AMY2A,0.8307805212601234
2661,Cellular Response To Retinoic Acid (GO:0071300),0.7774543776646823,0.6699512534818941,0.16864704000340772,AQP1,0.8307805212601234
2662,Detection Of Chemical Stimulus Involved In Sensory Perception Of Bitter Taste (GO:0001580),0.7774543776646823,0.6699512534818941,0.16864704000340772,PIGR,0.8307805212601234
2663,Stem Cell Differentiation (GO:0048863),0.7774543776646823,0.6699512534818941,0.16864704000340772,GPM6A,0.8307805212601234
2664,Synaptic Vesicle Exocytosis (GO:0016079),0.7774543776646823,0.6699512534818941,0.16864704000340772,STX11,0.8307805212601234
2665,Visual System Development (GO:0150063),0.7774543776646823,0.6699512534818941,0.16864704000340772,CHRDL1,0.8307805212601234
2666,Negative Regulation Of mRNA Catabolic Process (GO:1902373),0.7774543776646823,0.6699512534818941,0.16864704000340772,SLC11A1,0.8307805212601234
2667,Positive Regulation Of Viral Process (GO:0048524),0.7774543776646823,0.6699512534818941,0.16864704000340772,ADARB1,0.8307805212601234
2668,Protein Localization To Lysosome (GO:0061462),0.7774543776646823,0.6699512534818941,0.16864704000340772,RNF128,0.8307805212601234
2669,Dephosphorylation (GO:0016311),0.7789229878676238,0.7487114284317081,0.18706038297107047,PTPRB;ALPL;PTPRM;FBP1,0.8320380061485934
2670,Regulation Of Neuron Differentiation (GO:0045664),0.7818105052141412,0.6956836747631727,0.1712375891879866,BMP2;LRRK2,0.8341847868134418
2671,Vesicle Fusion (GO:0006906),0.7818105052141412,0.6956836747631727,0.1712375891879866,CAV2;STXBP6,0.8341847868134418
2672,Positive Regulation Of Catabolic Process (GO:0009896),0.7818105052141412,0.6956836747631727,0.1712375891879866,C4BPA;CLU,0.8341847868134418
2673,Response To Endoplasmic Reticulum Stress (GO:0034976),0.7821104416940606,0.7236146761286426,0.17783504974953968,PPP1R15A;RASGRF1;CFTR,0.8341926185072079
2674,Amino Acid Transmembrane Transport (GO:0003333),0.7854712725920258,0.6535770093076976,0.1578201515794731,SLC6A14,0.8349659202684062
2675,Regulation Of Neurotransmitter Receptor Activity (GO:0099601),0.7854712725920258,0.6535770093076976,0.1578201515794731,DAPK1,0.8349659202684062
2676,Regulation Of Ubiquitin-Dependent Protein Catabolic Process (GO:2000058),0.7854712725920258,0.6535770093076976,0.1578201515794731,CLU,0.8349659202684062
2677,Sensory Perception Of Bitter Taste (GO:0050913),0.7854712725920258,0.6535770093076976,0.1578201515794731,PIGR,0.8349659202684062
2678,Substantia Nigra Development (GO:0021762),0.7854712725920258,0.6535770093076976,0.1578201515794731,MAOB,0.8349659202684062
2679,Modulation By Host Of Symbiont Process (GO:0051851),0.7854712725920258,0.6535770093076976,0.1578201515794731,CX3CR1,0.8349659202684062
2680,Monoatomic Cation Transport (GO:0006812),0.7854712725920258,0.6535770093076976,0.1578201515794731,SLC11A1,0.8349659202684062
2681,Negative Regulation Of I-kappaB kinase/NF-kappaB Signaling (GO:0043124),0.7854712725920258,0.6535770093076976,0.1578201515794731,SLC39A8,0.8349659202684062
2682,Positive Regulation Of Neuron Differentiation (GO:0045666),0.7854712725920258,0.6535770093076976,0.1578201515794731,BMP2,0.8349659202684062
2683,Calcium Ion Transmembrane Transport (GO:0070588),0.7876876008003914,0.6867288917498122,0.1638904001250529,TRPV2;CLU,0.8370098210517762
2684,Skeletal System Morphogenesis (GO:0048705),0.7931997546052526,0.6379824910465579,0.14780790583306636,HHIP,0.8409864263218948
2685,Glycolipid Biosynthetic Process (GO:0009247),0.7931997546052526,0.6379824910465579,0.14780790583306636,ST6GALNAC5,0.8409864263218948
2686,mRNA Catabolic Process (GO:0006402),0.7931997546052526,0.6379824910465579,0.14780790583306636,ZFP36,0.8409864263218948
2687,mRNA Destabilization (GO:0061157),0.7931997546052526,0.6379824910465579,0.14780790583306636,ZFP36,0.8409864263218948
2688,Neurotransmitter Secretion (GO:0007269),0.7931997546052526,0.6379824910465579,0.14780790583306636,LIN7A,0.8409864263218948
2689,Regulation Of Cellular Component Size (GO:0032535),0.7931997546052526,0.6379824910465579,0.14780790583306636,PPP1R15A,0.8409864263218948
2690,Bone Development (GO:0060348),0.8006501857822811,0.623113299216169,0.13853749588055697,OGN,0.847310200321189
2691,Response To Unfolded Protein (GO:0006986),0.8006501857822811,0.623113299216169,0.13853749588055697,HSPB8,0.847310200321189
2692,Establishment Of Protein Localization To Mitochondrion (GO:0072655),0.8006501857822811,0.623113299216169,0.13853749588055697,DNAJC15,0.847310200321189
2693,Nucleus Organization (GO:0006997),0.8006501857822811,0.623113299216169,0.13853749588055697,SYNE1,0.847310200321189
2694,Regulation Of DNA Recombination (GO:0000018),0.8006501857822811,0.623113299216169,0.13853749588055697,SPIDR,0.847310200321189
2695,Positive Regulation Of Cell Cycle Process (GO:0090068),0.8014011761893717,0.6982997328151567,0.15459910088370266,EDN1;RGCC;PRKCE,0.8477902609706488
2696,Regulation Of Cell Division (GO:0051302),0.8044897100473898,0.6611911772302288,0.14384022521872802,TAL1;SUSD2,0.8507419003505595
2697,Regulation Of Protein Modification Process (GO:0031399),0.807832556035073,0.6089199797417068,0.12994381264993443,CDH5,0.8520646012785769
2698,Detection Of Chemical Stimulus Involved In Sensory Perception Of Taste (GO:0050912),0.807832556035073,0.6089199797417068,0.12994381264993443,PIGR,0.8520646012785769
2699,Determination Of Left/Right Symmetry (GO:0007368),0.807832556035073,0.6089199797417068,0.12994381264993443,CITED2,0.8520646012785769
2700,Establishment Of Protein Localization To Extracellular Region (GO:0035592),0.807832556035073,0.6089199797417068,0.12994381264993443,FGG,0.8520646012785769
2701,Hexose Metabolic Process (GO:0019318),0.807832556035073,0.6089199797417068,0.12994381264993443,FBP1,0.8520646012785769
2702,Natural Killer Cell Activation (GO:0030101),0.807832556035073,0.6089199797417068,0.12994381264993443,EMP2,0.8520646012785769
2703,Positive Regulation Of mRNA Catabolic Process (GO:0061014),0.807832556035073,0.6089199797417068,0.12994381264993443,ZFP36,0.8520646012785769
2704,Purine Ribonucleotide Metabolic Process (GO:0009150),0.8098221718131674,0.6530938531142634,0.13776400687436832,LRRK2;GIMAP7,0.8538472676920638
2705,Defense Response To Virus (GO:0051607),0.8137998966277554,0.7268070271586896,0.1497518798360338,FCN3;IL6;TLR8;RNASE1;TLR3,0.8561662163424251
2706,Regulation Of Epidermal Growth Factor Receptor Signaling Pathway (GO:0042058),0.814756497180948,0.5953574744661095,0.1219684965343976,ITGA1,0.8561662163424251
2707,T Cell Differentiation (GO:0030217),0.814756497180948,0.5953574744661095,0.1219684965343976,LEPR,0.8561662163424251
2708,Regulation Of mRNA Catabolic Process (GO:0061013),0.814756497180948,0.5953574744661095,0.1219684965343976,ZFP36,0.8561662163424251
2709,Amino Acid Transport (GO:0006865),0.814756497180948,0.5953574744661095,0.1219684965343976,SLC6A14,0.8561662163424251
2710,Development Of Primary Male Sexual Characteristics (GO:0046546),0.814756497180948,0.5953574744661095,0.1219684965343976,GATA6,0.8561662163424251
2711,Intracellular Protein Transmembrane Transport (GO:0065002),0.814756497180948,0.5953574744661095,0.1219684965343976,DNAJC15,0.8561662163424251
2712,Male Gonad Development (GO:0008584),0.814756497180948,0.5953574744661095,0.1219684965343976,GATA6,0.8561662163424251
2713,Positive Regulation Of Peptide Hormone Secretion (GO:0090277),0.814756497180948,0.5953574744661095,0.1219684965343976,FGG,0.8561662163424251
2714,Nuclear-Transcribed mRNA Catabolic Process (GO:0000956),0.8150245917759879,0.6451916452420561,0.1319655585350464,EXOSC7;ZFP36,0.8561662163424251
2715,Golgi To Plasma Membrane Transport (GO:0006893),0.8214312951660901,0.5823846433329296,0.11455912345494057,SPTBN1,0.8619435489578664
2716,Negative Regulation Of Hydrolase Activity (GO:0051346),0.8214312951660901,0.5823846433329296,0.11455912345494057,LRRK2,0.8619435489578664
2717,Negative Regulation Of Tumor Necrosis Factor Production (GO:0032720),0.8214312951660901,0.5823846433329296,0.11455912345494057,IRAK3,0.8619435489578664
2718,Peptidyl-Serine Phosphorylation (GO:0018105),0.8240694244006211,0.6948324402869858,0.1344504244091162,PRKCB;PRKCE;LRRK2;TGFBR2,0.8642769098646454
2719,Transcription By RNA Polymerase II (GO:0006366),0.8242612830312069,0.7150346769723932,0.13819311335784007,CEBPD;C5AR1;ETV1;PPARG;S100A10,0.8642769098646454
2720,Organelle Organization (GO:0006996),0.8246516437445703,0.7890831306916758,0.15213067602908903,FGD5;DES;VAPA;CAV2;DPYSL2;LRRK2;CAV1;CCL2;NEDD9;SYNE3;WASF3;SYNE1,0.8643683221749154
2721,Cellular Response To Radiation (GO:0071478),0.8278659028382667,0.569963847567119,0.10766850241728486,SPIDR,0.866463175107158
2722,Regulation Of Tumor Necrosis Factor-Mediated Signaling Pathway (GO:0010803),0.8278659028382667,0.569963847567119,0.10766850241728486,CARD16,0.866463175107158
2723,Cytoplasmic Microtubule Organization (GO:0031122),0.8278659028382667,0.569963847567119,0.10766850241728486,TPPP,0.866463175107158
2724,Regulation Of DNA Binding (GO:0051101),0.8278659028382667,0.569963847567119,0.10766850241728486,PPARG,0.866463175107158
2725,Intrinsic Apoptotic Signaling Pathway In Response To DNA Damage (GO:0008630),0.8340689518801129,0.5580605849582173,0.10125406827708963,CRIP1,0.8719950795050245
2726,Negative Regulation Of DNA Metabolic Process (GO:0051053),0.8340689518801129,0.5580605849582173,0.10125406827708963,DACH1,0.8719950795050245
2727,Negative Regulation Of Tumor Necrosis Factor Superfamily Cytokine Production (GO:1903556),0.8340689518801129,0.5580605849582173,0.10125406827708963,IRAK3,0.8719950795050245
2728,Regulation Of Vesicle-Mediated Transport (GO:0060627),0.8345825775764242,0.6153994132640792,0.11127872886446066,LRRK2;RUFY2,0.8722122172545401
2729,Endomembrane System Organization (GO:0010256),0.8374652715796085,0.6999134732427003,0.12414749031395085,VAPA;CAV2;LRRK2;SPTBN1;SYNE1,0.8749041734237684
2730,Dicarboxylic Acid Metabolic Process (GO:0043648),0.840048763773664,0.5466431698027401,0.09527735534549003,GGT1,0.8763187067393766
2731,Positive Regulation Of Developmental Growth (GO:0048639),0.840048763773664,0.5466431698027401,0.09527735534549003,NEDD4L,0.8763187067393766
2732,Positive Regulation Of Transport (GO:0051050),0.840048763773664,0.5466431698027401,0.09527735534549003,DAB2,0.8763187067393766
2733,Pyruvate Metabolic Process (GO:0006090),0.840048763773664,0.5466431698027401,0.09527735534549003,NR4A3,0.8763187067393766
2734,RNA Modification (GO:0009451),0.8458133619463942,0.5356824512534819,0.08970353843452979,ADARB1,0.8803993774768784
2735,Regulation Of Smoothened Signaling Pathway (GO:0008589),0.8458133619463942,0.5356824512534819,0.08970353843452979,HHIP,0.8803993774768784
2736,Regulation Of Stress-Activated MAPK Cascade (GO:0032872),0.8458133619463942,0.5356824512534819,0.08970353843452979,TGFBR3,0.8803993774768784
2737,Regulation Of Synapse Assembly (GO:0051963),0.8458133619463942,0.5356824512534819,0.08970353843452979,ROBO2,0.8803993774768784
2738,"Negative Regulation Of Gene Expression, Epigenetic (GO:0045814)",0.8458133619463942,0.5356824512534819,0.08970353843452979,SDR16C5,0.8803993774768784
2739,Regulated Exocytosis (GO:0045055),0.8458133619463942,0.5356824512534819,0.08970353843452979,RAB11FIP1,0.8803993774768784
2740,Steroid Metabolic Process (GO:0008202),0.8480042923301359,0.5947931194793119,0.09806329268345733,CYP2B6;HSD17B6,0.8823577508880355
2741,Cellular Response To Ionizing Radiation (GO:0071479),0.8513704813160673,0.5251515648041947,0.08450103387148979,SPIDR,0.8852141656572239
2742,Positive Regulation Of B Cell Activation (GO:0050871),0.8513704813160673,0.5251515648041947,0.08450103387148979,IL6,0.8852141656572239
2743,"Regulation Of mRNA Splicing, Via Spliceosome (GO:0048024)",0.8563939597678001,0.5818021951367413,0.09019375459437673,CELF2;QKI,0.888839275489763
2744,Regulation Of Cyclin-Dependent Protein Kinase Activity (GO:1904029),0.8567275794618971,0.5150257124491108,0.0796411492991237,CDKN2B,0.888839275489763
2745,Endosome Organization (GO:0007032),0.8567275794618971,0.5150257124491108,0.0796411492991237,RAB27A,0.888839275489763
2746,Gonad Development (GO:0008406),0.8567275794618971,0.5150257124491108,0.0796411492991237,GATA6,0.888839275489763
2747,Negative Regulation Of Viral Genome Replication (GO:0045071),0.8567275794618971,0.5150257124491108,0.0796411492991237,SLPI,0.888839275489763
2748,"Regulation Of Alternative mRNA Splicing, Via Spliceosome (GO:0000381)",0.8567275794618971,0.5150257124491108,0.0796411492991237,CELF2,0.888839275489763
2749,Organelle Disassembly (GO:1903008),0.8618918462021774,0.5052819677300678,0.07509777733030693,NEDD9,0.89387182739993
2750,Regulation Of Macroautophagy (GO:0016241),0.8643587135571067,0.5693640760853438,0.08299473162157986,LRRK2;DCN,0.8961042517641131
2751,Ceramide Metabolic Process (GO:0006672),0.8668702132114225,0.49589910244506347,0.07084712603890109,SGMS2,0.8980548611430835
2752,Positive Regulation Of Tyrosine Phosphorylation Of STAT Protein (GO:0042531),0.8668702132114225,0.49589910244506347,0.07084712603890109,IL6,0.8980548611430835
2753,Non-Membrane-Bounded Organelle Assembly (GO:0140694),0.868060078381168,0.6078275774504824,0.08600416919432498,LMOD1;CAPN3;PGM5,0.8989608730347657
2754,Plasma Membrane Bounded Cell Projection Assembly (GO:0120031),0.8689270251892888,0.6974834395438537,0.09799372598935885,FGD5;RAP1A;RFX2;S1PR1;EMP1;EMP2;IFT57,0.8995319349363334
2755,Vesicle-Mediated Transport (GO:0016192),0.8772987484148661,0.733372175141243,0.09600406211160192,CCL14;SCARA5;CAV2;DPYSL2;LRRK2;RHOJ;RAB27A;DENND3;ADRB2;STX11;S100A10,0.9078688681418452
2756,Regulation Of Organelle Organization (GO:0033043),0.8790853553723065,0.5460108729684342,0.07036621261929502,ZEB2;NEXN,0.9093876444725855
2757,mRNA Transport (GO:0051028),0.8807555541386372,0.4697258466500513,0.05964351248372706,ZFP36,0.91045470806717
2758,Positive Regulation Of Mitochondrion Organization (GO:0010822),0.8807555541386372,0.4697258466500513,0.05964351248372706,DCN,0.91045470806717
2759,Visual Perception (GO:0007601),0.882529160688391,0.5404674358649254,0.06753867401886615,EFEMP1;ARRB1,0.9119574618059453
2760,Regulation Of Type I Interferon Production (GO:0032479),0.8850547947921924,0.4616031120929786,0.0563643807586118,TYROBP,0.9132432935043577
2761,Glucose Metabolic Process (GO:0006006),0.8850547947921924,0.4616031120929786,0.0563643807586118,FBP1,0.9132432935043577
2762,Mitotic Cytokinesis (GO:0000281),0.8850547947921924,0.4616031120929786,0.0563643807586118,SPTBN1,0.9132432935043577
2763,Protein Targeting To Mitochondrion (GO:0006626),0.8850547947921924,0.4616031120929786,0.0563643807586118,DNAJC15,0.9132432935043577
2764,Sensory Perception Of Light Stimulus (GO:0050953),0.885882075760265,0.5350348675034867,0.06483094244108246,EFEMP1;ARRB1,0.9137662076673355
2765,Lysosomal Transport (GO:0007041),0.8954160492269747,0.5193700830049695,0.05737315588920323,CCL14;DENND3,0.9232662409931662
2766,Spliceosomal Complex Assembly (GO:0000245),0.8970457823953623,0.43883282341659435,0.04767847481356198,CELF2,0.9242781082794282
2767,Phosphatidylinositol-Mediated Signaling (GO:0048015),0.8970457823953623,0.43883282341659435,0.04767847481356198,EDN1,0.9242781082794282
2768,RNA Processing (GO:0006396),0.8987942436164914,0.5970074618119311,0.0637013786817317,EXOSC7;CELF2;ADARB1;RBMS2,0.9257450825688645
2769,Phosphatidylinositol Metabolic Process (GO:0046488),0.9007584285384401,0.4317324108185821,0.0451238824378394,PIP5K1B,0.9274331093402285
2770,Negative Regulation Of Translation (GO:0017148),0.9013547365051098,0.5094241880852759,0.05290695442616499,ZFP36;DAPK1,0.9277120410743928
2771,Glycerophospholipid Biosynthetic Process (GO:0046474),0.9042047265086287,0.5045919844214626,0.050812148855470654,MUC1;PIP5K1B,0.9297749149195954
2772,Cellular Response To Virus (GO:0098586),0.9043373690186032,0.4248574081443162,0.04272059875783138,IL6,0.9297749149195954
2773,Protein N-linked Glycosylation (GO:0006487),0.9043373690186032,0.4248574081443162,0.04272059875783138,SLC39A8,0.9297749149195954
2774,Cellular Response To Light Stimulus (GO:0071482),0.9077874124878638,0.4181972493036212,0.04045851588845291,DMBT1,0.9323133692373559
2775,Regulation Of Translational Initiation (GO:0006446),0.9077874124878638,0.4181972493036212,0.04045851588845291,EIF1,0.9323133692373559
2776,Positive Regulation Of T Cell Proliferation (GO:0042102),0.9077874124878638,0.4181972493036212,0.04045851588845291,IL6,0.9323133692373559
2777,Sensory Perception Of Chemical Stimulus (GO:0007606),0.909675397952508,0.4951960328529366,0.04687894501302331,C5AR1;CD36,0.9339159379051495
2778,Protein Secretion (GO:0009306),0.9143191861414833,0.4054824006077488,0.03632130885413999,FGG,0.9383455722423935
2779,Regulation Of Protein Serine/Threonine Kinase Activity (GO:0071900),0.9148524713166037,0.48614175225053885,0.043262950558114154,CDKN2B;ADRB2,0.9385550182524783
2780,Intermediate Filament Organization (GO:0045109),0.9174096947970966,0.3994096370515112,0.03442956172191681,DES,0.9405016324582963
2781,Neuropeptide Signaling Pathway (GO:0007218),0.9174096947970966,0.3994096370515112,0.03442956172191681,SSTR1,0.9405016324582963
2782,Establishment Of Protein Localization To Membrane (GO:0090150),0.920388875190388,0.3935154841881042,0.03264565413129081,SYNE3,0.9432166366526946
2783,Sensory Organ Development (GO:0007423),0.9232607321608127,0.3877921763352307,0.03096272379398192,CHRDL1,0.9454800098385334
2784,Protein K48-linked Ubiquitination (GO:0070936),0.9232607321608127,0.3877921763352307,0.03096272379398192,NEDD4L,0.9454800098385334
2785,Regulation Of Double-Strand Break Repair Via Homologous Recombination (GO:0010569),0.9260291268682349,0.3822323915638679,0.029374402702274326,SPIDR,0.9479745208981464
2786,Protein Maturation (GO:0051604),0.9266019961473774,0.464883876053605,0.03543863329276152,CPM;MME,0.948220492109179
2787,Regulation Of Cellular Localization (GO:0060341),0.928697781652065,0.3768292204480364,0.027874776751661477,PARD6B,0.9496834201901139
2788,Response To Ionizing Radiation (GO:0010212),0.928697781652065,0.3768292204480364,0.027874776751661477,SPIDR,0.9496834201901139
2789,DNA-templated Transcription (GO:0006351),0.9304522255340761,0.5475632060247445,0.03947084566439614,NR4A2;CEBPD;NKX2-1;ETV1,0.9507954462357172
2790,Anterograde Trans-Synaptic Signaling (GO:0098916),0.9304522255340761,0.5475632060247445,0.03947084566439614,GRIA1;RPS6KA2;SLC1A1;KCNK3,0.9507954462357172
2791,Protein Modification Process (GO:0036211),0.9315205938406759,0.7291308835672997,0.051722343582103515,CDKL2;ACVRL1;DAPK1;PRKCB;DAPK2;PRKCE;LRRK2;PTPRM;IRAK3;TGFBR2;FGR;PTPRB;BMP2;GRK5;PDK4;CCL2;MACROD2;ERG;FAM20A,0.9515461171765558
2792,Regulation Of Macromolecule Metabolic Process (GO:0060255),0.9339033526825572,0.5039000737851798,0.03445785755121185,NFKBIZ;AFF3;CRIP1,0.9536384163674679
2793,Regulation Of DNA Replication (GO:0006275),0.9361405522139047,0.36149589701121737,0.023854988138142498,ACVRL1,0.9555806352888802
2794,Regulation Of Protein Catabolic Process (GO:0042176),0.9368095561489419,0.44539748953974895,0.029073439564681385,C4BPA;IRAK3,0.9559212757983655
2795,Cell Morphogenesis Involved In Neuron Differentiation (GO:0048667),0.9406661403338804,0.3519461955724967,0.021527491103661114,PARD6B,0.959513118458638
2796,Regulation Of Mitotic Cell Cycle (GO:0007346),0.9422722434440054,0.4344661019831956,0.025833806434068407,CAV2;TAL1,0.9608076416519525
2797,Proteolysis Involved In Protein Catabolic Process (GO:0051603),0.9428073614702019,0.3473573779980465,0.020457022220159164,CTSH,0.9610095772440278
2798,Cellular Response To Starvation (GO:0009267),0.9439912125609446,0.43093984793269446,0.024838692642735395,LRRK2;PDK4,0.9618723899253943
2799,Regulation Of Cytokinesis (GO:0032465),0.9468610676855574,0.3385282606396107,0.01848462624837645,PRKCE,0.9644519128158359
2800,Cytoskeleton-Dependent Cytokinesis (GO:0061640),0.9487790079351859,0.3342792479108635,0.017576194211736534,SPTBN1,0.9657154414934719
2801,Positive Regulation Of Growth (GO:0045927),0.9487790079351859,0.3342792479108635,0.017576194211736534,HYAL1,0.9657154414934719
2802,Golgi Organization (GO:0007030),0.9503921205304527,0.4173858089260809,0.021236849194723326,LRRK2;SYNE1,0.9666671193836321
2803,Regulation Of Cell Cycle Process (GO:0010564),0.9503921205304527,0.4173858089260809,0.021236849194723326,CDKN2B;CAV2,0.9666671193836321
2804,Epigenetic Regulation Of Gene Expression (GO:0040029),0.9524099736149334,0.3260921258237652,0.015900151729018642,SDR16C5,0.9683740494922164
2805,Positive Regulation Of Double-Strand Break Repair (GO:2000781),0.9541278868934356,0.3221465248179347,0.015127215789385667,SPIDR,0.9697749039333993
2806,Cellular Respiration (GO:0045333),0.9557838665337673,0.3182948666931954,0.0143943991579617,NR4A3,0.9707658722792201
2807,mRNA Metabolic Process (GO:0016071),0.9557838665337673,0.3182948666931954,0.0143943991579617,ZFP36,0.9707658722792201
2808,Regulation Of Double-Strand Break Repair (GO:2000779),0.9604021036175939,0.3072711555085967,0.012414745411329054,SPIDR,0.974761978431385
2809,Positive Regulation Of Plasma Membrane Bounded Cell Projection Assembly (GO:0120034),0.9604021036175939,0.3072711555085967,0.012414745411329054,GPM6A,0.974761978431385
2810,Positive Regulation Of DNA Repair (GO:0045739),0.9618318593039576,0.3037636110407698,0.011821151086044325,SPIDR,0.9758657049379299
2811,Lymphocyte Differentiation (GO:0030098),0.9645385530632836,0.2969823584029712,0.010722689224677423,LEPR,0.9779158658547019
2812,rRNA Metabolic Process (GO:0016072),0.9645385530632836,0.2969823584029712,0.010722689224677423,EXOSC7,0.9779158658547019
2813,B Cell Activation (GO:0042113),0.9658191377935172,0.29370351097370595,0.010214623435249079,PRKCB,0.9788661080161101
2814,Recombinational Repair (GO:0000725),0.9693903711716294,0.28428554495347597,0.00883783729279064,SPIDR,0.9821364421500766
2815,Chemical Synaptic Transmission (GO:0007268),0.9700273270418068,0.49680693172791507,0.01511834946224903,GRIA1;RPS6KA2;SLC1A1;LIN7A;KCNK3,0.9824326498743131
2816,Modification-Dependent Protein Catabolic Process (GO:0019941),0.9707387770856566,0.42325086459164674,0.012569649794409304,RNF128;NEDD4L;ARRB1,0.9828040672838093
2817,Regulation Of Protein Localization (GO:0032880),0.9715616592463798,0.27833391364902504,0.008030084847974696,NEDD9,0.9832879980516255
2818,ncRNA Processing (GO:0034470),0.9745335847361323,0.26985734785177684,0.006961320312123639,EXOSC7,0.9855960447260421
2819,Protein Complex Oligomerization (GO:0051259),0.9745335847361323,0.26985734785177684,0.006961320312123639,NLRC4,0.9855960447260421
2820,rRNA Processing (GO:0006364),0.9754536181493213,0.2671448467966574,0.006639261863520955,EXOSC7,0.9861766898381967
2821,Regulation Of RNA Splicing (GO:0043484),0.976340454304706,0.26448605863371855,0.006332834949967394,QKI,0.9867233729963547
2822,Regulation Of Translation (GO:0006417),0.9778961137008444,0.40177142696723844,0.008980329767914788,IL6;DAPK1;EIF1,0.9879453650464591
2823,Regulation Of Cellular Response To Stress (GO:0080135),0.9803170702285222,0.2519446050349503,0.00500846187760435,ALOX5,0.9899194476330038
2824,Regulation Of DNA-templated Transcription (GO:0006355),0.9805445528290433,0.7569528746920835,0.014872001106326114,ACVRL1;CSRNP1;CITED2;WWC2;TCF21;ARRB1;NR3C2;DACH1;EFEMP1;SOX17;CAPN3;SLC39A8;LRRFIP1;SOX7;HOXA5;MYOCD;PRKCB;SFTPC;RFX2;ETV1;FOS;ZEB2;TOX2;TAL1;PPARG;ERG;VGLL3;MYRF;CEBPD;EPAS1;NOTCH4;GATA6;PRDM16;ATOH8;NKX2-1;IRX2;FOXF1;ZBTB16;KLF4;TBX5;SMAD6;FLI1;HOPX;KLF2;TBX2;NR4A2;NR4A1;BMP2;IL6;NR4A3;KLF9;ID4;FOSB;FOXA2,0.9899194476330038
2825,Positive Regulation Of Translation (GO:0045727),0.9810283901060298,0.24957696613125765,0.0047803672276358015,IL6,0.9900573239618728
2826,Double-Strand Break Repair Via Homologous Recombination (GO:0000724),0.9830119664419491,0.2427323373005824,0.00415897235242106,SPIDR,0.9917081091033252
2827,Endoplasmic Reticulum To Golgi Vesicle-Mediated Transport (GO:0006888),0.9853382814011051,0.2341665444949421,0.0034587016529113415,VAPA,0.993703374699169
2828,Regulation Of DNA Metabolic Process (GO:0051052),0.9894746186760134,0.21693049799578776,0.0022953773764199307,ACVRL1,0.9972188451781622
2829,Cilium Organization (GO:0044782),0.9895237155415716,0.35486033519553073,0.003737228309045581,RFX2;NEDD9;IFT57,0.9972188451781622
2830,Positive Regulation Of Intracellular Protein Transport (GO:0090316),0.990222177078437,0.2134373259052925,0.002097222302791851,LEPROT,0.99757011549492
2831,Cytosolic Transport (GO:0016482),0.9905758247507935,0.21173232524207455,0.002004864545273555,EMP2,0.9975738878009582
2832,Regulation Of Nucleic Acid-Templated Transcription (GO:1903506),0.9927348579766869,0.47736343938875586,0.0034807727040547316,ACVRL1;BMP2;EFEMP1;SOX17;WWC2;NKX2-1;SLC39A8;SOX7,0.999395155399553
2833,Gene Expression (GO:0010467),0.9944551806019056,0.36380879394578025,0.0020228674724465387,EXOSC7;CELF2;ADARB1;RBMS2,0.9999722840766162
2834,Protein Glycosylation (GO:0006486),0.9954903483858566,0.18253710840615103,0.0008250404895488516,SLC39A8,0.9999722840766162
2835,protein-RNA Complex Assembly (GO:0022618),0.9959625194306836,0.17883382251219831,0.0007234996261890517,CELF2,0.9999722840766162
2836,Ribosome Biogenesis (GO:0042254),0.9966422477864553,0.1729823101689397,0.0005818090677699652,EXOSC7,0.9999722840766162
2837,Proteasomal Protein Catabolic Process (GO:0010498),0.9971744416314297,0.2439189794377695,0.0006901828494054223,NEDD4L;ARRB1,0.9999722840766162
2838,Protein Polyubiquitination (GO:0000209),0.997681102085331,0.2373107192667862,0.0005509383641143427,NEDD4L;SASH1,0.9999722840766162
2839,Double-Strand Break Repair (GO:0006302),0.9979209709584734,0.1594082030924224,0.0003317592718902563,SPIDR,0.9999722840766162
2840,DNA Damage Response (GO:0006974),0.9982990812752869,0.34925315772747095,0.0005945570256987982,PPP1R15A;MNDA;MACROD2;CRIP1;SPIDR,0.9999722840766162
2841,Cilium Assembly (GO:0060271),0.9986792503421449,0.22037419631127855,0.00029125152191792963,RFX2;IFT57,0.9999722840766162
2842,Macromolecule Biosynthetic Process (GO:0009059),0.9988041898363874,0.14615537665676942,0.0001748786665678537,SLC11A1,0.9999722840766162
2843,Protein Modification By Small Protein Conjugation (GO:0032446),0.9992108380557749,0.294032634032634,0.0002321309716551652,HECW2;NEDD4L;LMO7;ARRB1,0.9999722840766162
2844,Golgi Vesicle Transport (GO:0048193),0.999286115454536,0.13561622420555966,9.684890015562633e-05,VAPA,0.9999722840766162
2845,Organelle Assembly (GO:0070925),0.9993948331636314,0.24905868548711932,0.0001507676811693339,SRPX;RFX2;IFT57,0.9999722840766162
2846,Intracellular Protein Transport (GO:0006886),0.9994489737719094,0.24669922620493426,0.00013597521048369713,DNAJC15;STX11;GPIHBP1,0.9999722840766162
2847,Protein Ubiquitination (GO:0016567),0.9995793143236619,0.3077314842020724,0.0001294854658125237,HECW2;NEDD4L;ARRB1;LMO7;SASH1,0.9999722840766162
2848,Chromatin Remodeling (GO:0006338),0.9997712170420009,0.11690574650583485,2.674910247878085e-05,PRDM16,0.9999722840766162
2849,Ubiquitin-Dependent Protein Catabolic Process (GO:0006511),0.9998524390615866,0.21775047578120205,3.213383545400607e-05,RNF128;NEDD4L;ARRB1,0.9999722840766162
2850,Proteasome-Mediated Ubiquitin-Dependent Protein Catabolic Process (GO:0043161),0.99989575766458,0.16687125201835548,1.7395955738123824e-05,NEDD4L;ARRB1,0.9999722840766162
2851,DNA Metabolic Process (GO:0006259),0.9999722840766162,0.09217435190667068,2.554732678947621e-06,DNASE1L3,0.9999722840766162
