Rank,Term,P.value,Z.score,Combined.score,Genes,Adjusted.P.value
1,Mitotic Sister Chromatid Segregation (GO:0000070),6.6882515832472486e-18,15.819416905338915,625.5974954886354,SPAG5;CDCA5;NCAPG2;KIF14;CDCA8;NCAPG;KIF23;KIF11;NCAPH;NDC80;ZWINT;TPX2;CENPE;CCNB1;KIF18B;PRC1;CENPK;NUSAP1;KNTC1;KIF2C;CEP55;DLGAP5,1.0881785325943274e-14
2,Spindle Assembly Checkpoint Signaling (GO:0071173),4.203321136992812e-17,62.40952380952381,2353.3427936533885,ZWILCH;BUB1B;TTK;NDC80;ZWINT;CDC20;CENPF;NUF2;KNTC1;TRIP13;BUB1;MAD2L1;SPC25,1.7097008724718262e-14
3,Mitotic Spindle Assembly Checkpoint Signaling (GO:0007094),4.203321136992812e-17,62.40952380952381,2353.3427936533885,ZWILCH;BUB1B;TTK;NDC80;ZWINT;CDC20;CENPF;NUF2;KNTC1;TRIP13;BUB1;MAD2L1;SPC25,1.7097008724718262e-14
4,Mitotic Spindle Checkpoint Signaling (GO:0071174),4.203321136992812e-17,62.40952380952381,2353.3427936533885,ZWILCH;BUB1B;TTK;NDC80;ZWINT;CDC20;CENPF;NUF2;KNTC1;TRIP13;BUB1;MAD2L1;SPC25,1.7097008724718262e-14
5,Negative Regulation Of Mitotic Metaphase/Anaphase Transition (GO:0045841),1.469312514882263e-16,54.08275132275132,1971.6714402985854,ZWILCH;BUB1B;TTK;NDC80;ZWINT;CDC20;CENPF;NUF2;KNTC1;TRIP13;BUB1;MAD2L1;SPC25,4.781142923426884e-14
6,Positive Regulation Of Cell Cycle Process (GO:0090068),5.301210332464386e-15,12.969785316724092,426.3277540085503,STIL;FEN1;SPAG5;NCAPG2;KIF14;CDCA8;NCAPG;KIF23;CDC6;NCAPH;NDC80;AURKB;AURKA;RACGAP1;NUSAP1;BIRC5;ECT2;E2F7;E2F8;MAD2L1,1.4375115351532594e-12
7,Microtubule Cytoskeleton Organization Involved In Mitosis (GO:1902850),2.523241586590631e-14,21.378158582631425,669.3639743925331,STIL;CDCA8;TTK;KIF11;AURKB;NDC80;CENPE;CCNB1;KIF4A;NUF2;NUSAP1;CDK1;BIRC5;DLGAP5;SPC25,5.864734373404223e-12
8,Mitotic Spindle Organization (GO:0007052),3.4586639046833296e-14,15.758842443729904,488.45019011391275,STIL;CDCA8;KIF23;TTK;KIF11;AURKB;NDC80;AURKA;CENPE;TPX2;CCNB1;PRC1;KIF4A;NUF2;BIRC5;DLGAP5;SPC25,7.034057716149722e-12
9,Mitotic Cytokinesis (GO:0000281),1.0064157148442623e-11,17.607867494824017,445.867139125767,CKAP2;CDCA8;KIF23;CENPA;AURKB;ANLN;RACGAP1;KIF4A;NUSAP1;BIRC5;KIF20A;ECT2;CEP55,1.8193759645017942e-09
10,Regulation Of Chromosome Segregation (GO:0051983),4.0385542391674544e-10,29.182808117472366,631.2230937743569,RMI2;CDCA2;NCAPG2;NCAPG;KIF2C;CDC6;MKI67;BUB1;NCAPH,6.318563388778333e-08
11,Regulation Of Cell Cycle Process (GO:0010564),4.2719236187192174e-10,8.798020692757534,189.80662187773163,CDCA2;SPAG5;HMGA2;KIF11;MKI67;AURKB;AURKA;RACGAP1;PRC1;CHEK1;NEK2;KIF2C;KIF20A;ECT2;BUB1;MCM2,6.318563388778333e-08
12,DNA Unwinding Involved In DNA Replication (GO:0006268),5.099707894117175e-10,40.958333333333336,876.3718465485856,GINS1;GINS2;CDC45;RAD51;MCM7;HMGA1;MCM4;MCM2,6.914353953107204e-08
13,Cytoskeleton-Dependent Cytokinesis (GO:0061640),6.753536100147289e-10,11.897852474323063,251.23249118707724,CKAP2;CDCA8;KIF23;CENPA;AURKB;ANLN;RACGAP1;KIF4A;NUSAP1;BIRC5;KIF20A;ECT2;CEP55,8.4523101807228e-08
14,Mitotic Nuclear Division (GO:0140014),2.3542626766841936e-09,17.643306379155437,350.52024263746625,KIF18B;SPAG5;UBE2C;UBE2S;NCAPG2;CENPK;NUSAP1;KNTC1;NDC80;ZWINT,2.735989553546559e-07
15,Sister Chromatid Segregation (GO:0000819),2.8125950230126916e-09,22.17216300940439,436.55122699140117,TOP2A;KIF18B;SPAG5;NCAPG2;CENPK;NUSAP1;KNTC1;NDC80;ZWINT,3.050728068294433e-07
16,Mitotic Spindle Elongation (GO:0000022),3.6933322491305534e-09,91.62111801242236,1778.9831280748874,RACGAP1;PRC1;KIF4A;BIRC5;CDCA8;KIF23,3.5347362172561237e-07
17,Mitotic Spindle Midzone Assembly (GO:0051256),3.6933322491305534e-09,91.62111801242236,1778.9831280748874,RACGAP1;PRC1;KIF4A;BIRC5;CDCA8;KIF23,3.5347362172561237e-07
18,Mitotic Metaphase Plate Congression (GO:0007080),7.049815770928048e-09,15.433962264150944,289.69955170071677,CDT1;CENPE;CCNB1;CDCA5;NUF2;KIF14;CDCA8;KIF2C;CEP55;NDC80,6.372250144055519e-07
19,Metaphase Plate Congression (GO:0051310),8.642910811862382e-09,15.056757171345298,279.55167969102445,CENPE;CCNB1;CENPF;CDCA5;KIF14;CDCA8;KIF2C;FAM83D;CEP55;NDC80,7.401060995210576e-07
20,Intermediate Filament Organization (GO:0045109),1.3015820893514303e-08,11.941169959599314,216.81701979137455,DSP;KRT17;KRT16;KRT15;KRT14;KRT13;NEFL;PKP1;KRT5;KRT6B;KRT6A,1.0456690320410755e-06
21,DNA Metabolic Process (GO:0006259),1.3496650075514803e-08,4.9714526223328335,90.08681960860288,TOP2A;FEN1;RMI2;RNASEH2A;RFC4;MCM7;HMGB3;MCM10;TYMS;RAD51AP1;CDC45;RAD51;EXO1;UBE2T;POLE2;CHEK1;TIMELESS;CDK1;MCM4;KPNA2;MCM2,1.0456690320410755e-06
22,DNA-templated DNA Replication (GO:0006261),1.5260096423701663e-08,11.734689437615577,211.20122790876965,GINS1;GINS2;RFC4;CDC45;RAD51;MCM7;POLE2;HMGA1;MCM4;MCM10;MCM2,1.1285534946073912e-06
23,Mitotic Spindle Assembly (GO:0090307),3.291167230570527e-08,15.829198387819078,272.72819950619584,TPX2;RACGAP1;PRC1;KIF4A;CDCA8;BIRC5;KIF23;KIF11;AURKB,2.3281430800601074e-06
24,Mitotic Cell Cycle Phase Transition (GO:0044772),3.4767547792814165e-08,8.243019112406868,141.57040289212208,UBE2C;FOXM1;AURKA;CCNA2;CCNB2;CCNB1;MELK;CCNE2;CCNE1;UBE2S;EIF4EBP1;CDK1;CDKN3,2.3569500107878603e-06
25,Centromere Complex Assembly (GO:0034508),4.9964302237715343e-08,45.80124223602485,770.0085169308985,CENPE;CENPF;CENPW;HJURP;OIP5;DLGAP5,3.2516767896305145e-06
26,Regulation Of Cytokinesis (GO:0032465),7.467612769913186e-08,9.858409911763362,161.77754544777565,RACGAP1;PRC1;KIF14;KIF23;KIF20A;CDC6;ECT2;AURKB;E2F7;AURKA;E2F8,4.6076222261330135e-06
27,Cellular Glucuronidation (GO:0052695),8.212725541355709e-08,40.710144927536234,664.1858474728691,UGT1A10;UGT1A4;UGT1A9;UGT1A8;UGT1A7;UGT1A6,4.6076222261330135e-06
28,Glucuronate Metabolic Process (GO:0019585),8.212725541355709e-08,40.710144927536234,664.1858474728691,UGT1A10;UGT1A4;UGT1A9;UGT1A8;UGT1A7;UGT1A6,4.6076222261330135e-06
29,Positive Regulation Of Mitotic Sister Chromatid Separation (GO:1901970),8.212725541355709e-08,40.710144927536234,664.1858474728691,CDC20;UBE2C;CDCA8;BIRC5;AURKB;DLGAP5,4.6076222261330135e-06
30,Kinetochore Assembly (GO:0051382),1.3737930870663576e-07,76.11455108359134,1202.649491265824,CENPE;CENPF;CENPW;KNTC1;DLGAP5,7.210197911796658e-06
31,Regulation Of Attachment Of Spindle Microtubules To Kinetochore (GO:0051988),1.3737930870663576e-07,76.11455108359134,1202.649491265824,CCNB1;RACGAP1;SPAG5;NEK2;ECT2,7.210197911796658e-06
32,Regulation Of Mitotic Cell Cycle Spindle Assembly Checkpoint (GO:0090266),1.9752615264545188e-07,33.30491247882552,514.1410841443166,CCNB1;CDCA8;BIRC5;AURKB;NDC80;MAD2L1,1.0042970323567194e-05
33,Extracellular Matrix Organization (GO:0030198),2.2419006379497225e-07,5.807651856408628,88.91963137165425,POSTN;MMP1;COL11A1;COL12A1;CTSV;MMP9;MMP10;COL1A1;GREM1;MMP12;MMP11;COL3A1;COL1A2;COL5A2;COL10A1,1.1053249508921815e-05
34,Extracellular Structure Organization (GO:0043062),2.34022253916964e-07,7.663447735873679,117.00436763194692,COL1A1;MMP12;MMP11;POSTN;COL3A1;COL1A2;MMP1;COL11A1;COL5A2;COL10A1;MMP9;MMP10,1.1198653150673543e-05
35,External Encapsulating Structure Organization (GO:0045229),2.588640295464358e-07,7.584861792818393,115.03931737951046,COL1A1;MMP12;MMP11;POSTN;COL3A1;COL1A2;MMP1;COL11A1;COL5A2;COL10A1;MMP9;MMP10,1.2033479316344317e-05
36,Kinetochore Organization (GO:0051383),2.7106773566147793e-07,60.88854489164087,920.6894218878944,CENPE;CENPF;CENPW;NUF2;DLGAP5,1.2250755720034016e-05
37,DNA Duplex Unwinding (GO:0032508),2.865909638682018e-07,14.878030303030304,224.14064868129103,GINS1;GINS2;CDC45;RAD51;MCM7;HMGA1;MCM4;MCM2,1.2511295551536313e-05
38,Positive Regulation Of Chromosome Segregation (GO:0051984),2.9221218866526115e-07,30.527950310559007,459.31699594534757,CCNB1;NCAPG2;CDK1;NCAPG;CDC6;NCAPH,1.2511295551536313e-05
39,Supramolecular Fiber Organization (GO:0097435),3.0302237195242846e-07,4.250614250614251,63.799421166711625,DSP;COL11A1;COL12A1;KIF14;KRT13;KRT5;COL1A1;GREM1;COL3A1;COL1A2;KIF18B;KRT17;KRT16;KRT15;KRT14;COL5A2;NEFL;KIF2C;KRT6B;KRT6A,1.2641471773502591e-05
40,Protein Localization To Kinetochore (GO:0034501),4.902833521525922e-07,50.73787409700722,737.134160378914,ZWILCH;CDK1;KNTC1;TTK;KNL1,1.9942275348806686e-05
41,Attachment Of Mitotic Spindle Microtubules To Kinetochore (GO:0051315),8.292009675964547e-07,43.48739495798319,608.9454371686447,CDT1;CENPE;NUF2;KIF2C;NDC80,3.2905121323888575e-05
42,Xenobiotic Glucuronidation (GO:0052697),1.0381369877537116e-06,121.41975308641975,1672.9314126900772,UGT1A9;UGT1A8;UGT1A7;UGT1A6,4.021544950179259e-05
43,Positive Regulation Of Chromosome Separation (GO:1905820),1.329365189355542e-06,38.04953560371517,514.8409999687394,NCAPG2;CDCA8;NCAPG;BIRC5;NCAPH,5.0155674148621425e-05
44,Liver Development (GO:0001889),1.356391925346861e-06,15.299065420560748,206.70081360368556,UGT1A10;UGT1A9;UGT1A8;E2F7;UGT1A7;AURKA;E2F8,5.0155674148621425e-05
45,Skin Development (GO:0043588),1.6197383084183692e-06,9.378725891291642,125.04885909796715,DSP;COL1A1;SPRR3;COL3A1;COL1A2;KRT16;COL5A2;SPRR1A;SPRR1B,5.856253839548193e-05
46,Regulation Of Cyclin-Dependent Protein Kinase Activity (GO:1904029),2.24067918912704e-06,10.903888888888888,141.84576317350508,CCNA2;CCNB2;CCNB1;CCNE2;CCNE1;CDKN2A;CDC6;CDKN3,7.92518487110803e-05
47,Positive Regulation Of Cytokinesis (GO:0032467),2.932728890434131e-06,13.383956386292835,170.50594571108155,RACGAP1;KIF14;CDCA8;BIRC5;KIF23;CDC6;ECT2,0.00010066260004255237
48,DNA Replication (GO:0006260),2.969763246492018e-06,8.643808777429467,110.00999913164571,FEN1;RFC4;RNASEH2A;MCM7;POLE2;CHEK1;CDK1;MCM4;MCM2,0.00010066260004255237
49,Cell Cycle G2/M Phase Transition (GO:0044839),3.5051956531687304e-06,12.97772113659964,163.01658414272688,CCNA2;CCNB1;MELK;CDK1;FOXM1;AURKB;AURKA,0.0001163868026062352
50,Nuclear Chromosome Segregation (GO:0098813),4.33264127226862e-06,27.668167745567125,341.68342275383384,TOP2A;CENPF;KIF2C;FAM83D;NDC80,0.0001409841469996209
51,Collagen Fibril Organization (GO:0030199),4.931632191712034e-06,12.234890965732086,149.50841676418813,COL1A1;GREM1;COL3A1;COL1A2;COL11A1;COL12A1;COL5A2,0.00015732873678265643
52,Regulation Of DNA-templated DNA Replication (GO:0090329),6.05562560525284e-06,25.361197110423117,304.70268258871755,CDT1;MCM7;GMNN;MCM4;MCM2,0.00018947120884127636
53,Regulation Of Mitotic Cell Cycle (GO:0007346),6.866195274521461e-06,5.95323482207095,70.77741599156855,CDC20;CCNB1;CDCA2;GMNN;EIF4EBP1;NEK2;MKI67;DLGAP5;CKS1B;AURKA;MAD2L1,0.00020835200112436067
54,DNA Repair (GO:0006281),6.915186269646881e-06,3.8698570657403715,45.980831524420196,FANCI;FEN1;RMI2;RNASEH2A;RFC4;CDCA5;HMGA2;RAD51AP1;DEPDC1B;RAD51;EXO1;UBE2T;POLE2;CHEK1;TIMELESS;CDK1;TRIP13,0.00020835200112436067
55,"Protein Localization To Chromosome, Centromeric Region (GO:0071459)",8.272347236754129e-06,23.40914503453203,273.9476795813047,ZWILCH;CDK1;TTK;KNL1;CENPA,0.0002447110718945267
56,Positive Regulation Of Mitotic Cell Cycle Phase Transition (GO:1901992),8.492812517570032e-06,8.916818181818181,104.11535798515052,CDC20;CCNB1;STIL;RRM2;UBE2C;CDCA5;CDK1;DLGAP5,0.00024674653510868647
57,B Cell Receptor Signaling Pathway (GO:0050853),9.249726905338994e-06,10.977793753494687,127.2426910871505,IGHG3;IGHM;IGHG4;IGHG1;IGHD;IGHA1;IGHA2,0.0002640229065787113
58,Regulation Of Cell Population Proliferation (GO:0042127),1.0352040019721757e-05,2.5900933761307265,29.729938613448176,SLC35F6;UHRF1;HILPDA;CDCA7;KIF14;SIX1;TTK;FOXM1;PTHLH;SIX4;PRAME;E2F7;SOX4;KRT6A;TFAP2A;EGLN3;JUP;CDKN2A;IGFBP3;HMGA1;CDC6;SHCBP1;NME1;GREM1;PRC1;TIMELESS;BIRC5;IRF6;EZH2;CDKN3,0.0002903925708980569
59,Epidermis Development (GO:0008544),1.0602799946847694e-05,7.27454215475994,83.32546070411858,DSP;SPRR3;CRABP2;KRT15;KRT14;KRT5;SPRR1A;PTHLH;SPRR1B,0.00029238568666985085
60,Epithelial Cell Differentiation (GO:0030855),1.157707801624978e-05,5.606825351304846,63.7298875506652,KRT17;KRT16;AKR1C1;KRT15;KRT14;CDK1;KRT13;SIX1;IRF6;E2F7;E2F8,0.00031135786180304153
61,Regulation Of Mitotic Cell Cycle Phase Transition (GO:1901990),1.1673527701281828e-05,7.179701176566381,81.54838762930363,ANLN;CENPE;CENPF;CDKN2A;UBE2C;KIF14;KNTC1;CDC6;AURKA,0.00031135786180304153
62,Regulation Of Mitotic Sister Chromatid Separation (GO:0010965),1.3796560515403865e-05,40.465020576131685,452.84773708879766,CCNB1;BIRC5;CDCA8;AURKB,0.0003507344368525326
63,Mitotic DNA Replication (GO:1902969),1.3796560515403865e-05,40.465020576131685,452.84773708879766,GINS1;MCM4;TK1;MCM2,0.0003507344368525326
64,Protein Localization To Condensed Chromosome (GO:1903083),1.3796560515403865e-05,40.465020576131685,452.84773708879766,ZWILCH;CDK1;TTK;KNL1,0.0003507344368525326
65,Positive Regulation Of Chromosome Organization (GO:2001252),1.4168005673816747e-05,13.557625948930296,151.36444377439273,FEN1;NCAPG2;CDK1;NCAPG;AURKB;NCAPH,0.0003546360804815361
66,Regulation Of Protein Serine/Threonine Kinase Activity (GO:0071900),1.583137388332618e-05,6.033419657171044,66.69050613318906,CCNA2;CCNB2;CCNB1;CCNE2;CCNE1;CDKN2A;HMGA2;CDC6;EZH2;CDKN3,0.0003902673531541166
67,Double-Strand Break Repair Via Break-Induced Replication (GO:0000727),2.140023200208165e-05,34.682539682539684,372.91043994581867,GINS2;MCM7;MCM4;MCM2,0.0005046112676432876
68,Positive Regulation Of Mitotic Cell Cycle Spindle Assembly Checkpoint (GO:0090267),2.140023200208165e-05,34.682539682539684,372.91043994581867,BIRC5;CDCA8;NDC80;MAD2L1,0.0005046112676432876
69,Positive Regulation Of Spindle Checkpoint (GO:0090232),2.140023200208165e-05,34.682539682539684,372.91043994581867,BIRC5;CDCA8;NDC80;MAD2L1,0.0005046112676432876
70,Regulation Of DNA-templated DNA Replication Initiation (GO:0030174),3.1685853732354037e-05,30.34567901234568,314.37031713883414,MCM7;GMNN;MCM4;MCM2,0.0007364697717505717
71,G2/M Transition Of Mitotic Cell Cycle (GO:0000086),3.296120046470474e-05,11.436335403726709,118.02503340779415,CCNA2;CCNB1;MELK;CDK1;FOXM1;AURKA,0.0007553221571278114
72,Regulation Of Mitotic Nuclear Division (GO:0007088),3.483326239619892e-05,8.732977303070761,89.64346892702947,CCNB1;CDCA2;CHEK1;NUSAP1;NEK2;MKI67;AURKA,0.000787134971091884
73,Bundle Of His cell-Purkinje Myocyte Adhesion Involved In Cell Communication (GO:0086073),4.26525274897088e-05,90.78461538461538,913.5132949096353,DSP;JUP;DSG2,0.0009506255099418659
74,Regulation Of Cyclin-Dependent Protein Serine/Threonine Kinase Activity (GO:0000079),4.558727750256135e-05,6.901760563380281,68.98918337290864,CCNA2;CCNB2;CCNB1;CCNE2;CCNE1;CDKN2A;CDC6;CDKN3,0.0010023040607657747
75,Epithelium Development (GO:0060429),4.8827017366410405e-05,4.738898325649115,47.04411828905809,STIL;KRT17;KRT16;AKR1C1;KRT15;KRT14;TIMELESS;CDK1;KRT13;SIX1;KRT6A,0.0010592207634019964
76,Establishment Of Chromosome Localization (GO:0051303),6.24329548833668e-05,24.274074074074075,235.0074406546943,CENPF;KIF2C;FAM83D;NDC80,0.0013365581262531287
77,Extracellular Matrix Disassembly (GO:0022617),7.75970932745085e-05,9.627656096763648,91.11595042002851,MMP12;MMP11;MMP1;CTSV;MMP9;MMP10,0.0016396165033457837
78,Mitotic Chromosome Condensation (GO:0007076),8.403814983212967e-05,22.0662177328844,207.0746764238106,CDCA5;NUSAP1;NCAPG;NCAPH,0.0016719883795846295
79,CENP-A Containing Chromatin Assembly (GO:0034080),8.426739221016572e-05,60.52,567.7693225571054,CENPW;HJURP;OIP5,0.0016719883795846295
80,Regulation Of Mitotic Cytokinesis (GO:1902412),8.426739221016572e-05,60.52,567.7693225571054,BIRC5;CDCA8;AURKB,0.0016719883795846295
81,Cardiac Muscle Cell-Cardiac Muscle Cell Adhesion (GO:0086042),8.426739221016572e-05,60.52,567.7693225571054,DSP;JUP;DSG2,0.0016719883795846295
82,Chromatin Remodeling At Centromere (GO:0031055),8.426739221016572e-05,60.52,567.7693225571054,CENPW;HJURP;OIP5,0.0016719883795846295
83,Double-Strand Break Repair Via Homologous Recombination (GO:0000724),8.96917204887007e-05,5.4130555043333946,50.444979284635416,RAD51AP1;GINS2;FEN1;RMI2;CDC45;RAD51;MCM7;MCM4;MCM2,0.0017581738462062173
84,Cellular Component Disassembly (GO:0022411),0.00010017099594376427,9.145341614906833,84.2160842831755,MMP12;MMP11;MMP1;CTSV;MMP9;MMP10,0.001940216790482196
85,DNA Replication Checkpoint Signaling (GO:0000076),0.00014277673045623616,18.66951566951567,165.30415722419514,CDT1;CDC45;TIMELESS;CDC6,0.0026045464489051155
86,Regulation Of Ubiquitin Protein Ligase Activity (GO:1904666),0.00014277673045623616,18.66951566951567,165.30415722419514,CDC20;UBE2C;UBE2S;MAD2L1,0.0026045464489051155
87,Regulation Of Mitotic Metaphase/Anaphase Transition (GO:0030071),0.00014350415149712504,8.505994511050122,75.27079234659612,CDC20;CENPE;CCNB1;UBE2C;CDC6;DLGAP5,0.0026045464489051155
88,Regulation Of Chromosome Condensation (GO:0060623),0.0001456753084513617,45.387692307692305,400.96078911259474,NCAPG2;NCAPG;NCAPH,0.0026045464489051155
89,Intermediate Filament Bundle Assembly (GO:0045110),0.0001456753084513617,45.387692307692305,400.96078911259474,KRT14;NEFL;PKP1,0.0026045464489051155
90,Negative Regulation Of DNA-templated DNA Replication (GO:2000104),0.0001456753084513617,45.387692307692305,400.96078911259474,CDT1;GMNN;TIMELESS,0.0026045464489051155
91,Positive Regulation Of Chromosome Condensation (GO:1905821),0.0001456753084513617,45.387692307692305,400.96078911259474,NCAPG2;NCAPG;NCAPH,0.0026045464489051155
92,Chromosome Condensation (GO:0030261),0.0001610439176763506,11.2630432289875,98.36954369738781,TOP2A;CDCA5;NUSAP1;NCAPG;NCAPH,0.0028480266745589396
93,Gland Development (GO:0048732),0.0002101441017984753,6.380945738596736,54.032043112196064,SOX2;UGT1A10;MDK;SIX1;UGT1A9;UGT1A8;UGT1A7,0.0036763919744744016
94,Negative Regulation Of Cell Cycle Process (GO:0010948),0.00021663482070997817,10.485214049322089,88.46687003244953,CHEK1;NEK2;AURKB;E2F7;E2F8,0.003749626098884409
95,Regulation Of Mitotic Centrosome Separation (GO:0046602),0.00023024917435066517,36.30830769230769,304.1310375401783,CHEK1;NEK2;KIF11,0.0038226061904952273
96,Regulation Of Mitotic Sister Chromatid Segregation (GO:0033047),0.00023024917435066517,36.30830769230769,304.1310375401783,CCNB1;CDK1;AURKB,0.0038226061904952273
97,Bundle Of His Cell To Purkinje Myocyte Communication (GO:0086069),0.00023024917435066517,36.30830769230769,304.1310375401783,DSP;JUP;DSG2,0.0038226061904952273
98,Positive Regulation Of Ubiquitin Protein Ligase Activity (GO:1904668),0.00023024917435066517,36.30830769230769,304.1310375401783,CDC20;UBE2C;UBE2S,0.0038226061904952273
99,Positive Regulation Of Mitotic Nuclear Division (GO:0045840),0.0002493744445661445,10.135190918472652,84.08716886655105,CDC20;UBE2C;NUSAP1;DLGAP5;AURKA,0.0040983052657486575
100,DNA Replication Initiation (GO:0006270),0.00034092042479897804,14.273783587509078,113.95991076224547,CDC45;MCM7;MCM10;MCM2,0.005546775311479372
101,Positive Regulation Of DNA-templated DNA Replication (GO:2000105),0.0004814903192468457,25.931868131868132,198.0838014881657,CDT1;E2F7;E2F8,0.007680242641319784
102,Positive Regulation Of Attachment Of Spindle Microtubules To Kinetochore (GO:0051987),0.0004814903192468457,25.931868131868132,198.0838014881657,CCNB1;BIRC5;CDCA8,0.007680242641319784
103,Hepaticobiliary System Development (GO:0061008),0.0004915293758381061,12.769980506822613,97.28156914679319,UGT1A10;UGT1A9;UGT1A8;UGT1A7,0.007764255286297074
104,DNA Integrity Checkpoint Signaling (GO:0031570),0.0005950070141901176,8.214793741109531,61.01075857285188,CDT1;CDC45;CHEK1;TIMELESS;CDC6,0.009219775353212584
105,Keratinocyte Differentiation (GO:0030216),0.0005950070141901176,8.214793741109531,61.01075857285188,DSP;SPRR3;KRT16;SPRR1A;SPRR1B,0.009219775353212584
106,Regulation Of Double-Strand Break Repair (GO:2000779),0.0006099480777859879,5.274297142417599,39.04106856486592,RAD51AP1;RAD51;FIGNL1;CHEK1;TIMELESS;TWIST1;FOXM1,0.00936212757130002
107,Regulation Of Ventricular Cardiac Muscle Cell Action Potential (GO:0098911),0.0006540252599927871,22.689230769230768,166.3657121171417,DSP;JUP;DSG2,0.009762377045947382
108,Positive Regulation Of Metaphase/Anaphase Transition Of Cell Cycle (GO:1902101),0.0006540252599927871,22.689230769230768,166.3657121171417,CDC20;UBE2C;DLGAP5,0.009762377045947382
109,Positive Regulation Of Mitotic Metaphase/Anaphase Transition (GO:0045842),0.0006540252599927871,22.689230769230768,166.3657121171417,CDC20;UBE2C;DLGAP5,0.009762377045947382
110,Positive Regulation Of Cell Division (GO:0051781),0.0006643577036684796,7.998207593286622,58.520404261573916,RACGAP1;KIF14;KIF23;CDC6;ECT2,0.009826454398805603
111,Positive Regulation Of DNA Biosynthetic Process (GO:2000573),0.0006806932436282621,6.19423097168123,45.17080252452644,GREM1;GINS1;GINS2;RFC4;NEK2;AURKB,0.009940427909198768
112,Mitotic Cell Cycle Checkpoint Signaling (GO:0007093),0.0006842826833621771,11.552616108171664,84.1855245457638,DEPDC1B;CHEK1;AURKB;ZWINT,0.009940427909198768
113,Regulation Of DNA Recombination (GO:0000018),0.0007395837850343656,7.79272842740335,56.181075422135244,RAD51AP1;RAD51;FIGNL1;CHEK1;KPNA2,0.010648697506645245
114,Regulation Of Chromosome Separation (GO:1905818),0.0008614730247349801,20.16717948717949,142.31709966433226,NCAPG2;NCAPG;NCAPH,0.011778290850788341
115,DNA Strand Elongation (GO:0022616),0.0008614730247349801,20.16717948717949,142.31709966433226,RFC4;MCM7;MCM4,0.011778290850788341
116,DNA Strand Elongation Involved In DNA Replication (GO:0006271),0.0008614730247349801,20.16717948717949,142.31709966433226,RFC4;MCM7;MCM4,0.011778290850788341
117,Histone Monoubiquitination (GO:0010390),0.0008614730247349801,20.16717948717949,142.31709966433226,DEPDC1B;RAD51;UHRF1,0.011778290850788341
118,Positive Regulation Of DNA-directed DNA Polymerase Activity (GO:1900264),0.0008614730247349801,20.16717948717949,142.31709966433226,GINS1;GINS2;RFC4,0.011778290850788341
119,Regulation Of DNA-directed DNA Polymerase Activity (GO:1900262),0.0008614730247349801,20.16717948717949,142.31709966433226,GINS1;GINS2;RFC4,0.011778290850788341
120,Peptide Cross-Linking (GO:0018149),0.000925163370742882,10.546967257112184,73.67626396332297,DSP;COL3A1;SPRR1A;SPRR1B,0.012543673368322242
121,Regulation Of Double-Strand Break Repair Via Homologous Recombination (GO:0010569),0.0010873592022409453,5.620735785953177,38.35591939769148,RAD51AP1;RMI2;RAD51;FIGNL1;CHEK1;TIMELESS,0.014400421283766597
122,Kidney Development (GO:0001822),0.0010873592022409453,5.620735785953177,38.35591939769148,TFAP2A;HELLS;CENPF;SIX1;SULF1;SOX4,0.014400421283766597
123,Cellular Response To Radiation (GO:0071478),0.001105472102199736,7.066383468932249,48.10428387663694,RAD51AP1;DEPDC1B;RAD51;FIGNL1;ECT2,0.014400421283766597
124,Regulation Of DNA Binding (GO:0051101),0.001105472102199736,7.066383468932249,48.10428387663694,CDT1;HJURP;HMGA2;MMP9;NME1,0.014400421283766597
125,Glomerular Filtration (GO:0003094),0.001106363036552443,18.149538461538462,123.53804939942138,SULF1;IGHA1;IGHA2,0.014400421283766597
126,Antimicrobial Humoral Response (GO:0019730),0.001301884859456852,4.590928884869192,30.50186603006337,IGHM;CXCL13;IGHA1;CXCL14;IGHA2;GAPDH;KRT6A,0.01681084655822459
127,Regulation Of Cell Cycle (GO:0051726),0.001356845257335772,2.807362851573378,18.535874136926264,CDT1;CDKN2A;GMNN;HMGA2;FOXM1;CKS1B;CDC20;FIGNL1;CHEK1;PRR11;DLGAP5;CDKN3;MCM2,0.017382576643191348
128,Regulation Of Exit From Mitosis (GO:0007096),0.0013910728044298608,16.49874125874126,108.52344086108677,UBE2C;CDCA5;KNTC1,0.01754477095199522
129,Embryonic Cranial Skeleton Morphogenesis (GO:0048701),0.0013910728044298608,16.49874125874126,108.52344086108677,TFAP2A;SIX1;TWIST1,0.01754477095199522
130,Regulation Of Apoptotic Process (GO:0042981),0.0014402638003421706,2.099754819479833,13.73854667499698,TOP2A;TFAP2A;EGLN3;STIL;IGFBP3;KIF14;HMGA2;MMP9;NME1;MLLT11;GREM1;GCLC;MELK;SIX4;FIGNL1;ANP32E;CDK1;BIRC5;PRAME;ECT2;SOX4;MAD2L1;MCM2,0.01802545540889778
131,"Negative Regulation Of Gene Expression, Epigenetic (GO:0045814)",0.001457119086030728,6.604522815991385,43.13608038220924,HELLS;UHRF1;CHEK1;HMGA2;EZH2,0.01809719658757248
132,Endodermal Cell Differentiation (GO:0035987),0.0015754278955615439,8.98262459990855,57.966927850226675,COL11A1;COL12A1;HMGA2;MMP9,0.019315206526151003
133,Cell Cycle G1/S Phase Transition (GO:0044843),0.0015908037335612994,6.46367169488176,41.64877132324237,CCNA2;CCNE2;CCNE1;EIF4EBP1;CDKN3,0.019315206526151003
134,Cellular Response To Ionizing Radiation (GO:0071479),0.0015908037335612994,6.46367169488176,41.64877132324237,RAD51AP1;DEPDC1B;RAD51;FIGNL1;ECT2,0.019315206526151003
135,Renal Filtration (GO:0097205),0.0017178331603690151,15.123076923076923,96.2839664016107,SULF1;IGHA1;IGHA2,0.020511788839571495
136,Negative Regulation Of DNA Replication (GO:0008156),0.0017178331603690151,15.123076923076923,96.2839664016107,CDT1;GMNN;CDC6,0.020511788839571495
137,Regulation Of Neuron Apoptotic Process (GO:0043523),0.0017271758273025783,4.355585224744103,27.70704349225909,TFAP2A;EGLN3;SIX4;PTPRZ1;MDK;KIF14;SIX1,0.020511788839571495
138,DNA Damage Response (GO:0006974),0.0017921978688828057,2.5069482324216215,15.854724175076731,TOP2A;RMI2;FEN1;RFC4;MCM7;MCM10;RAD51AP1;DEPDC1B;RAD51;EXO1;UBE2T;POLE2;CHEK1;TIMELESS;CDK1,0.0211297531353067
139,Epidermal Cell Differentiation (GO:0009913),0.0018848994703979847,6.19921652871675,38.89314549788657,DSP;SPRR3;KRT16;SPRR1A;SPRR1B,0.022062816103147632
140,Wound Healing (GO:0042060),0.0020180640183464346,4.934866543562196,30.623889908774725,DSP;MMP12;SPRR3;COL3A1;DST;KRT6A,0.02345278684178321
141,Positive Regulation Of Wnt Signaling Pathway (GO:0030177),0.0021392903820922557,4.1839227902999205,25.71974950142282,COL1A1;DEPDC1B;CDH3;JUP;SULF1;SOX4;LGR4,0.02468528689123475
142,Establishment Of Mitotic Spindle Localization (GO:0040001),0.002234183635506116,8.08312757201646,49.338435724035385,NUSAP1;CENPA;NDC80;MAD2L1,0.025598709682876412
143,Regulation Of Cell Division (GO:0051302),0.0024334341294425374,4.7418730337985,28.538734282810395,KIF18B;PRC1;KIF20A;TP63;AURKB;AURKA,0.0272404192908151
144,Regulation Of G2/M Transition Of Mitotic Cell Cycle (GO:0010389),0.0024902890614579972,7.821983273596177,46.8955781551191,CCNB1;CENPF;KIF14;CDK1,0.0272404192908151
145,Regulation Of Single Stranded Viral RNA Replication Via Double Stranded DNA Intermediate (GO:0045091),0.0025057259929933194,12.961318681318682,77.62762874010184,TOP2A;HMGA2;APOBEC3B,0.0272404192908151
146,Microtubule Depolymerization (GO:0007019),0.0025057259929933194,12.961318681318682,77.62762874010184,KIF18B;KIF14;KIF2C,0.0272404192908151
147,Negative Regulation Of Ubiquitin-Protein Transferase Activity (GO:0051444),0.0025057259929933194,12.961318681318682,77.62762874010184,CDC20;BUB1B;MAD2L1,0.0272404192908151
148,Renal System Development (GO:0072001),0.0025895822323469043,5.730182837782581,34.13045147487108,TFAP2A;HELLS;CENPF;SIX1;SULF1,0.0272404192908151
149,Centromeric Sister Chromatid Cohesion (GO:0070601),0.0025951229195306335,40.22290388548057,239.4920526197763,BUB1B;BUB1,0.0272404192908151
150,Coumarin Metabolic Process (GO:0009804),0.0025951229195306335,40.22290388548057,239.4920526197763,UGT1A8;UGT1A7,0.0272404192908151
151,Hepatocyte Differentiation (GO:0070365),0.0025951229195306335,40.22290388548057,239.4920526197763,E2F7;E2F8,0.0272404192908151
152,Negative Regulation Of Cytokinesis (GO:0032466),0.0025951229195306335,40.22290388548057,239.4920526197763,E2F7;E2F8,0.0272404192908151
153,Negative Regulation Of Gene Expression Via CpG Island Methylation (GO:0044027),0.0025951229195306335,40.22290388548057,239.4920526197763,HELLS;UHRF1,0.0272404192908151
154,Positive Regulation Of Animal Organ Morphogenesis (GO:0110110),0.0025951229195306335,40.22290388548057,239.4920526197763,SIX4;SIX1,0.0272404192908151
155,Positive Regulation Of Mitotic Cytokinesis (GO:1903490),0.0025951229195306335,40.22290388548057,239.4920526197763,BIRC5;CDCA8,0.0272404192908151
156,Negative Regulation Of Apoptotic Process (GO:0043066),0.002679323904318681,2.257850153856792,13.371419388163268,TFAP2A;STIL;KIF14;HMGA2;SIX1;MMP9;GREM1;GCLC;PTPRZ1;SIX4;MDK;FIGNL1;CDK1;BIRC5;PRAME;MAGEA3;MAD2L1,0.027943974309785218
157,Positive Regulation Of Cell Population Proliferation (GO:0008284),0.002736690771933065,2.2528876806094145,13.294303351053363,SLC35F6;HILPDA;KIF14;HMGA2;TTK;FOXM1;PTHLH;NME1;CCNA2;GREM1;MDK;PRC1;BIRC5;PRAME;SOX4;EZH2;KRT6A,0.028360483349905076
158,Regulation Of Cell Cycle G2/M Phase Transition (GO:1902749),0.0029706318754520963,12.096615384615385,70.38997020178783,CENPF;KIF14;AURKA,0.030589987730130132
159,Regulation Of Insulin-Like Growth Factor Receptor Signaling Pathway (GO:0043567),0.003485144646761055,11.34,64.1758465793809,CDH3;IGFBP3;IGFBP2,0.03543956462675147
160,Regulation Of Nuclear Division (GO:0051783),0.003485144646761055,11.34,64.1758465793809,CDCA2;NEK2;MKI67,0.03543956462675147
161,Retina Homeostasis (GO:0001895),0.003716389191322813,6.92663139329806,38.75452155225757,IGHG3;CDH3;IGHA1;IGHA2,0.03729081622265202
162,Negative Regulation Of Nucleic Acid-Templated Transcription (GO:1903507),0.003716944533152134,2.2414918414918414,12.540818049281537,TFAP2A;CDKN2A;GMNN;HMGA1;TWIST1;HMGA2;FOXM1;CENPF;GCLC;SIX4;DEPDC1;TIMELESS;BIRC5;PRAME;TP63;EZH2,0.03729081622265202
163,Desmosome Organization (GO:0002934),0.0038505575448097968,30.165644171779142,167.70702468557477,DSP;JUP,0.03729081622265202
164,Free Ubiquitin Chain Polymerization (GO:0010994),0.0038505575448097968,30.165644171779142,167.70702468557477,UBE2C;UBE2S,0.03729081622265202
165,Gap Junction Assembly (GO:0016264),0.0038505575448097968,30.165644171779142,167.70702468557477,GJB2;GJB6,0.03729081622265202
166,Negative Regulation Of Retinoic Acid Receptor Signaling Pathway (GO:0048387),0.0038505575448097968,30.165644171779142,167.70702468557477,PRAME;EZH2,0.03729081622265202
167,Negative Regulation Of Steroid Metabolic Process (GO:0045939),0.0038505575448097968,30.165644171779142,167.70702468557477,UGT1A10;UGT1A8,0.03729081622265202
168,Positive Regulation Of Spindle Assembly (GO:1905832),0.0038505575448097968,30.165644171779142,167.70702468557477,STIL;SPAG5,0.03729081622265202
169,Positive Regulation Of Cell Cycle G1/S Phase Transition (GO:1902808),0.0040767973839640394,6.733882030178327,37.052805768433764,STIL;RRM2;FAM83D;EZH2,0.03924822096869522
170,Negative Regulation Of Programmed Cell Death (GO:0043069),0.004337545853545932,2.345320120099273,12.75958878498642,TFAP2A;STIL;KIF14;HMGA2;SLC7A11;MMP9;GREM1;GCLC;SIX4;FIGNL1;CDK1;BIRC5;PRAME;MAD2L1,0.041512865315995476
171,Positive Regulation Of Cellular Process (GO:0048522),0.004505647526765498,2.0421725059800195,11.03268107047884,SLC35F6;SPAG5;HILPDA;KIF14;TWIST1;TTK;FOXM1;PTHLH;GREM1;CDH3;MDK;PRC1;CHEK1;BIRC5;PRAME;TNPO1;SOX4;EZH2;KRT6A,0.04286952354413723
172,Anaphase-Promoting Complex-Dependent Catabolic Process (GO:0031145),0.004669156876279765,10.078974358974358,54.0916053948153,CDC20;UBE2C;UBE2S,0.044166966498297544
173,DNA Recombination (GO:0006310),0.0048669569054369385,6.378817413905133,33.96902963900571,RMI2;RAD51;EXO1;HMGB3,0.04577190107020751
174,Sulfur Amino Acid Transport (GO:0000101),0.00533251757161215,24.131288343558282,126.30151773632029,SLC7A5;SLC7A11,0.04801401215329739
175,Kidney Mesenchyme Development (GO:0072074),0.00533251757161215,24.131288343558282,126.30151773632029,SIX4;SIX1,0.04801401215329739
176,Positive Regulation Of Attachment Of Mitotic Spindle Microtubules To Kinetochore (GO:1902425),0.00533251757161215,24.131288343558282,126.30151773632029,BIRC5;CDCA8,0.04801401215329739
177,Positive Regulation Of Epithelial Tube Formation (GO:1905278),0.00533251757161215,24.131288343558282,126.30151773632029,SIX4;SIX1,0.04801401215329739
178,Positive Regulation Of Oligodendrocyte Differentiation (GO:0048714),0.00533251757161215,24.131288343558282,126.30151773632029,PTPRZ1;MDK,0.04801401215329739
179,Protein K27-linked Ubiquitination (GO:0044314),0.00533251757161215,24.131288343558282,126.30151773632029,UBE2S;UBE2T,0.04801401215329739
180,Regulation Of Attachment Of Mitotic Spindle Microtubules To Kinetochore (GO:1902423),0.00533251757161215,24.131288343558282,126.30151773632029,BIRC5;CDCA8,0.04801401215329739
181,Regulation Of Neural Precursor Cell Proliferation (GO:2000177),0.005341448186691351,9.548016194331984,49.957688573625845,PTPRZ1;MDK;SHCBP1,0.04801401215329739
182,Endocrine System Development (GO:0035270),0.006068938553536217,9.070153846153847,46.2992493390908,SOX2;MDK;SIX1,0.05395717500876189
183,Positive Regulation Of Morphogenesis Of An Epithelium (GO:1905332),0.006068938553536217,9.070153846153847,46.2992493390908,SIX4;MDK;SIX1,0.05395717500876189
184,Cell-Cell Junction Assembly (GO:0007043),0.006194282741008822,4.598461394127029,23.379168864135703,GJB2;CDH3;JUP;GJB6;PKP1,0.054772271845768224
185,Chromosome Organization (GO:0051276),0.006235090931516451,5.911171333935561,30.014339625857065,TOP2A;CENPW;NUF2;CDCA8,0.05483509700312035
186,Response To Ionizing Radiation (GO:0010212),0.006569220539142722,4.529596599048103,22.762853985899337,RAD51AP1;DEPDC1B;RAD51;FIGNL1;ECT2,0.05746302052250113
187,Antigen Receptor-Mediated Signaling Pathway (GO:0050851),0.006675411016704649,3.356023254102583,16.811409512887213,IGHG3;IGHG4;IGHM;IGHG1;IGHD;IGHA1;IGHA2,0.05773579733896722
188,Epithelial Cell Migration (GO:0010631),0.006742348798035509,5.770135214579659,28.846907761517873,ANLN;FERMT1;S100A2;KRT16,0.05773579733896722
189,Mitotic G2/M Transition Checkpoint (GO:0044818),0.006742348798035509,5.770135214579659,28.846907761517873,DEPDC1B;CHEK1;CDK1;CDC6,0.05773579733896722
190,Negative Regulation Of Cellular Metabolic Process (GO:0031324),0.006742348798035509,5.770135214579659,28.846907761517873,TFAP2A;TWIST1;HMGA2;UGT1A8,0.05773579733896722
191,Ear Morphogenesis (GO:0042471),0.006852751576843342,8.637802197802198,43.0430754704317,TFAP2A;SIX1;TWIST1,0.05837396238494302
192,Regulation Of Sister Chromatid Cohesion (GO:0007063),0.007033281039053869,20.10838445807771,99.6793120578604,FEN1;BUB1,0.05838340944153391
193,Constitutive Heterochromatin Formation (GO:0140719),0.007033281039053869,20.10838445807771,99.6793120578604,HELLS;EZH2,0.05838340944153391
194,Skin Morphogenesis (GO:0043589),0.007033281039053869,20.10838445807771,99.6793120578604,COL1A1;COL1A2,0.05838340944153391
195,Positive Regulation Of Respiratory Burst (GO:0060267),0.007033281039053869,20.10838445807771,99.6793120578604,IGHA1;IGHA2,0.05838340944153391
196,Protein K29-linked Ubiquitination (GO:0035519),0.007033281039053869,20.10838445807771,99.6793120578604,UBE2S;UBE2T,0.05838340944153391
197,Protein Modification Process (GO:0036211),0.007087386054211004,1.8818014445545956,9.313860871052883,ERO1A;DSP;EGLN3;IGFBP3;CDCA8;PLOD2;AURKB;AURKA;CCNA2;COL3A1;MELK;PTPRZ1;CCNE1;UBE2S;CHEK1;CDK1;BIRC5;NEK2;SPRR1A;SPRR1B;PDK1,0.058533893960412704
198,Regulation Of Signal Transduction By P53 Class Mediator (GO:1901796),0.007276185740336748,5.635658914728682,27.745185680954112,CHEK1;AURKB;SOX4;AURKA,0.05933138191675227
199,Positive Regulation Of Epithelial To Mesenchymal Transition (GO:0010718),0.007276185740336748,5.635658914728682,27.745185680954112,COL1A1;MDK;TWIST1;EZH2,0.05933138191675227
200,Regulation Of Canonical Wnt Signaling Pathway (GO:0060828),0.007337737619606006,2.774864633798803,13.63769578285499,SOX2;COL1A1;GREM1;CDH3;JUP;MDK;IGFBP2;SOX4;LGR4,0.05933138191675227
201,Negative Regulation Of Neuron Apoptotic Process (GO:0043524),0.007366280975527939,4.397855251940594,21.597173674216627,SIX4;PTPRZ1;MDK;KIF14;SIX1,0.05933138191675227
202,Regulation Of Cell Cycle G1/S Phase Transition (GO:1902806),0.007366280975527939,4.397855251940594,21.597173674216627,SOX2;CDKN2A;KIF14;FAM83D;EZH2,0.05933138191675227
203,Regulation Of Chondrocyte Differentiation (GO:0032330),0.007693909128973609,8.244755244755245,40.12991391913113,GREM1;MDK;PTHLH,0.061664976122364844
204,Negative Regulation Of Cellular Process (GO:0048523),0.007751235458819264,2.0132574820677713,9.784236145889594,TFAP2A;CDT1;ADAMDEC1;CDKN2A;IGFBP3;GMNN;HMGA1;CDC6;PTHLH;NME1;MDK;PRAME;IRF6;E2F7;SOX4;APOBEC3B;CDKN3,0.06181990240930854
205,Regulation Of Cardiac Muscle Cell Contraction (GO:0086004),0.008593335176783864,7.885886287625418,37.51133434898023,DSP;JUP;DSG2,0.06820173820793828
206,Positive Regulation Of RNA Biosynthetic Process (GO:1902680),0.008945316962214837,17.234881682734443,81.29047602428457,TOP2A;GINS2,0.07030932704117653
207,Protein K6-linked Ubiquitination (GO:0085020),0.008945316962214837,17.234881682734443,81.29047602428457,UBE2S;UBE2T,0.07030932704117653
208,Microtubule Polymerization Or Depolymerization (GO:0031109),0.009551859491643019,7.556923076923077,35.14739607898757,KIF18B;KIF14;KIF2C,0.07400416853763425
209,Positive Regulation Of Mitotic Cell Cycle (GO:0045931),0.009551859491643019,7.556923076923077,35.14739607898757,CCNB1;EIF4EBP1;AURKA,0.07400416853763425
210,Positive Regulation Of Ubiquitin-Protein Transferase Activity (GO:0051443),0.009551859491643019,7.556923076923077,35.14739607898757,CDC20;UBE2C;UBE2S,0.07400416853763425
211,Positive Regulation Of Cytoskeleton Organization (GO:0051495),0.009648982972725508,4.09965693247427,19.026109175484905,STIL;BAIAP2L1;CTTN;SPAG5;PFN2,0.07440234737736684
212,Positive Regulation Of Protein Kinase Activity (GO:0045860),0.010094707620158131,3.0867759266784054,14.186031914972094,CCNA2;TPX2;CENPE;KIF14;HMGA2;ECT2;EZH2,0.07747211933017585
213,Negative Regulation Of Cell Population Proliferation (GO:0008285),0.010155708102306236,2.1769277474195508,9.991487421026633,TFAP2A;CDKN2A;IGFBP3;HMGA1;CDC6;PTHLH;NME1;SOX2;GREM1;IRF6;E2F7;SOX4;CDKN3,0.0775743524997758
214,Negative Regulation Of G2/M Transition Of Mitotic Cell Cycle (GO:0010972),0.010570221259653102,7.254276923076923,33.00488924143018,DEPDC1B;CHEK1;AURKB,0.07961921291414628
215,Protein Depolymerization (GO:0051261),0.010570221259653102,7.254276923076923,33.00488924143018,KIF18B;KIF14;KIF2C,0.07961921291414628
216,Regulation Of Cardiac Muscle Cell Action Potential (GO:0098901),0.010570221259653102,7.254276923076923,33.00488924143018,DSP;JUP;DSG2,0.07961921291414628
217,Negative Regulation Of DNA-templated Transcription (GO:0045892),0.010662078197066325,1.6784332785171672,7.621869457118642,MAGEA12;UHRF1;GMNN;TWIST1;FOXM1;AURKB;SOX2;SIX4;PRAME;MAGEA3;E2F7;SOX4;TP63;E2F8;TFAP2A;BCL11A;CDKN2A;CBX2;HMGA1;HMGA2;CENPF;GCLC;DEPDC1;MAGED4;TIMELESS;BIRC5;EZH2,0.07994101947754337
218,Regulation Of Chromatin Binding (GO:0035561),0.01106128119168359,15.079754601226995,67.92380574738591,CDT1;GMNN,0.080702710757261
219,Regulation Of Respiratory Burst (GO:0060263),0.01106128119168359,15.079754601226995,67.92380574738591,IGHA1;IGHA2,0.080702710757261
220,Cellular Response To UV-A (GO:0071492),0.01106128119168359,15.079754601226995,67.92380574738591,MMP1;MMP9,0.080702710757261
221,Meiotic Sister Chromatid Cohesion (GO:0051177),0.01106128119168359,15.079754601226995,67.92380574738591,SGO2;BUB1B,0.080702710757261
222,Metanephric Mesenchyme Development (GO:0072075),0.01106128119168359,15.079754601226995,67.92380574738591,SIX4;SIX1,0.080702710757261
223,Positive Regulation Of Integrin Activation (GO:0033625),0.01106128119168359,15.079754601226995,67.92380574738591,FERMT1;CXCL13,0.080702710757261
224,Regulation Of Developmental Growth (GO:0048638),0.011649072579989327,6.97491124260355,31.055992550468634,SIX4;CTTN;SIX1,0.08312737319141507
225,Establishment Of Mitotic Spindle Orientation (GO:0000132),0.011649072579989327,6.97491124260355,31.055992550468634,CENPA;NDC80;MAD2L1,0.08312737319141507
226,Heterotypic Cell-Cell Adhesion (GO:0034113),0.011649072579989327,6.97491124260355,31.055992550468634,DSP;JUP;DSG2,0.08312737319141507
227,Morphogenesis Of An Epithelium (GO:0002009),0.011649072579989327,6.97491124260355,31.055992550468634,KRT16;TIMELESS;KRT6A,0.08312737319141507
228,Protein K11-linked Ubiquitination (GO:0070979),0.011649072579989327,6.97491124260355,31.055992550468634,UBE2C;UBE2S;UBE2T,0.08312737319141507
229,Regulation Of Epithelial To Mesenchymal Transition (GO:0010717),0.011793602058387349,3.8886242756211797,17.266262092987212,GREM1;COL1A1;MDK;TWIST1;EZH2,0.08348730794948514
230,Negative Regulation Of Protein Ubiquitination (GO:0031397),0.011802139415108532,4.8449382716049385,21.508979705339012,CDC20;BUB1B;SOX4;MAD2L1,0.08348730794948514
231,Embryonic Skeletal System Morphogenesis (GO:0048704),0.01278898185720458,6.716239316239316,29.277237477565446,TFAP2A;SIX1;TWIST1,0.08881435953288755
232,Mitotic G2 DNA Damage Checkpoint Signaling (GO:0007095),0.01278898185720458,6.716239316239316,29.277237477565446,DEPDC1B;CHEK1;CDK1,0.08881435953288755
233,Positive Regulation Of Canonical Wnt Signaling Pathway (GO:0090263),0.012978437056141994,3.791021671826625,16.469964707925204,COL1A1;CDH3;JUP;SOX4;LGR4,0.08881435953288755
234,Regulation Of Reactive Oxygen Species Metabolic Process (GO:2000377),0.013363517179822329,4.6581196581196584,20.10084317554906,TFAP2A;AKR1C1;SORD;FOXM1,0.08881435953288755
235,Positive Regulation Of Cellular Metabolic Process (GO:0031325),0.013363517179822329,4.6581196581196584,20.10084317554906,CCNB1;AKR1C1;SORD;CDK1,0.08881435953288755
236,AMP Metabolic Process (GO:0046033),0.013374012345149016,13.403544648943422,57.82881373423379,SORD;AK4,0.08881435953288755
237,Epithelial Cell-Cell Adhesion (GO:0090136),0.013374012345149016,13.403544648943422,57.82881373423379,DSP;JUP,0.08881435953288755
238,Exit From Mitosis (GO:0010458),0.013374012345149016,13.403544648943422,57.82881373423379,UBE2C;UBE2S,0.08881435953288755
239,Vitamin D Metabolic Process (GO:0042359),0.013374012345149016,13.403544648943422,57.82881373423379,UGT1A4;UGT1A6,0.08881435953288755
240,Histone H2A Ubiquitination (GO:0033522),0.013374012345149016,13.403544648943422,57.82881373423379,DEPDC1B;RAD51,0.08881435953288755
241,Negative Regulation Of Cell Division (GO:0051782),0.013374012345149016,13.403544648943422,57.82881373423379,E2F7;E2F8,0.08881435953288755
242,Positive Regulation Of Branching Involved In Ureteric Bud Morphogenesis (GO:0090190),0.013374012345149016,13.403544648943422,57.82881373423379,SIX4;SIX1,0.08881435953288755
243,Positive Regulation Of Keratinocyte Proliferation (GO:0010838),0.013374012345149016,13.403544648943422,57.82881373423379,CDH3;MDK,0.08881435953288755
244,Positive Regulation Of Muscle Contraction (GO:0045933),0.013374012345149016,13.403544648943422,57.82881373423379,CTTN;NMU,0.08881435953288755
245,Regulation Of Cell Cycle Checkpoint (GO:1901976),0.013374012345149016,13.403544648943422,57.82881373423379,DEPDC1B;RAD51,0.08881435953288755
246,Positive Regulation Of G1/S Transition Of Mitotic Cell Cycle (GO:1900087),0.013990437117911281,6.476043956043956,27.648700612697045,STIL;RRM2;CDC6,0.09253024874325877
247,Negative Regulation Of Neuron Death (GO:1901215),0.014902454874010148,3.653437278525868,15.367195010518383,SIX4;PTPRZ1;MDK;KIF14;SIX1,0.09816313392718425
248,Regulation Of Bone Mineralization (GO:0030500),0.015050479981536474,4.485139460448102,18.821194324528868,CCNA2;GREM1;TFAP2A;TWIST1,0.09873843116919291
249,Regulation Of Metaphase/Anaphase Transition Of Cell Cycle (GO:1902099),0.015253849185992988,6.2524137931034485,26.153367975027688,CENPE;UBE2C;CDC6,0.0988765443251418
250,Regulation Of Ubiquitin-Protein Transferase Activity (GO:0051438),0.015253849185992988,6.2524137931034485,26.153367975027688,CDC20;BUB1B;MAD2L1,0.0988765443251418
251,Heterochromatin Formation (GO:0031507),0.015253849185992988,6.2524137931034485,26.153367975027688,UHRF1;HMGA2;EZH2,0.0988765443251418
252,Protein Localization To Nucleus (GO:0034504),0.015387166498741566,3.1413578924823304,13.11272353218656,COL1A1;MMP12;SIX4;SIX1;KPNA2;TNPO1,0.0993449202121132
253,DNA Conformation Change (GO:0071103),0.015876527833582017,12.062576687116565,49.97421176986037,TOP2A;HMGB3,0.10129847366759978
254,Regulation Of Retinoic Acid Receptor Signaling Pathway (GO:0048385),0.015876527833582017,12.062576687116565,49.97421176986037,PRAME;EZH2,0.10129847366759978
255,Porphyrin-Containing Compound Catabolic Process (GO:0006787),0.015876527833582017,12.062576687116565,49.97421176986037,UGT1A10;UGT1A4,0.10129847366759978
256,Chordate Embryonic Development (GO:0043009),0.01594200510229179,4.403367003367003,18.22464576706644,COL1A1;STIL;SIX4;SULF1,0.10131891523995601
257,Negative Regulation Of Double-Strand Break Repair (GO:2000780),0.01657955481919897,6.043692307692307,24.776630208997414,RMI2;TWIST1;HMGA2,0.10415033085265143
258,Positive Regulation Of DNA Binding (GO:0043388),0.01657955481919897,6.043692307692307,24.776630208997414,TWIST1;MMP9;NME1,0.10415033085265143
259,Positive Regulation Of Telomerase Activity (GO:0051973),0.01657955481919897,6.043692307692307,24.776630208997414,GREM1;NEK2;AURKB,0.10415033085265143
260,Embryonic Skeletal System Development (GO:0048706),0.01796781969629238,5.848436724565757,23.505878482843745,COL1A1;SIX1;SULF1,0.11200629366232837
261,Negative Regulation Of Mitotic Cell Cycle (GO:0045930),0.01796781969629238,5.848436724565757,23.505878482843745,CHEK1;ZWINT;MAD2L1,0.11200629366232837
262,Response To UV-A (GO:0070141),0.018562019942882445,10.965421081985498,43.71516134955577,MMP1;MMP9,0.11396379791347071
263,Heparan Sulfate Proteoglycan Metabolic Process (GO:0030201),0.018562019942882445,10.965421081985498,43.71516134955577,SULF1;HS6ST2,0.11396379791347071
264,Negative Regulation Of Cartilage Development (GO:0061037),0.018562019942882445,10.965421081985498,43.71516134955577,GREM1;PTHLH,0.11396379791347071
265,Protein Hydroxylation (GO:0018126),0.018562019942882445,10.965421081985498,43.71516134955577,EGLN3;PLOD2,0.11396379791347071
266,Endoderm Formation (GO:0001706),0.019418841370616842,5.665384615384616,22.330178497638432,COL12A1;HMGA2;MMP9,0.11833129179772885
267,Establishment Of Spindle Orientation (GO:0051294),0.019418841370616842,5.665384615384616,22.330178497638432,CENPA;NDC80;MAD2L1,0.11833129179772885
268,G1/S Transition Of Mitotic Cell Cycle (GO:0000082),0.01983629990735369,4.103996652019251,16.088658775475984,CCNE2;CCNE1;EIF4EBP1;CDKN3,0.12042410428830021
269,"DNA Damage Response, Signal Transduction By P53 Class Mediator (GO:0030330)",0.02093275208341915,5.493426573426573,21.240005675866783,FOXM1;GTSE1;E2F7,0.12493407607630495
270,Interstrand Cross-Link Repair (GO:0036297),0.02093275208341915,5.493426573426573,21.240005675866783,RAD51AP1;FANCI;RAD51,0.12493407607630495
271,Double-Strand Break Repair (GO:0006302),0.021093857022518234,2.642692672355411,10.197552234078351,RAD51AP1;DEPDC1B;FEN1;RMI2;RAD51;CDCA5;TRIP13,0.12493407607630495
272,Negative Regulation Of Cell Differentiation (GO:0045596),0.02124442091663339,2.446356783919598,9.422536926639347,SOX2;GREM1;COL5A2;SORD;TWIST1;PRAME;SOX4;PTHLH,0.12493407607630495
273,Regulation Of Integrin Activation (GO:0033623),0.02142385201308487,10.051124744376278,38.62898917001889,FERMT1;KIF14,0.12493407607630495
274,Regulation Of Phosphate Metabolic Process (GO:0019220),0.02142385201308487,10.051124744376278,38.62898917001889,MCM7;CD24,0.12493407607630495
275,Histone H2A Monoubiquitination (GO:0035518),0.02142385201308487,10.051124744376278,38.62898917001889,DEPDC1B;RAD51,0.12493407607630495
276,Negative Regulation Of Chondrocyte Differentiation (GO:0032331),0.02142385201308487,10.051124744376278,38.62898917001889,GREM1;PTHLH,0.12493407607630495
277,Negative Regulation Of Single Stranded Viral RNA Replication Via Double Stranded DNA Intermediate (GO:0045869),0.02142385201308487,10.051124744376278,38.62898917001889,HMGA2;APOBEC3B,0.12493407607630495
278,Regulation Of Bone Remodeling (GO:0046850),0.02142385201308487,10.051124744376278,38.62898917001889,GREM1;MDK,0.12493407607630495
279,Regulation Of Branching Involved In Ureteric Bud Morphogenesis (GO:0090189),0.02142385201308487,10.051124744376278,38.62898917001889,SIX4;SIX1,0.12493407607630495
280,Antimicrobial Humoral Immune Response Mediated By Antimicrobial Peptide (GO:0061844),0.02198453168366579,3.9690346083788706,15.151456925885752,CXCL13;CXCL14;GAPDH;KRT6A,0.1272912208161005
281,Positive Regulation Of Cell Cycle (GO:0045787),0.02198453168366579,3.9690346083788706,15.151456925885752,CCNB1;CHEK1;EIF4EBP1;AURKA,0.1272912208161005
282,Negative Regulation Of Transferase Activity (GO:0051348),0.02250962153569463,5.33158371040724,20.227028591412235,CDC20;BUB1B;MAD2L1,0.12986934127154312
283,Negative Regulation Of Endopeptidase Activity (GO:0010951),0.023109833731749598,3.9048187972919157,14.711393297109785,CST1;SERPINB13;GAPDH;SERPINB5,0.13286112891009397
284,Negative Regulation Of Gene Expression (GO:0010629),0.02343396093266125,2.0656830866294587,7.753683970652831,SLC7A5;KRT17;CHEK1;SORD;IGF2BP3;TYMS;NTS;GAPDH;LGR4;EZH2;AURKA,0.13425019168112626
285,Non-Membrane-Bounded Organelle Assembly (GO:0140694),0.024029164151070675,2.822909143434927,10.525180081299581,CENPE;CENPF;CENPW;NEK2;CENPA;DLGAP5,0.1371770178027789
286,Retrograde Axonal Transport (GO:0008090),0.02445555469626988,9.27748938178386,34.4278158912481,DST;NEFL,0.1372040947959693
287,Negative Regulation Of Cation Transmembrane Transport (GO:1904063),0.02445555469626988,9.27748938178386,34.4278158912481,TWIST1;MMP9,0.1372040947959693
288,Negative Regulation Of Epithelial Cell Differentiation (GO:0030857),0.02445555469626988,9.27748938178386,34.4278158912481,SORD;MMP9,0.1372040947959693
289,Oogenesis (GO:0048477),0.02445555469626988,9.27748938178386,34.4278158912481,MDK;TRIP13,0.1372040947959693
290,Protein Localization To Microtubule Organizing Center (GO:1905508),0.02445555469626988,9.27748938178386,34.4278158912481,STIL;SPAG5,0.1372040947959693
291,Cell-Cell Junction Organization (GO:0045216),0.025463915319772663,3.7824074074074074,13.883299588625736,DSP;CDH3;PKP1;DSG2,0.14237041314525814
292,Axonal Transport (GO:0098930),0.02585221864187205,5.034871794871795,18.404263195005992,DST;KIF4A;NEFL,0.1430665296949858
293,Carboxylic Acid Transmembrane Transport (GO:1905039),0.02585221864187205,5.034871794871795,18.404263195005992,SLC7A5;SLC6A8;SLC7A11,0.1430665296949858
294,Heterochromatin Organization (GO:0070828),0.02585221864187205,5.034871794871795,18.404263195005992,UHRF1;HMGA2;EZH2,0.1430665296949858
295,Regulation Of Osteoblast Proliferation (GO:0033688),0.027650822267022798,8.614373356704645,30.9092314307044,CCNA2;GREM1,0.15198610752853411
296,Negative Regulation Of RNA Biosynthetic Process (GO:1902679),0.027650822267022798,8.614373356704645,30.9092314307044,HMGA2;APOBEC3B,0.15198610752853411
297,Protein Autoubiquitination (GO:0051865),0.029256516496509698,3.6124930901050303,12.75807185653109,DEPDC1B;RAD51;UHRF1;UBE2T,0.16022978279853367
298,Regulation Of Heart Rate By Cardiac Conduction (GO:0086091),0.029446038756460707,4.769392712550608,16.813043565912,DSP;JUP;DSG2,0.16022978279853367
299,Positive Regulation Of Actin Filament Polymerization (GO:0030838),0.029446038756460707,4.769392712550608,16.813043565912,BAIAP2L1;CTTN;PFN2,0.16022978279853367
300,Regulation Of G1/S Transition Of Mitotic Cell Cycle (GO:2000045),0.03047954067230525,2.9995708549183093,10.470600837677742,STIL;RRM2;CDKN2A;KIF14;E2F7,0.16324501362890784
301,Cellular Response To Hypoxia (GO:0071456),0.03059106531275433,3.5591866376180104,12.411052140318304,EGLN3;HILPDA;TWIST1;AK4,0.16324501362890784
302,Positive Regulation Of Transferase Activity (GO:0051347),0.03070553871100106,2.656979643650542,9.255089678615075,GREM1;GINS1;GINS2;RFC4;NEK2;AURKB,0.16324501362890784
303,Mesenchyme Development (GO:0060485),0.03100350904199909,8.039672801635993,27.927048709243003,HMGA2;SOX4,0.16324501362890784
304,Negative Regulation Of Cellular Senescence (GO:2000773),0.03100350904199909,8.039672801635993,27.927048709243003,HMGA2;TWIST1,0.16324501362890784
305,Positive Regulation Of Cell Cycle Phase Transition (GO:1901989),0.03100350904199909,8.039672801635993,27.927048709243003,FAM83D;EZH2,0.16324501362890784
306,Positive Regulation Of Glial Cell Differentiation (GO:0045687),0.03100350904199909,8.039672801635993,27.927048709243003,PTPRZ1;MDK,0.16324501362890784
307,Protein Localization To Centrosome (GO:0071539),0.03100350904199909,8.039672801635993,27.927048709243003,STIL;SPAG5,0.16324501362890784
308,Purine-Containing Compound Biosynthetic Process (GO:0072522),0.03100350904199909,8.039672801635993,27.927048709243003,PPAT;PAICS,0.16324501362890784
309,Regulation Of Cartilage Development (GO:0061035),0.03100350904199909,8.039672801635993,27.927048709243003,MDK;PTHLH,0.16324501362890784
310,Regulation Of Protein Phosphorylation (GO:0001932),0.031343321245481726,2.1397923197492164,7.40957457063012,CCNA2;IGFBP3;SORD;CDCA8;BIRC5;ECT2;MMP9;C1ORF112;AURKB,0.16450188279483471
311,Cellular Response To Decreased Oxygen Levels (GO:0036294),0.03196099695336357,3.5074252996958313,12.076903457987976,EGLN3;HILPDA;TWIST1;AK4,0.16666840398436705
312,Monocarboxylic Acid Transport (GO:0015718),0.03196099695336357,3.5074252996958313,12.076903457987976,SLC6A8;CRABP2;AKR1C1;UGT1A6,0.16666840398436705
313,Positive Regulation Of DNA Metabolic Process (GO:0051054),0.032666207890747666,2.9410261805284197,10.062468540286087,GINS1;CDT1;GINS2;DEPDC1B;RAD51,0.1698016621030238
314,Regulation Of Oligodendrocyte Differentiation (GO:0048713),0.03450762582728679,7.53680981595092,25.373235060695535,PTPRZ1;MDK,0.17767059247150507
315,Response To Organophosphorus (GO:0046683),0.03450762582728679,7.53680981595092,25.373235060695535,AKR1C1;TYMS,0.17767059247150507
316,Regulation Of DNA Damage Checkpoint (GO:2000001),0.03450762582728679,7.53680981595092,25.373235060695535,DEPDC1B;RAD51,0.17767059247150507
317,Positive Regulation Of Apoptotic Process (GO:0043065),0.0346902026983565,2.0982596476056643,7.052875904274488,MLLT11;TOP2A;TFAP2A;MELK;IGFBP3;CTSV;ECT2;SOX4;TP63,0.17804719176727454
318,Regulation Of DNA Replication (GO:0006275),0.03480739163002562,3.4082768214223615,11.444739689230055,CCNA2;CDT1;GMNN;CDC6,0.17808687478632607
319,Regulation Of Telomerase Activity (GO:0051972),0.03738085597672447,4.314285714285714,14.179316664624446,GREM1;NEK2;AURKB,0.1906540836179646
320,Establishment Of Skin Barrier (GO:0061436),0.03815733649684363,7.093107181522916,23.16635215349812,KRT16;TP63,0.19280120024957945
321,Nucleotide Biosynthetic Process (GO:0009165),0.03815733649684363,7.093107181522916,23.16635215349812,RRM2;PPAT,0.19280120024957945
322,Positive Regulation Of Activated T Cell Proliferation (GO:0042104),0.03815733649684363,7.093107181522916,23.16635215349812,IGFBP2;CD24,0.19280120024957945
323,Cardiac Conduction (GO:0061337),0.03951842943606595,4.2137388193202145,13.614540183495583,DSP;JUP;DSG2,0.19906032412532293
324,Regulation Of Cell Differentiation (GO:0045595),0.040361991244961676,2.284561015643319,7.333136437030537,TFAP2A;GREM1;MDK;SIX1;PRAME;CD24;PTHLH,0.20268197455417486
325,Regulation Of Smooth Muscle Contraction (GO:0006940),0.04194695458957521,6.6987048398091344,21.243933875279083,CTTN;NMU,0.20870854775914024
326,Regulation Of Spindle Organization (GO:0090224),0.04194695458957521,6.6987048398091344,21.243933875279083,TPX2;STIL,0.20870854775914024
327,Negative Regulation Of Microtubule Depolymerization (GO:0007026),0.04194695458957521,6.6987048398091344,21.243933875279083,TPX2;CKAP2,0.20870854775914024
328,Positive Regulation Of Cell Differentiation (GO:0045597),0.04452448629575921,1.997368601697824,6.2152438104477215,COL1A1;CCNA2;MDK;IGFBP3;TWIST1;ECT2;SOX4;TP63;EZH2,0.22085774147317144
329,Regulation Of Steroid Metabolic Process (GO:0019218),0.04587093998706249,6.3458185340652244,19.55732712833128,UGT1A10;UGT1A8,0.22547437872794765
330,Skin Epidermis Development (GO:0098773),0.04587093998706249,6.3458185340652244,19.55732712833128,KRT16;TP63,0.22547437872794765
331,Positive Regulation Of G2/M Transition Of Mitotic Cell Cycle (GO:0010971),0.04587093998706249,6.3458185340652244,19.55732712833128,CCNB1;CDK1,0.22547437872794765
332,Antibacterial Humoral Response (GO:0019731),0.04629386578967818,3.9383277591973243,12.101480140215969,IGHM;IGHA1;IGHA2,0.22686783024038074
333,Regulation Of Telomere Capping (GO:1904353),0.04992389570059544,6.028220858895706,18.068118239629055,NEK2;AURKB,0.2403141369966532
334,Glucose Transmembrane Transport (GO:1904659),0.04992389570059544,6.028220858895706,18.068118239629055,SLC2A1;SLC2A5,0.2403141369966532
335,Hexose Transmembrane Transport (GO:0008645),0.04992389570059544,6.028220858895706,18.068118239629055,SLC2A1;SLC2A5,0.2403141369966532
336,Homologous Chromosome Segregation (GO:0045143),0.04992389570059544,6.028220858895706,18.068118239629055,PTTG1;MND1,0.2403141369966532
337,Placenta Development (GO:0001890),0.04992389570059544,6.028220858895706,18.068118239629055,E2F7;E2F8,0.2403141369966532
338,Positive Regulation Of Viral Life Cycle (GO:1903902),0.04992389570059544,6.028220858895706,18.068118239629055,TMPRSS4;KPNA2,0.2403141369966532
339,Regulation Of Osteoblast Differentiation (GO:0045667),0.05118023769976006,2.9859777472946196,8.875525642385035,CCNA2;GREM1;TWIST1;TP63,0.24491249040444005
340,Negative Regulation Of Cell Cycle (GO:0045786),0.05118023769976006,2.9859777472946196,8.875525642385035,CDT1;CDKN2A;GMNN;MAD2L1,0.24491249040444005
341,Sprouting Angiogenesis (GO:0002040),0.053602661294116796,3.696640502354788,10.816948860098114,GREM1;E2F7;E2F8,0.25575228717163645
342,Regulation Of Centrosome Cycle (GO:0046605),0.05410056464342941,5.740870581361379,16.74560657436368,AURKA;MCM2,0.25662279497043633
343,Negative Regulation Of Protein Depolymerization (GO:1901880),0.05410056464342941,5.740870581361379,16.74560657436368,TPX2;CKAP2,0.25662279497043633
344,Regulation Of Cysteine-Type Endopeptidase Activity (GO:2000116),0.058395826560179886,5.479643056330173,15.564985581454064,SOX2;CST1,0.2722349851387183
345,Regulation Of Microtubule Depolymerization (GO:0031114),0.058395826560179886,5.479643056330173,15.564985581454064,TPX2;CKAP2,0.2722349851387183
346,Negative Regulation Of Ossification (GO:0030279),0.058395826560179886,5.479643056330173,15.564985581454064,GREM1;MDK,0.2722349851387183
347,Positive Regulation Of BMP Signaling Pathway (GO:0030513),0.058395826560179886,5.479643056330173,15.564985581454064,CCNA2;SULF1,0.2722349851387183
348,Positive Regulation Of ERBB Signaling Pathway (GO:1901186),0.058395826560179886,5.479643056330173,15.564985581454064,MMP9;FAM83B,0.2722349851387183
349,Positive Regulation Of Cell Cycle G2/M Phase Transition (GO:1902751),0.058395826560179886,5.479643056330173,15.564985581454064,CCNB1;CDK1,0.2722349851387183
350,Sensory Perception Of Mechanical Stimulus (GO:0050954),0.05872466560055008,2.844880174291939,8.064937841361143,TFAP2A;COL1A1;COL11A1;BIRC5,0.2729858026631285
351,Regulation Of Epithelial Cell Proliferation (GO:0050678),0.06270729188319471,2.779196821342415,7.696367336938015,SOX2;SIX4;UHRF1;NME1,0.28305606282397233
352,Positive Regulation Of Binding (GO:0051099),0.06270729188319471,2.779196821342415,7.696367336938015,CDT1;GMNN;MMP9;NME1,0.28305606282397233
353,Regulation Of Keratinocyte Proliferation (GO:0010837),0.06280469494742102,5.241130968258203,14.506011557113178,CDH3;MDK,0.28305606282397233
354,Regulation Of Myelination (GO:0031641),0.06280469494742102,5.241130968258203,14.506011557113178,PTPRZ1;KIF14,0.28305606282397233
355,Cellular Response To Hexose Stimulus (GO:0071331),0.06280469494742102,5.241130968258203,14.506011557113178,SLC2A5;SOX4,0.28305606282397233
356,"Wound Healing, Spreading Of Cells (GO:0044319)",0.06280469494742102,5.241130968258203,14.506011557113178,CCNA2;MMP12,0.28305606282397233
357,Inner Ear Morphogenesis (GO:0042472),0.06280469494742102,5.241130968258203,14.506011557113178,TFAP2A;SIX1,0.28305606282397233
358,Metanephros Development (GO:0001656),0.06280469494742102,5.241130968258203,14.506011557113178,SIX4;SIX1,0.28305606282397233
359,Mismatch Repair (GO:0006298),0.06280469494742102,5.241130968258203,14.506011557113178,RNASEH2A;EXO1,0.28305606282397233
360,Positive Regulation Of Release Of Cytochrome C From Mitochondria (GO:0090200),0.06280469494742102,5.241130968258203,14.506011557113178,MLLT11;MMP9,0.28305606282397233
361,Regulation Of Actin Cytoskeleton Reorganization (GO:2000249),0.06280469494742102,5.241130968258203,14.506011557113178,BAIAP2L1;MDK,0.28305606282397233
362,Mitotic DNA Damage Checkpoint Signaling (GO:0044773),0.06414962190041275,3.4169521044992743,9.384785662185559,DEPDC1B;CHEK1;CDK1,0.2883188807513026
363,Sensory Perception Of Sound (GO:0007605),0.06475069808358995,2.7474747474747474,7.520417543950975,TFAP2A;COL1A1;COL11A1;BIRC5,0.28942138951099133
364,Steroid Metabolic Process (GO:0008202),0.06475069808358995,2.7474747474747474,7.520417543950975,UGT1A10;SRD5A1;AKR1C1;UGT1A8,0.28942138951099133
365,L-amino Acid Transport (GO:0015807),0.06732231408980206,5.022494887525562,13.552014813617372,SLC7A5;SLC7A11,0.2992715984265245
366,Negative Regulation Of Lipid Metabolic Process (GO:0045833),0.06732231408980206,5.022494887525562,13.552014813617372,UGT1A10;UGT1A8,0.2992715984265245
367,Protein Phosphorylation (GO:0006468),0.06971750464266233,1.6257944656301946,4.329984659779791,IGFBP3;CDCA8;TTK;AURKB;AURKA;MELK;CCNE1;CHEK1;PBK;CDK1;BIRC5;NEK2;PDK1,0.30597446259896366
368,Positive Regulation Of Mitochondrion Organization (GO:0010822),0.06975462528576486,3.2923636363636364,8.766812217034946,MLLT11;MMP9;AURKA,0.30597446259896366
369,Recombinational Repair (GO:0000725),0.07108717714135375,2.6564916564916565,7.02336097141019,RAD51AP1;FEN1;RMI2;RAD51,0.30597446259896366
370,Regulation Of Multicellular Organismal Development (GO:2000026),0.07263744699046626,3.233406593406593,8.478880276776664,RACGAP1;CDK1;CD24,0.30597446259896366
371,Regulation Of Protein Metabolic Process (GO:0051246),0.07326743676665866,2.627482555018787,6.867290916548306,SERPINB13;UHRF1;MSI2;FAM83D,0.30597446259896366
372,Monocarboxylic Acid Metabolic Process (GO:0032787),0.07548139203419563,2.599097305190495,6.715727256951637,SLC6A8;KRT17;AKR1C1;UGT1A8,0.30597446259896366
373,Negative Regulation Of Peptidase Activity (GO:0010466),0.07557278749398504,3.1765182186234817,8.203863411666518,SERPINB13;GAPDH;SERPINB5,0.30597446259896366
374,protein-DNA Complex Organization (GO:0071824),0.07557278749398504,3.1765182186234817,8.203863411666518,SOX2;HMGA2;EZH2,0.30597446259896366
375,Positive Regulation Of Nucleic Acid-Templated Transcription (GO:1903508),0.07624487009302039,1.570691252888529,4.042653225105264,TFAP2A;ATAD2;HMGA1;HMGA2;SIX1;FOXM1;COL1A1;MLLT11;SOX2;SIX4;SPP1;IRF6;SOX4;TP63,0.30597446259896366
376,Cell-Substrate Junction Assembly (GO:0007044),0.07666501806845724,4.635677206229354,11.905855024155011,DST;CTTN,0.30597446259896366
377,Diterpenoid Metabolic Process (GO:0016101),0.07666501806845724,4.635677206229354,11.905855024155011,AKR1B10;AKR1C1,0.30597446259896366
378,Positive Regulation Of Protein Import Into Nucleus (GO:0042307),0.07666501806845724,4.635677206229354,11.905855024155011,JUP;ECT2,0.30597446259896366
379,"Regulation Of DNA Damage Response, Signal Transduction By P53 Class Mediator (GO:0043516)",0.07666501806845724,4.635677206229354,11.905855024155011,TWIST1;SOX4,0.30597446259896366
380,Positive Regulation Of Protein-Containing Complex Assembly (GO:0031334),0.07772881445894594,2.5713159968479116,6.568501919531177,FERMT1;DEPDC1B;MMP1;CXCL13,0.30597446259896366
381,B Cell Chemotaxis (GO:0035754),0.07936153854748781,15.036697247706423,38.09910277566837,CXCL13,0.30597446259896366
382,DNA Replication-Dependent Chromatin Assembly (GO:0006335),0.07936153854748781,15.036697247706423,38.09910277566837,ASF1B,0.30597446259896366
383,Regulation Of Endothelial Cell-Matrix Adhesion Via Fibronectin (GO:1904904),0.07936153854748781,15.036697247706423,38.09910277566837,MMP12,0.30597446259896366
384,L-ascorbic Acid Metabolic Process (GO:0019852),0.07936153854748781,15.036697247706423,38.09910277566837,SLC2A1,0.30597446259896366
385,Regulation Of Hepatocyte Proliferation (GO:2000345),0.07936153854748781,15.036697247706423,38.09910277566837,MDK,0.30597446259896366
386,Regulation Of Keratinocyte Apoptotic Process (GO:1902172),0.07936153854748781,15.036697247706423,38.09910277566837,SERPINB13,0.30597446259896366
387,Regulation Of Mitotic Spindle Checkpoint (GO:1903504),0.07936153854748781,15.036697247706423,38.09910277566837,CCNB1,0.30597446259896366
388,Aromatic Compound Biosynthetic Process (GO:0019438),0.07936153854748781,15.036697247706423,38.09910277566837,PSAT1,0.30597446259896366
389,Autocrine Signaling (GO:0035425),0.07936153854748781,15.036697247706423,38.09910277566837,HILPDA,0.30597446259896366
390,Regulation Of Neutrophil Extravasation (GO:2000389),0.07936153854748781,15.036697247706423,38.09910277566837,MDK,0.30597446259896366
391,Cellular Response To Iron Ion (GO:0071281),0.07936153854748781,15.036697247706423,38.09910277566837,TFAP2A,0.30597446259896366
392,Regulation Of Tooth Mineralization (GO:0070170),0.07936153854748781,15.036697247706423,38.09910277566837,TFAP2A,0.30597446259896366
393,Renal Filtration Cell Differentiation (GO:0061318),0.07936153854748781,15.036697247706423,38.09910277566837,CD24,0.30597446259896366
394,Chondrocyte Development (GO:0002063),0.07936153854748781,15.036697247706423,38.09910277566837,SULF1,0.30597446259896366
395,Resolution Of Recombination Intermediates (GO:0071139),0.07936153854748781,15.036697247706423,38.09910277566837,RMI2,0.30597446259896366
396,Response To Testosterone (GO:0033574),0.07936153854748781,15.036697247706423,38.09910277566837,SPP1,0.30597446259896366
397,Double-Strand Break Repair Via Synthesis-Dependent Strand Annealing (GO:0045003),0.07936153854748781,15.036697247706423,38.09910277566837,RAD51,0.30597446259896366
398,Subtelomeric Heterochromatin Formation (GO:0031509),0.07936153854748781,15.036697247706423,38.09910277566837,EZH2,0.30597446259896366
399,Galactolipid Biosynthetic Process (GO:0019375),0.07936153854748781,15.036697247706423,38.09910277566837,UGT8,0.30597446259896366
400,Galactosylceramide Biosynthetic Process (GO:0006682),0.07936153854748781,15.036697247706423,38.09910277566837,UGT8,0.30597446259896366
401,Tongue Development (GO:0043586),0.07936153854748781,15.036697247706423,38.09910277566837,SIX4,0.30597446259896366
402,Glomerular Epithelial Cell Differentiation (GO:0072311),0.07936153854748781,15.036697247706423,38.09910277566837,CD24,0.30597446259896366
403,Trigeminal Nerve Development (GO:0021559),0.07936153854748781,15.036697247706423,38.09910277566837,TFAP2A,0.30597446259896366
404,Ventricular Compact Myocardium Morphogenesis (GO:0003223),0.07936153854748781,15.036697247706423,38.09910277566837,DSP,0.30597446259896366
405,Hexose Import Across Plasma Membrane (GO:0140271),0.07936153854748781,15.036697247706423,38.09910277566837,SLC2A5,0.30597446259896366
406,Kidney Morphogenesis (GO:0060993),0.07936153854748781,15.036697247706423,38.09910277566837,SOX4,0.30597446259896366
407,Leukocyte Chemotaxis Involved In Inflammatory Response (GO:0002232),0.07936153854748781,15.036697247706423,38.09910277566837,MDK,0.30597446259896366
408,Maintenance Of DNA Repeat Elements (GO:0043570),0.07936153854748781,15.036697247706423,38.09910277566837,RMI2,0.30597446259896366
409,Negative Regulation Of Cardiac Muscle Cell Apoptotic Process (GO:0010667),0.07936153854748781,15.036697247706423,38.09910277566837,MDK,0.30597446259896366
410,Negative Regulation Of Histone Acetylation (GO:0035067),0.07936153854748781,15.036697247706423,38.09910277566837,TWIST1,0.30597446259896366
411,Negative Regulation Of Monocyte Chemotaxis (GO:0090027),0.07936153854748781,15.036697247706423,38.09910277566837,GREM1,0.30597446259896366
412,Negative Regulation Of Morphogenesis Of An Epithelium (GO:1905331),0.07936153854748781,15.036697247706423,38.09910277566837,SULF1,0.30597446259896366
413,Negative Regulation Of Neuron Migration (GO:2001223),0.07936153854748781,15.036697247706423,38.09910277566837,COL3A1,0.30597446259896366
414,Neuroblast Proliferation (GO:0007405),0.07936153854748781,15.036697247706423,38.09910277566837,RACGAP1,0.30597446259896366
415,Notochord Development (GO:0030903),0.07936153854748781,15.036697247706423,38.09910277566837,STIL,0.30597446259896366
416,Nucleoside Triphosphate Biosynthetic Process (GO:0009142),0.07936153854748781,15.036697247706423,38.09910277566837,AK4,0.30597446259896366
417,Positive Regulation Of Cell-Cell Adhesion Mediated By Integrin (GO:0033634),0.07936153854748781,15.036697247706423,38.09910277566837,CXCL13,0.30597446259896366
418,Positive Regulation Of Gap Junction Assembly (GO:1903598),0.07936153854748781,15.036697247706423,38.09910277566837,CNTNAP2,0.30597446259896366
419,Positive Regulation Of Osteoblast Proliferation (GO:0033690),0.07936153854748781,15.036697247706423,38.09910277566837,CCNA2,0.30597446259896366
420,Positive Regulation Of Receptor Binding (GO:1900122),0.07936153854748781,15.036697247706423,38.09910277566837,MMP9,0.30597446259896366
421,Purine Nucleobase Biosynthetic Process (GO:0009113),0.07936153854748781,15.036697247706423,38.09910277566837,PAICS,0.30597446259896366
422,Purine Ribonucleoside Catabolic Process (GO:0046130),0.07936153854748781,15.036697247706423,38.09910277566837,SORD,0.30597446259896366
423,Regulation Of Neuron Migration (GO:2001222),0.08148101930157067,4.463758236764372,11.192361240431964,COL3A1;MDK,0.31119628733252463
424,Regulation Of Spindle Assembly (GO:0090169),0.08148101930157067,4.463758236764372,11.192361240431964,STIL;SPAG5,0.31119628733252463
425,Chondrocyte Differentiation (GO:0002062),0.08148101930157067,4.463758236764372,11.192361240431964,HMGA2;SULF1,0.31119628733252463
426,Modified Amino Acid Transport (GO:0072337),0.08148101930157067,4.463758236764372,11.192361240431964,SLC6A8;SLC7A11,0.31119628733252463
427,Protein Polymerization (GO:0051258),0.08468591844216038,3.0172307692307694,7.448957255397298,UBE2C;UBE2S;KRT5,0.3226791318627516
428,Homologous Chromosome Pairing At Meiosis (GO:0007129),0.08638759847838025,4.304119193689746,10.54040548265261,MND1;TRIP13,0.327628491198892
429,Nucleic Acid Metabolic Process (GO:0090304),0.08638759847838025,4.304119193689746,10.54040548265261,FEN1;KPNA2,0.327628491198892
430,Negative Regulation Of Cell-Matrix Adhesion (GO:0001953),0.0913805110606201,4.155489739792681,9.942936085130253,MMP12;CDKN2A,0.33927711829660545
431,Negative Regulation Of Microtubule Polymerization Or Depolymerization (GO:0031111),0.0913805110606201,4.155489739792681,9.942936085130253,TPX2;CKAP2,0.33927711829660545
432,Intrinsic Apoptotic Signaling Pathway (GO:0097193),0.09437658470605428,2.3922503361447256,5.646816682707033,ERO1A;MLLT11;CD24;PDK1,0.33927711829660545
433,'De Novo' AMP Biosynthetic Process (GO:0044208),0.09446375819813292,12.02874617737003,28.38229607751422,PAICS,0.33927711829660545
434,Regulation Of Entry Of Bacterium Into Host Cell (GO:2000535),0.09446375819813292,12.02874617737003,28.38229607751422,KRT6A,0.33927711829660545
435,GMP Biosynthetic Process (GO:0006177),0.09446375819813292,12.02874617737003,28.38229607751422,PAICS,0.33927711829660545
436,Regulation Of Striated Muscle Tissue Development (GO:0016202),0.09446375819813292,12.02874617737003,28.38229607751422,CENPF,0.33927711829660545
437,Regulation Of Transforming Growth Factor Beta2 Production (GO:0032909),0.09446375819813292,12.02874617737003,28.38229607751422,CDH3,0.33927711829660545
438,Skeletal Muscle Cell Differentiation (GO:0035914),0.09446375819813292,12.02874617737003,28.38229607751422,SIX4,0.33927711829660545
439,Glutathione Biosynthetic Process (GO:0006750),0.09446375819813292,12.02874617737003,28.38229607751422,GCLC,0.33927711829660545
440,Glycosylceramide Biosynthetic Process (GO:0046476),0.09446375819813292,12.02874617737003,28.38229607751422,UGT8,0.33927711829660545
441,Keratinocyte Proliferation (GO:0043616),0.09446375819813292,12.02874617737003,28.38229607751422,FERMT1,0.33927711829660545
442,Lymphoid Progenitor Cell Differentiation (GO:0002320),0.09446375819813292,12.02874617737003,28.38229607751422,SOX4,0.33927711829660545
443,Negative Regulation Of Double-Strand Break Repair Via Nonhomologous End Joining (GO:2001033),0.09446375819813292,12.02874617737003,28.38229607751422,HMGA2,0.33927711829660545
444,Negative Regulation Of Meiotic Nuclear Division (GO:0045835),0.09446375819813292,12.02874617737003,28.38229607751422,TRIP13,0.33927711829660545
445,Negative Regulation Of Ruffle Assembly (GO:1900028),0.09446375819813292,12.02874617737003,28.38229607751422,PFN2,0.33927711829660545
446,Noradrenergic Neuron Differentiation (GO:0003357),0.09446375819813292,12.02874617737003,28.38229607751422,SOX4,0.33927711829660545
447,Nose Development (GO:0043584),0.09446375819813292,12.02874617737003,28.38229607751422,SIX4,0.33927711829660545
448,Nucleobase Biosynthetic Process (GO:0046112),0.09446375819813292,12.02874617737003,28.38229607751422,PAICS,0.33927711829660545
449,Pituitary Gland Development (GO:0021983),0.09446375819813292,12.02874617737003,28.38229607751422,SOX2,0.33927711829660545
450,Positive Regulation Of Fibroblast Apoptotic Process (GO:2000271),0.09446375819813292,12.02874617737003,28.38229607751422,TP63,0.33927711829660545
451,Positive Regulation Of Membrane Depolarization (GO:1904181),0.09446375819813292,12.02874617737003,28.38229607751422,MLLT11,0.33927711829660545
452,Positive Regulation Of Synaptic Plasticity (GO:0031915),0.09446375819813292,12.02874617737003,28.38229607751422,CDC20,0.33927711829660545
453,Receptor-Mediated Virion Attachment To Host Cell (GO:0046813),0.09446375819813292,12.02874617737003,28.38229607751422,LRRC15,0.33927711829660545
454,Negative Regulation Of Protein Metabolic Process (GO:0051248),0.09481716442095443,2.12902803819823,5.015574528817498,NQO1;IGF2BP3;TYMS;GAPDH;MAD2L1,0.3397963139050504
455,Female Gamete Generation (GO:0007292),0.0964556265646647,4.016768916155419,9.393905817060686,MDK;TRIP13,0.3426491362897587
456,Negative Regulation Of Osteoblast Differentiation (GO:0045668),0.0964556265646647,4.016768916155419,9.393905817060686,GREM1;TWIST1,0.3426491362897587
457,Positive Regulation Of Telomere Maintenance Via Telomerase (GO:0032212),0.0964556265646647,4.016768916155419,9.393905817060686,NEK2;AURKB,0.3426491362897587
458,Purine Ribonucleoside Triphosphate Metabolic Process (GO:0009205),0.0964556265646647,4.016768916155419,9.393905817060686,FIGNL1;AK4,0.3426491362897587
459,Phosphorylation (GO:0016310),0.09698109223290811,1.5983729038685042,3.7293863873117443,MELK;CCNE1;IGFBP3;CHEK1;CDK1;CDCA8;BIRC5;NEK2;AURKB;PDK1;AURKA,0.34336291131247654
460,Skeletal System Development (GO:0001501),0.09899243772773425,2.0992432060543518,4.854944572240598,COL1A1;COL1A2;COL10A1;SULF1;PTHLH,0.34336291131247654
461,Negative Regulation Of Translation (GO:0017148),0.09941910597870582,2.345559151384394,5.414514477539504,EIF4EBP1;IGF2BP3;TYMS;GAPDH,0.34336291131247654
462,Neuropeptide Signaling Pathway (GO:0007218),0.100848047011208,2.7844260355029586,6.387864203316667,NMU;KISS1R;NTS,0.34336291131247654
463,Signal Transduction By P53 Class Mediator (GO:0072331),0.10160892604849252,3.8869978230754008,8.888102093850833,GREM1;E2F7,0.34336291131247654
464,Positive Regulation Of Epidermal Growth Factor Receptor Signaling Pathway (GO:0045742),0.10160892604849252,3.8869978230754008,8.888102093850833,MMP9;FAM83B,0.34336291131247654
465,Regulation Of Activated T Cell Proliferation (GO:0046006),0.10160892604849252,3.8869978230754008,8.888102093850833,IGFBP2;CD24,0.34336291131247654
466,Regulation Of Endopeptidase Activity (GO:0052548),0.10421872943228062,2.742097902097902,6.200605682221406,SERPINB13;GAPDH;SERPINB5,0.34336291131247654
467,Positive Regulation Of Multicellular Organismal Process (GO:0051240),0.10598792562178175,1.6094456400246901,3.612288239729429,COL1A1;SIX4;MDK;HILPDA;DIO2;SPP1;TWIST1;SIX1;GAPDH;EZH2,0.34336291131247654
468,ATP Metabolic Process (GO:0046034),0.10683649952729281,3.7653374233128836,8.4210101732298,FIGNL1;AK4,0.34336291131247654
469,Embryonic Limb Morphogenesis (GO:0030326),0.10683649952729281,3.7653374233128836,8.4210101732298,TFAP2A;TWIST1,0.34336291131247654
470,Glial Cell Differentiation (GO:0010001),0.10683649952729281,3.7653374233128836,8.4210101732298,SOX2;PTPRZ1,0.34336291131247654
471,Purine Nucleotide Metabolic Process (GO:0006163),0.10683649952729281,3.7653374233128836,8.4210101732298,KRT17;PPAT,0.34336291131247654
472,Regulation Of Cellular Component Organization (GO:0051128),0.1076154764792957,2.0420885281566394,4.5522049763887855,HJURP;KIF14;MKI67;MCM2;AURKA,0.34336291131247654
473,Negative Regulation Of Epithelial Cell Proliferation (GO:0050680),0.10763342547015425,2.7010332950631457,6.020668130955639,SOX2;SORD;SULF1,0.34336291131247654
474,Positive Regulation Of Protein Polymerization (GO:0032273),0.10763342547015425,2.7010332950631457,6.020668130955639,BAIAP2L1;CTTN;PFN2,0.34336291131247654
475,Regulation Of Actin Filament Polymerization (GO:0030833),0.10763342547015425,2.7010332950631457,6.020668130955639,BAIAP2L1;CTTN;PFN2,0.34336291131247654
476,DNA Ligation (GO:0006266),0.10931898467108964,10.023445463812436,22.186748243717823,TOP2A,0.34336291131247654
477,IMP Biosynthetic Process (GO:0006188),0.10931898467108964,10.023445463812436,22.186748243717823,PAICS,0.34336291131247654
478,Regulation Of Extent Of Cell Growth (GO:0061387),0.10931898467108964,10.023445463812436,22.186748243717823,CTTN,0.34336291131247654
479,UV Protection (GO:0009650),0.10931898467108964,10.023445463812436,22.186748243717823,FEN1,0.34336291131247654
480,Aromatic Amino Acid Transport (GO:0015801),0.10931898467108964,10.023445463812436,22.186748243717823,SLC7A5,0.34336291131247654
481,Aspartate Family Amino Acid Biosynthetic Process (GO:0009067),0.10931898467108964,10.023445463812436,22.186748243717823,PLOD2,0.34336291131247654
482,"Blood Coagulation, Intrinsic Pathway (GO:0007597)",0.10931898467108964,10.023445463812436,22.186748243717823,F12,0.34336291131247654
483,Cellular Modified Amino Acid Biosynthetic Process (GO:0042398),0.10931898467108964,10.023445463812436,22.186748243717823,PLOD2,0.34336291131247654
484,"Regulation Of Wound Healing, Spreading Of Epidermal Cells (GO:1903689)",0.10931898467108964,10.023445463812436,22.186748243717823,FERMT1,0.34336291131247654
485,Response To Auditory Stimulus (GO:0010996),0.10931898467108964,10.023445463812436,22.186748243717823,MDK,0.34336291131247654
486,Sinoatrial Node Development (GO:0003163),0.10931898467108964,10.023445463812436,22.186748243717823,GJB6,0.34336291131247654
487,Establishment Of Centrosome Localization (GO:0051660),0.10931898467108964,10.023445463812436,22.186748243717823,MAD2L1,0.34336291131247654
488,Fructose Metabolic Process (GO:0006000),0.10931898467108964,10.023445463812436,22.186748243717823,SORD,0.34336291131247654
489,Fructose Transmembrane Transport (GO:0015755),0.10931898467108964,10.023445463812436,22.186748243717823,SLC2A5,0.34336291131247654
490,Galactosylceramide Metabolic Process (GO:0006681),0.10931898467108964,10.023445463812436,22.186748243717823,UGT8,0.34336291131247654
491,Thyroid Gland Development (GO:0030878),0.10931898467108964,10.023445463812436,22.186748243717823,SIX1,0.34336291131247654
492,Thyroid Hormone Transport (GO:0070327),0.10931898467108964,10.023445463812436,22.186748243717823,SLC7A5,0.34336291131247654
493,Tooth Mineralization (GO:0034505),0.10931898467108964,10.023445463812436,22.186748243717823,COL1A1,0.34336291131247654
494,Histone H2A K63-linked Deubiquitination (GO:0070537),0.10931898467108964,10.023445463812436,22.186748243717823,DEPDC1B,0.34336291131247654
495,Mammary Gland Epithelial Cell Differentiation (GO:0060644),0.10931898467108964,10.023445463812436,22.186748243717823,IRF6,0.34336291131247654
496,Mitral Valve Development (GO:0003174),0.10931898467108964,10.023445463812436,22.186748243717823,SOX4,0.34336291131247654
497,Myoblast Migration (GO:0051451),0.10931898467108964,10.023445463812436,22.186748243717823,SIX1,0.34336291131247654
498,"Negative Regulation Of CD8-positive, Alpha-Beta T Cell Activation (GO:2001186)",0.10931898467108964,10.023445463812436,22.186748243717823,DAPL1,0.34336291131247654
499,Negative Regulation Of RNA Catabolic Process (GO:1902369),0.10931898467108964,10.023445463812436,22.186748243717823,PKP1,0.34336291131247654
500,Negative Regulation Of Inflammatory Response To Wounding (GO:0106015),0.10931898467108964,10.023445463812436,22.186748243717823,MDK,0.34336291131247654
501,Negative Regulation Of Leukocyte Proliferation (GO:0070664),0.10931898467108964,10.023445463812436,22.186748243717823,GREM1,0.34336291131247654
502,Negative Regulation Of Osteoblast Proliferation (GO:0033689),0.10931898467108964,10.023445463812436,22.186748243717823,GREM1,0.34336291131247654
503,Negative Regulation Of Peptidyl-Lysine Acetylation (GO:2000757),0.10931898467108964,10.023445463812436,22.186748243717823,TWIST1,0.34336291131247654
504,Negative Regulation Of Striated Muscle Cell Apoptotic Process (GO:0010664),0.10931898467108964,10.023445463812436,22.186748243717823,MDK,0.34336291131247654
505,Neuroepithelial Cell Differentiation (GO:0060563),0.10931898467108964,10.023445463812436,22.186748243717823,SOX4,0.34336291131247654
506,Nonribosomal Peptide Biosynthetic Process (GO:0019184),0.10931898467108964,10.023445463812436,22.186748243717823,GCLC,0.34336291131247654
507,Nucleobase-Containing Small Molecule Interconversion (GO:0015949),0.10931898467108964,10.023445463812436,22.186748243717823,AK4,0.34336291131247654
508,Osteoblast Development (GO:0002076),0.10931898467108964,10.023445463812436,22.186748243717823,PTHLH,0.34336291131247654
509,Peptidyl-Lysine Hydroxylation (GO:0017185),0.10931898467108964,10.023445463812436,22.186748243717823,PLOD2,0.34336291131247654
510,Peptidyl-Proline Hydroxylation To 4-hydroxy-L-proline (GO:0018401),0.10931898467108964,10.023445463812436,22.186748243717823,EGLN3,0.34336291131247654
511,Positive Regulation Of Isomerase Activity (GO:0010912),0.10931898467108964,10.023445463812436,22.186748243717823,UHRF1,0.34336291131247654
512,Positive Regulation Of Meiotic Nuclear Division (GO:0045836),0.10931898467108964,10.023445463812436,22.186748243717823,RAD51AP1,0.34336291131247654
513,Positive Regulation Of Melanin Biosynthetic Process (GO:0048023),0.10931898467108964,10.023445463812436,22.186748243717823,CDH3,0.34336291131247654
514,Positive Regulation Of Myeloid Cell Apoptotic Process (GO:0033034),0.10931898467108964,10.023445463812436,22.186748243717823,CDKN2A,0.34336291131247654
515,Positive Regulation Of Plasminogen Activation (GO:0010756),0.10931898467108964,10.023445463812436,22.186748243717823,F12,0.34336291131247654
516,Positive Regulation Of Secondary Metabolite Biosynthetic Process (GO:1900378),0.10931898467108964,10.023445463812436,22.186748243717823,CDH3,0.34336291131247654
517,Positive Regulation Of Tooth Mineralization (GO:0070172),0.10931898467108964,10.023445463812436,22.186748243717823,TFAP2A,0.34336291131247654
518,Purine Ribonucleoside Monophosphate Catabolic Process (GO:0009169),0.10931898467108964,10.023445463812436,22.186748243717823,SORD,0.34336291131247654
519,Cytoskeleton Organization (GO:0007010),0.10986950501358096,2.2574131764162915,4.985411072767192,DST;MDK;KRT16;KRT13,0.34442713806762276
520,Negative Regulation Of Supramolecular Fiber Organization (GO:1902904),0.1110912324356617,2.6611764705882353,5.847678494370363,TPX2;CKAP2;PFN2,0.3468496243284924
521,Regulation Of Cellular Senescence (GO:2000772),0.11213454357516103,3.6510503811117307,7.988702133089143,TWIST1;HMGA2,0.3468496243284924
522,Skeletal Muscle Organ Development (GO:0060538),0.11213454357516103,3.6510503811117307,7.988702133089143,SIX4;SIX1,0.3468496243284924
523,Hexose Biosynthetic Process (GO:0019319),0.11213454357516103,3.6510503811117307,7.988702133089143,KRT17;SORD,0.3468496243284924
524,Negative Regulation Of Cell Cycle G1/S Phase Transition (GO:1902807),0.11213454357516103,3.6510503811117307,7.988702133089143,SOX2;E2F7,0.3468496243284924
525,Neutral Amino Acid Transport (GO:0015804),0.11213454357516103,3.6510503811117307,7.988702133089143,SLC7A5;SLC7A11,0.3468496243284924
526,Positive Regulation Of Telomere Maintenance Via Telomere Lengthening (GO:1904358),0.11213454357516103,3.6510503811117307,7.988702133089143,NEK2;AURKB,0.3468496243284924
527,Positive Regulation Of Protein Localization To Nucleus (GO:1900182),0.11459124180477269,2.6224749163879597,5.681287441380747,JUP;CDK1;ECT2,0.3512824655908251
528,Regulation Of Translation (GO:0006417),0.11592615965468857,1.8515654709088605,3.9897566933409556,KRT13;IGF2BP3;MSI2;TYMS;GAPDH;SOX4,0.3512824655908251
529,Base-Excision Repair (GO:0006284),0.11749935881826322,3.5434861060988814,7.587746181152702,FEN1;HMGA2,0.3512824655908251
530,Positive Regulation Of Double-Strand Break Repair Via Homologous Recombination (GO:1905168),0.11749935881826322,3.5434861060988814,7.587746181152702,RAD51AP1;TIMELESS,0.3512824655908251
531,Negative Regulation Of Canonical Wnt Signaling Pathway (GO:0090090),0.11801636663194297,2.195510662177329,4.691656911010429,SOX2;GREM1;MDK;IGFBP2,0.3512824655908251
532,Import Into Nucleus (GO:0051170),0.12171420946322321,2.548342361863489,5.367011677851087,MMP12;KPNA2;TNPO1,0.3512824655908251
533,Regulation Of Angiogenesis (GO:0045765),0.12195398762825811,1.8233715159649178,3.83657689524229,JUP;TWIST1;HMGA2;SULF1;CXCL13;THBS2,0.3512824655908251
534,Regulation Of Ossification (GO:0030278),0.12292734762916512,3.442068361086766,7.215132100682546,MDK;TWIST1,0.3512824655908251
535,Muscle Tissue Development (GO:0060537),0.12292734762916512,3.442068361086766,7.215132100682546,SIX4;SIX1,0.3512824655908251
536,Negative Regulation Of Endothelial Cell Proliferation (GO:0001937),0.12292734762916512,3.442068361086766,7.215132100682546,SORD;SULF1,0.3512824655908251
537,AMP Biosynthetic Process (GO:0006167),0.12393124477512822,8.591087811271297,17.938434862399205,PAICS,0.3512824655908251
538,DNA Cytosine Deamination (GO:0070383),0.12393124477512822,8.591087811271297,17.938434862399205,APOBEC3B,0.3512824655908251
539,DNA Topological Change (GO:0006265),0.12393124477512822,8.591087811271297,17.938434862399205,TOP2A,0.3512824655908251
540,Regulation Of Endothelial Cell Differentiation (GO:0045601),0.12393124477512822,8.591087811271297,17.938434862399205,SORD,0.3512824655908251
541,GMP Metabolic Process (GO:0046037),0.12393124477512822,8.591087811271297,17.938434862399205,PAICS,0.3512824655908251
542,Regulation Of Fibroblast Apoptotic Process (GO:2000269),0.12393124477512822,8.591087811271297,17.938434862399205,TP63,0.3512824655908251
543,Regulation Of Gap Junction Assembly (GO:1903596),0.12393124477512822,8.591087811271297,17.938434862399205,CNTNAP2,0.3512824655908251
544,Acid Secretion (GO:0046717),0.12393124477512822,8.591087811271297,17.938434862399205,UGT1A6,0.3512824655908251
545,Androgen Biosynthetic Process (GO:0006702),0.12393124477512822,8.591087811271297,17.938434862399205,SRD5A1,0.3512824655908251
546,Cellular Response To Hydroxyurea (GO:0072711),0.12393124477512822,8.591087811271297,17.938434862399205,TIMELESS,0.3512824655908251
547,Dehydroascorbic Acid Transport (GO:0070837),0.12393124477512822,8.591087811271297,17.938434862399205,SLC2A1,0.3512824655908251
548,Response To Misfolded Protein (GO:0051788),0.12393124477512822,8.591087811271297,17.938434862399205,F12,0.3512824655908251
549,Detection Of Mechanical Stimulus Involved In Sensory Perception Of Sound (GO:0050910),0.12393124477512822,8.591087811271297,17.938434862399205,COL11A1,0.3512824655908251
550,Response To Vitamin (GO:0033273),0.12393124477512822,8.591087811271297,17.938434862399205,SPP1,0.3512824655908251
551,Response To Vitamin D (GO:0033280),0.12393124477512822,8.591087811271297,17.938434862399205,SPP1,0.3512824655908251
552,Selenocysteine Incorporation (GO:0001514),0.12393124477512822,8.591087811271297,17.938434862399205,DIO2,0.3512824655908251
553,Sensory Organ Morphogenesis (GO:0090596),0.12393124477512822,8.591087811271297,17.938434862399205,COL5A2,0.3512824655908251
554,Embryonic Forelimb Morphogenesis (GO:0035115),0.12393124477512822,8.591087811271297,17.938434862399205,TFAP2A,0.3512824655908251
555,Endothelial Cell Chemotaxis (GO:0035767),0.12393124477512822,8.591087811271297,17.938434862399205,CXCL13,0.3512824655908251
556,Tetrahydrofolate Interconversion (GO:0035999),0.12393124477512822,8.591087811271297,17.938434862399205,TYMS,0.3512824655908251
557,Translational Readthrough (GO:0006451),0.12393124477512822,8.591087811271297,17.938434862399205,DIO2,0.3512824655908251
558,Vitamin K Metabolic Process (GO:0042373),0.12393124477512822,8.591087811271297,17.938434862399205,NQO1,0.3512824655908251
559,Mesodermal Cell Differentiation (GO:0048333),0.12393124477512822,8.591087811271297,17.938434862399205,HMGA2,0.3512824655908251
560,Negative Regulation Of Chromosome Organization (GO:2001251),0.12393124477512822,8.591087811271297,17.938434862399205,TOP2A,0.3512824655908251
561,Negative Regulation Of Mitotic Nuclear Division (GO:0045839),0.12393124477512822,8.591087811271297,17.938434862399205,CHEK1,0.3512824655908251
562,Negative Regulation Of Transporter Activity (GO:0032410),0.12393124477512822,8.591087811271297,17.938434862399205,TWIST1,0.3512824655908251
563,Negative Regulation Of Ubiquitin Protein Ligase Activity (GO:1904667),0.12393124477512822,8.591087811271297,17.938434862399205,MAD2L1,0.3512824655908251
564,Neuronal Ion Channel Clustering (GO:0045161),0.12393124477512822,8.591087811271297,17.938434862399205,CNTNAP2,0.3512824655908251
565,Nucleoside Diphosphate Metabolic Process (GO:0009132),0.12393124477512822,8.591087811271297,17.938434862399205,RRM2,0.3512824655908251
566,Positive Regulation Of Actin Cytoskeleton Reorganization (GO:2000251),0.12393124477512822,8.591087811271297,17.938434862399205,BAIAP2L1,0.3512824655908251
567,Positive Regulation Of Centriole Replication (GO:0046601),0.12393124477512822,8.591087811271297,17.938434862399205,STIL,0.3512824655908251
568,Positive Regulation Of Chromatin Binding (GO:0035563),0.12393124477512822,8.591087811271297,17.938434862399205,GMNN,0.3512824655908251
569,Positive Regulation Of Epithelial Cell Proliferation Involved In Wound Healing (GO:0060054),0.12393124477512822,8.591087811271297,17.938434862399205,MMP12,0.3512824655908251
570,Positive Regulation Of Fatty Acid Beta-Oxidation (GO:0032000),0.12393124477512822,8.591087811271297,17.938434862399205,TWIST1,0.3512824655908251
571,Positive Regulation Of Monocyte Chemotactic Protein-1 Production (GO:0071639),0.12393124477512822,8.591087811271297,17.938434862399205,TWIST1,0.3512824655908251
572,Positive Regulation Of Synapse Maturation (GO:0090129),0.12393124477512822,8.591087811271297,17.938434862399205,CDC20,0.3512824655908251
573,Proline Transport (GO:0015824),0.12393124477512822,8.591087811271297,17.938434862399205,SLC7A5,0.3512824655908251
574,Regulation Of DNA-templated Transcription Initiation (GO:2000142),0.12393124477512822,8.591087811271297,17.938434862399205,TWIST1,0.3512824655908251
575,Negative Regulation Of Phosphorylation (GO:0042326),0.12533532879569004,2.5128205128205128,5.218531418158944,CDKN2A;IGFBP3;SORD,0.35402878463643694
576,Regulation Of BMP Signaling Pathway (GO:0030510),0.12533532879569004,2.5128205128205128,5.218531418158944,CCNA2;GREM1;SULF1,0.35402878463643694
577,Regulation Of Protein Import Into Nucleus (GO:0042306),0.12841501170311923,3.3462849352419903,6.8682096105334836,JUP;ECT2,0.3596062375920395
578,Response To Peptide (GO:1901652),0.12841501170311923,3.3462849352419903,6.8682096105334836,MMP12;MMP9,0.3596062375920395
579,Negative Regulation Of Epithelial Cell Apoptotic Process (GO:1904036),0.12841501170311923,3.3462849352419903,6.8682096105334836,SERPINB13;MDK,0.3596062375920395
580,Positive Regulation Of Bone Mineralization (GO:0030501),0.12841501170311923,3.3462849352419903,6.8682096105334836,TFAP2A;CCNA2,0.3596062375920395
581,Positive Regulation Of Myoblast Differentiation (GO:0045663),0.12841501170311923,3.3462849352419903,6.8682096105334836,IGFBP3;SOX4,0.3596062375920395
582,Negative Regulation Of Cell Migration (GO:0030336),0.13070143914946183,1.9118626797821061,3.8903339810570454,COL3A1;KRT16;IGFBP3;SULF1;PFN2,0.3611900827005788
583,Regulation Of Protein Kinase Activity (GO:0045859),0.1321544137421868,2.09951690821256,4.248969228360347,CCNA2;CENPE;ECT2;C1ORF112,0.3611900827005788
584,Positive Regulation Of Angiogenesis (GO:0045766),0.1321544137421868,2.09951690821256,4.248969228360347,JUP;MDK;TWIST1;HMGA2,0.3611900827005788
585,Anterograde Axonal Transport (GO:0008089),0.13395894991390428,3.255678991875311,6.544637110809825,KIF4A;NEFL,0.3611900827005788
586,Regulation Of Mitotic Spindle Organization (GO:0060236),0.13395894991390428,3.255678991875311,6.544637110809825,TPX2;STIL,0.3611900827005788
587,Odontogenesis (GO:0042476),0.13395894991390428,3.255678991875311,6.544637110809825,COL1A1;COL1A2,0.3611900827005788
588,Positive Regulation Of ATP-dependent Activity (GO:0032781),0.13395894991390428,3.255678991875311,6.544637110809825,UHRF1;PFN2,0.3611900827005788
589,IMP Metabolic Process (GO:0046040),0.1383045000138049,7.516819571865444,14.870505387869256,SORD,0.3611900827005788
590,Regulation Of Hair Cycle (GO:0042634),0.1383045000138049,7.516819571865444,14.870505387869256,CDH3,0.3611900827005788
591,Regulation Of Inflammatory Response To Wounding (GO:0106014),0.1383045000138049,7.516819571865444,14.870505387869256,MDK,0.3611900827005788
592,Adrenal Gland Development (GO:0030325),0.1383045000138049,7.516819571865444,14.870505387869256,MDK,0.3611900827005788
593,Biomineral Tissue Development (GO:0031214),0.1383045000138049,7.516819571865444,14.870505387869256,COL1A1,0.3611900827005788
594,Regulation Of Receptor Binding (GO:1900120),0.1383045000138049,7.516819571865444,14.870505387869256,MMP9,0.3611900827005788
595,Response To Hydroxyurea (GO:0072710),0.1383045000138049,7.516819571865444,14.870505387869256,TIMELESS,0.3611900827005788
596,Ectoderm Development (GO:0007398),0.1383045000138049,7.516819571865444,14.870505387869256,KRT6B,0.3611900827005788
597,Sequestering Of Extracellular Ligand From Receptor (GO:0035581),0.1383045000138049,7.516819571865444,14.870505387869256,GREM1,0.3611900827005788
598,Endodermal Cell Fate Commitment (GO:0001711),0.1383045000138049,7.516819571865444,14.870505387869256,SOX2,0.3611900827005788
599,Error-Prone Translesion Synthesis (GO:0042276),0.1383045000138049,7.516819571865444,14.870505387869256,POLE2,0.3611900827005788
600,Forelimb Morphogenesis (GO:0035136),0.1383045000138049,7.516819571865444,14.870505387869256,TFAP2A,0.3611900827005788
601,Telomere Maintenance Via Recombination (GO:0000722),0.1383045000138049,7.516819571865444,14.870505387869256,RAD51,0.3611900827005788
602,"Wound Healing, Spreading Of Epidermal Cells (GO:0035313)",0.1383045000138049,7.516819571865444,14.870505387869256,MMP12,0.3611900827005788
603,Histone Ubiquitination (GO:0016574),0.1383045000138049,7.516819571865444,14.870505387869256,UHRF1,0.3611900827005788
604,Hormone Transport (GO:0009914),0.1383045000138049,7.516819571865444,14.870505387869256,SLC7A5,0.3611900827005788
605,Intestinal Cholesterol Absorption (GO:0030299),0.1383045000138049,7.516819571865444,14.870505387869256,AKR1C1,0.3611900827005788
606,Leucine Transport (GO:0015820),0.1383045000138049,7.516819571865444,14.870505387869256,SLC7A5,0.3611900827005788
607,Long-Chain Fatty Acid Import Into Cell (GO:0044539),0.1383045000138049,7.516819571865444,14.870505387869256,SLC2A1,0.3611900827005788
608,Mitral Valve Morphogenesis (GO:0003183),0.1383045000138049,7.516819571865444,14.870505387869256,SOX4,0.3611900827005788
609,Muscle Cell Migration (GO:0014812),0.1383045000138049,7.516819571865444,14.870505387869256,SIX1,0.3611900827005788
610,Negative Regulation Of Phosphatidylinositol 3-Kinase Signaling (GO:0014067),0.1383045000138049,7.516819571865444,14.870505387869256,TWIST1,0.3611900827005788
611,Negative Regulation Of Protein Maturation (GO:1903318),0.1383045000138049,7.516819571865444,14.870505387869256,MAGEA3,0.3611900827005788
612,Negative Regulation Of Transcription By Competitive Promoter Binding (GO:0010944),0.1383045000138049,7.516819571865444,14.870505387869256,TFAP2A,0.3611900827005788
613,Negative Regulation Of Transforming Growth Factor Beta Production (GO:0071635),0.1383045000138049,7.516819571865444,14.870505387869256,CDH3,0.3611900827005788
614,Negative Regulation Of Vascular Endothelial Growth Factor Signaling Pathway (GO:1900747),0.1383045000138049,7.516819571865444,14.870505387869256,SORD,0.3611900827005788
615,Nucleobase-Containing Compound Biosynthetic Process (GO:0034654),0.1383045000138049,7.516819571865444,14.870505387869256,TYMS,0.3611900827005788
616,Positive Regulation Of Keratinocyte Migration (GO:0051549),0.1383045000138049,7.516819571865444,14.870505387869256,MMP9,0.3611900827005788
617,Positive Regulation Of Leukocyte Apoptotic Process (GO:2000108),0.1383045000138049,7.516819571865444,14.870505387869256,CDKN2A,0.3611900827005788
618,Positive Regulation Of Smooth Muscle Contraction (GO:0045987),0.1383045000138049,7.516819571865444,14.870505387869256,NMU,0.3611900827005788
619,Protein Localization To Microtubule Cytoskeleton (GO:0072698),0.1383045000138049,7.516819571865444,14.870505387869256,FAM83D,0.3611900827005788
620,Purine Nucleobase Metabolic Process (GO:0006144),0.1383045000138049,7.516819571865444,14.870505387869256,PAICS,0.3611900827005788
621,Quinone Metabolic Process (GO:1901661),0.1383045000138049,7.516819571865444,14.870505387869256,NQO1,0.3611900827005788
622,"Regulation Of CD8-positive, Alpha-Beta T Cell Activation (GO:2001185)",0.1383045000138049,7.516819571865444,14.870505387869256,DAPL1,0.3611900827005788
623,Regulation Of Cell-Cell Adhesion Mediated By Integrin (GO:0033632),0.1383045000138049,7.516819571865444,14.870505387869256,CXCL13,0.3611900827005788
624,L-alpha-amino Acid Transmembrane Transport (GO:1902475),0.1395558560131272,3.1698417823700353,6.242338853120258,SLC7A5;SLC7A11,0.36206121554665754
625,Retinoid Metabolic Process (GO:0001523),0.1395558560131272,3.1698417823700353,6.242338853120258,AKR1B10;AKR1C1,0.36206121554665754
626,Positive Regulation Of Wound Healing (GO:0090303),0.1395558560131272,3.1698417823700353,6.242338853120258,FERMT1;F12,0.36206121554665754
627,Positive Regulation Of Transcription By RNA Polymerase II (GO:0045944),0.1400095524212399,1.3265710324533855,2.608097850848296,TFAP2A;JUP;UHRF1;ATAD2;CKAP2;HMGA1;TWIST1;HMGA2;SIX1;FOXM1;SOX2;MMP12;CCNA2;GREM1;MYBL2;IRF6;E2F7;SOX4;TP63;E2F8,0.36206121554665754
628,Regulation Of Neuron Differentiation (GO:0045664),0.14019579950485203,2.380080971659919,4.676181418303876,SOX2;SIX1;ECT2,0.36206121554665754
629,Cellular Response To UV (GO:0034644),0.14019579950485203,2.380080971659919,4.676181418303876,MMP1;MMP9;AURKB,0.36206121554665754
630,Protein Import Into Nucleus (GO:0006606),0.14019579950485203,2.380080971659919,4.676181418303876,MMP12;KPNA2;TNPO1,0.36206121554665754
631,Positive Regulation Of Epithelial Cell Proliferation (GO:0050679),0.14394138079874622,2.028529930490715,3.9319992463755224,MMP12;CDH3;MDK;NME1,0.3668996859350247
632,Regulation Of Microtubule-Based Process (GO:0032886),0.14520251643382848,3.088406481044518,5.959468968561615,AURKA;MCM2,0.3668996859350247
633,Regulation Of Release Of Cytochrome C From Mitochondria (GO:0090199),0.14520251643382848,3.088406481044518,5.959468968561615,MLLT11;MMP9,0.3668996859350247
634,Response To Amino Acid Starvation (GO:1990928),0.14520251643382848,3.088406481044518,5.959468968561615,SESN3;DAPL1,0.3668996859350247
635,Positive Regulation Of Ossification (GO:0045778),0.14520251643382848,3.088406481044518,5.959468968561615,TFAP2A;CCNA2,0.3668996859350247
636,Regulation Of DNA Metabolic Process (GO:0051052),0.1469510103369761,2.011522633744856,3.8574084693838833,CCNA2;DEPDC1B;GMNN;KPNA2,0.3668996859350247
637,Activation Of Protein Kinase Activity (GO:0032147),0.14783864435247668,2.318816568047337,4.4327282221439335,TPX2;KIF14;ECT2,0.3668996859350247
638,Spindle Assembly (GO:0051225),0.14783864435247668,2.318816568047337,4.4327282221439335,TPX2;NEK2;KIF11,0.3668996859350247
639,Macromolecule Modification (GO:0043412),0.14783864435247668,2.318816568047337,4.4327282221439335,ERO1A;UBE2S;PLOD2,0.3668996859350247
640,Negative Regulation Of Signal Transduction (GO:0009968),0.15073202250053033,1.6281332374790318,3.080837893307088,IGFBP3;SORD;TWIST1;PRAME;SULF1;LGR4;EZH2,0.3668996859350247
641,Amino Acid Transmembrane Transport (GO:0003333),0.15089580818988194,3.011042944785276,5.694381115287886,SLC7A5;SLC7A11,0.3668996859350247
642,Cellular Response To Amino Acid Starvation (GO:0034198),0.15089580818988194,3.011042944785276,5.694381115287886,SESN3;DAPL1,0.3668996859350247
643,Skeletal Muscle Tissue Development (GO:0007519),0.15089580818988194,3.011042944785276,5.694381115287886,SIX4;SIX1,0.3668996859350247
644,Regulation Of Phosphorylation (GO:0042325),0.15170997223446686,2.2893476144109055,4.317216608632852,MCM7;CDKN2A;CD24,0.3668996859350247
645,CRD-mediated mRNA Stabilization (GO:0070934),0.15244264762881174,6.681277607883112,12.567261594476301,IGF2BP3,0.3668996859350247
646,Regulation Of Cysteine-Type Endopeptidase Activity Involved In Apoptotic Signaling Pathway (GO:2001267),0.15244264762881174,6.681277607883112,12.567261594476301,MMP9,0.3668996859350247
647,L-serine Metabolic Process (GO:0006563),0.15244264762881174,6.681277607883112,12.567261594476301,PSAT1,0.3668996859350247
648,Regulation Of Melanin Biosynthetic Process (GO:0048021),0.15244264762881174,6.681277607883112,12.567261594476301,CDH3,0.3668996859350247
649,Regulation Of Mitochondrial Depolarization (GO:0051900),0.15244264762881174,6.681277607883112,12.567261594476301,MLLT11,0.3668996859350247
650,Atrial Septum Morphogenesis (GO:0060413),0.15244264762881174,6.681277607883112,12.567261594476301,SOX4,0.3668996859350247
651,Regulation Of Peroxisome Proliferator Activated Receptor Signaling Pathway (GO:0035358),0.15244264762881174,6.681277607883112,12.567261594476301,TWIST1,0.3668996859350247
652,Branched-Chain Amino Acid Transport (GO:0015803),0.15244264762881174,6.681277607883112,12.567261594476301,SLC7A5,0.3668996859350247
653,Cell Proliferation In Forebrain (GO:0021846),0.15244264762881174,6.681277607883112,12.567261594476301,KIF14,0.3668996859350247
654,Regulation Of Smooth Muscle Cell Apoptotic Process (GO:0034391),0.15244264762881174,6.681277607883112,12.567261594476301,CDKN2A,0.3668996859350247
655,Regulation Of Synapse Maturation (GO:0090128),0.15244264762881174,6.681277607883112,12.567261594476301,CDC20,0.3668996859350247
656,Cellular Response To Leucine (GO:0071233),0.15244264762881174,6.681277607883112,12.567261594476301,SESN3,0.3668996859350247
657,Removal Of Superoxide Radicals (GO:0019430),0.15244264762881174,6.681277607883112,12.567261594476301,NQO1,0.3668996859350247
658,Columnar/Cuboidal Epithelial Cell Differentiation (GO:0002065),0.15244264762881174,6.681277607883112,12.567261594476301,SOX4,0.3668996859350247
659,Response To Leucine (GO:0043201),0.15244264762881174,6.681277607883112,12.567261594476301,SESN3,0.3668996859350247
660,Diol Metabolic Process (GO:0034311),0.15244264762881174,6.681277607883112,12.567261594476301,PLPP2,0.3668996859350247
661,Serine Family Amino Acid Biosynthetic Process (GO:0009070),0.15244264762881174,6.681277607883112,12.567261594476301,PSAT1,0.3668996859350247
662,T-Circle Formation (GO:0090656),0.15244264762881174,6.681277607883112,12.567261594476301,EXO1,0.3668996859350247
663,Formation Of Extrachromosomal Circular DNA (GO:0001325),0.15244264762881174,6.681277607883112,12.567261594476301,EXO1,0.3668996859350247
664,Telomere Maintenance Via Telomere Trimming (GO:0090737),0.15244264762881174,6.681277607883112,12.567261594476301,EXO1,0.3668996859350247
665,Thyroid Hormone Generation (GO:0006590),0.15244264762881174,6.681277607883112,12.567261594476301,DIO2,0.3668996859350247
666,Heme Catabolic Process (GO:0042167),0.15244264762881174,6.681277607883112,12.567261594476301,UGT1A4,0.3668996859350247
667,"Heparan Sulfate Proteoglycan Biosynthetic Process, Enzymatic Modification (GO:0015015)",0.15244264762881174,6.681277607883112,12.567261594476301,HS6ST2,0.3668996859350247
668,Negative Regulation Of Alpha-Beta T Cell Activation (GO:0046636),0.15244264762881174,6.681277607883112,12.567261594476301,DAPL1,0.3668996859350247
669,Negative Regulation Of Mitochondrial Outer Membrane Permeabilization Involved In Apoptotic Signaling Pathway (GO:1901029),0.15244264762881174,6.681277607883112,12.567261594476301,SLC35F6,0.3668996859350247
670,Negative Regulation Of Nuclear Division (GO:0051784),0.15244264762881174,6.681277607883112,12.567261594476301,CHEK1,0.3668996859350247
671,Negative Regulation Of Pathway-Restricted SMAD Protein Phosphorylation (GO:0060394),0.15244264762881174,6.681277607883112,12.567261594476301,GREM1,0.3668996859350247
672,Nucleoside Triphosphate Metabolic Process (GO:0009141),0.15244264762881174,6.681277607883112,12.567261594476301,AK4,0.3668996859350247
673,Peptidyl-Proline Hydroxylation (GO:0019511),0.15244264762881174,6.681277607883112,12.567261594476301,EGLN3,0.3668996859350247
674,Positive Regulation Of Bone Resorption (GO:0045780),0.15244264762881174,6.681277607883112,12.567261594476301,SPP1,0.3668996859350247
675,Positive Regulation Of Lipid Localization (GO:1905954),0.15244264762881174,6.681277607883112,12.567261594476301,HILPDA,0.3668996859350247
676,Regulation Of Cardiac Muscle Cell Apoptotic Process (GO:0010665),0.15244264762881174,6.681277607883112,12.567261594476301,MDK,0.3668996859350247
677,Regulation Of Chromosome Organization (GO:0033044),0.15663269676250371,2.9374532395630704,5.445602757128761,RMI2;BUB1,0.3742164429259817
678,DNA-templated DNA Replication Maintenance Of Fidelity (GO:0045005),0.15663269676250371,2.9374532395630704,5.445602757128761,RAD51;TIMELESS,0.3742164429259817
679,Response To Amyloid-Beta (GO:1904645),0.15663269676250371,2.9374532395630704,5.445602757128761,MMP12;MMP9,0.3742164429259817
680,Skeletal System Morphogenesis (GO:0048705),0.15663269676250371,2.9374532395630704,5.445602757128761,TFAP2A;SIX1,0.3742164429259817
681,Positive Regulation Of Biomineral Tissue Development (GO:0070169),0.15663269676250371,2.9374532395630704,5.445602757128761,TFAP2A;CCNA2,0.3742164429259817
682,Positive Regulation Of Double-Strand Break Repair (GO:2000781),0.15954781283187688,2.2325925925925927,4.097726420005923,RAD51AP1;TIMELESS;FOXM1,0.37642652518517133
683,Purine Ribonucleotide Metabolic Process (GO:0009150),0.15954781283187688,2.2325925925925927,4.097726420005923,FIGNL1;AK4;PTHLH,0.37642652518517133
684,Protein Homooligomerization (GO:0051260),0.16235600711987863,1.930567901234568,3.5097025194129645,TK1;ECT2;FOXM1;TNPO1,0.37642652518517133
685,Bone Development (GO:0060348),0.16241023407635974,2.867367806018113,5.211813273652468,TFAP2A;SULF1,0.37642652518517133
686,Cellular Response To Ketone (GO:1901655),0.16241023407635974,2.867367806018113,5.211813273652468,POSTN;SPP1,0.37642652518517133
687,Regulation Of Viral Entry Into Host Cell (GO:0046596),0.16241023407635974,2.867367806018113,5.211813273652468,LRRC15;TMPRSS4,0.37642652518517133
688,Negative Regulation Of Immune System Process (GO:0002683),0.16241023407635974,2.867367806018113,5.211813273652468,COL3A1;LGR4,0.37642652518517133
689,Positive Regulation Of Nucleocytoplasmic Transport (GO:0046824),0.16241023407635974,2.867367806018113,5.211813273652468,JUP;ECT2,0.37642652518517133
690,Positive Regulation Of Osteoblast Differentiation (GO:0045669),0.16241023407635974,2.867367806018113,5.211813273652468,CCNA2;TP63,0.37642652518517133
691,Establishment Of Protein Localization To Organelle (GO:0072594),0.16351248156391301,2.205253283302064,3.9934180856463004,MMP12;KPNA2;TNPO1,0.37642652518517133
692,Positive Regulation Of Protein Modification Process (GO:0031401),0.16586064455891286,1.655151876116736,2.9736579991909875,CCNA2;CDCA2;CDCA8;BIRC5;MMP9;AURKB,0.37642652518517133
693,DNA Methylation-Dependent Heterochromatin Formation (GO:0006346),0.16634952157845004,6.012844036697247,10.785022803290294,HELLS,0.37642652518517133
694,Regulation Of Epithelial Cell Apoptotic Process (GO:1904035),0.16634952157845004,6.012844036697247,10.785022803290294,MDK,0.37642652518517133
695,Regulation Of Fatty Acid Metabolic Process (GO:0019217),0.16634952157845004,6.012844036697247,10.785022803290294,UGT1A8,0.37642652518517133
696,Actin Crosslink Formation (GO:0051764),0.16634952157845004,6.012844036697247,10.785022803290294,BAIAP2L1,0.37642652518517133
697,Regulation Of Keratinocyte Migration (GO:0051547),0.16634952157845004,6.012844036697247,10.785022803290294,MMP9,0.37642652518517133
698,Regulation Of Leukocyte Cell-Cell Adhesion (GO:1903037),0.16634952157845004,6.012844036697247,10.785022803290294,MDK,0.37642652518517133
699,Regulation Of Monocyte Chemotactic Protein-1 Production (GO:0071637),0.16634952157845004,6.012844036697247,10.785022803290294,TWIST1,0.37642652518517133
700,Regulation Of Stress-Activated Protein Kinase Signaling Cascade (GO:0070302),0.16634952157845004,6.012844036697247,10.785022803290294,GREM1,0.37642652518517133
701,Cellular Response To Superoxide (GO:0071451),0.16634952157845004,6.012844036697247,10.785022803290294,NQO1,0.37642652518517133
702,Response To X-ray (GO:0010165),0.16634952157845004,6.012844036697247,10.785022803290294,DEPDC1B,0.37642652518517133
703,Cytidine To Uridine Editing (GO:0016554),0.16634952157845004,6.012844036697247,10.785022803290294,APOBEC3B,0.37642652518517133
704,Skeletal Muscle Fiber Development (GO:0048741),0.16634952157845004,6.012844036697247,10.785022803290294,SIX1,0.37642652518517133
705,Sphingoid Metabolic Process (GO:0046519),0.16634952157845004,6.012844036697247,10.785022803290294,PLPP2,0.37642652518517133
706,Tetrahydrofolate Metabolic Process (GO:0046653),0.16634952157845004,6.012844036697247,10.785022803290294,TYMS,0.37642652518517133
707,Intestinal Absorption (GO:0050892),0.16634952157845004,6.012844036697247,10.785022803290294,SLC2A5,0.37642652518517133
708,Intestinal Lipid Absorption (GO:0098856),0.16634952157845004,6.012844036697247,10.785022803290294,AKR1C1,0.37642652518517133
709,Intrinsic Apoptotic Signaling Pathway In Response To Oxidative Stress (GO:0008631),0.16634952157845004,6.012844036697247,10.785022803290294,PDK1,0.37642652518517133
710,Negative Regulation Of Bone Remodeling (GO:0046851),0.16634952157845004,6.012844036697247,10.785022803290294,GREM1,0.37642652518517133
711,Negative Regulation Of Cellular Response To Vascular Endothelial Growth Factor Stimulus (GO:1902548),0.16634952157845004,6.012844036697247,10.785022803290294,SORD,0.37642652518517133
712,Negative Regulation Of Leukocyte Chemotaxis (GO:0002689),0.16634952157845004,6.012844036697247,10.785022803290294,GREM1,0.37642652518517133
713,Nucleoside Phosphate Biosynthetic Process (GO:1901293),0.16634952157845004,6.012844036697247,10.785022803290294,AK4,0.37642652518517133
714,Podocyte Differentiation (GO:0072112),0.16634952157845004,6.012844036697247,10.785022803290294,CD24,0.37642652518517133
715,Positive Regulation Of Coagulation (GO:0050820),0.16634952157845004,6.012844036697247,10.785022803290294,F12,0.37642652518517133
716,Positive Regulation Of Hemostasis (GO:1900048),0.16634952157845004,6.012844036697247,10.785022803290294,F12,0.37642652518517133
717,Positive Regulation Of Protein Maturation (GO:1903319),0.16634952157845004,6.012844036697247,10.785022803290294,SOX4,0.37642652518517133
718,Purine Ribonucleoside Monophosphate Biosynthetic Process (GO:0009168),0.16634952157845004,6.012844036697247,10.785022803290294,PAICS,0.37642652518517133
719,Purine Ribonucleoside Monophosphate Metabolic Process (GO:0009167),0.16634952157845004,6.012844036697247,10.785022803290294,AK4,0.37642652518517133
720,Negative Regulation Of Binding (GO:0051100),0.1675064246774024,2.1785727525486562,3.8925290763926186,HMGA2;AURKB;AURKA,0.37851799020851906
721,Epidermal Growth Factor Receptor Signaling Pathway (GO:0007173),0.16822555646114334,2.8005421600798974,4.9918252588277126,FAM83B;FAM83A,0.37909000050177316
722,Zymogen Activation (GO:0031638),0.16822555646114334,2.8005421600798974,4.9918252588277126,PERP;F12,0.37909000050177316
723,Protein-Containing Complex Assembly (GO:0065003),0.172622741678708,1.511875,2.655830304515225,ANLN;CENPE;CENPF;CENPW;SLC2A1;KNTC1;CENPA;DLGAP5,0.38388861050110235
724,Apoptotic Process (GO:0006915),0.17296500834093417,1.6325331542722847,2.8645503688498217,EGLN3;MELK;CHEK1;GAPDH;TP63;MCM2,0.38388861050110235
725,Regulation Of Epidermal Growth Factor Receptor Signaling Pathway (GO:0042058),0.17407588275445157,2.73675404350251,4.784568480935919,MMP9;FAM83B,0.38388861050110235
726,Amino Acid Transport (GO:0006865),0.17407588275445157,2.73675404350251,4.784568480935919,SLC7A5;SLC7A11,0.38388861050110235
727,Regulation Of Nervous System Development (GO:0051960),0.17407588275445157,2.73675404350251,4.784568480935919,PTPRZ1;KIF14,0.38388861050110235
728,Positive Regulation Of Cell-Cell Adhesion (GO:0022409),0.17407588275445157,2.73675404350251,4.784568480935919,MDK;CXCL13,0.38388861050110235
729,Nervous System Development (GO:0007399),0.176066307236874,1.4310034643234162,2.4855022029738785,UGT8;STIL;PTPRZ1;MDK;SLC2A1;IGF2BP3;MSI2;ECT2;PAFAH1B3;SOX4,0.38388861050110235
730,Proteolysis (GO:0006508),0.17657645978518877,1.5023291925465838,2.605040767640611,MMP12;ADAMDEC1;MMP1;F12;TMPRSS4;ADAM12;CTSV;MMP9,0.38388861050110235
731,Positive Regulation Of DNA Repair (GO:0045739),0.17965477812860753,2.1022540250447226,3.6089776804400024,DEPDC1B;TIMELESS;FOXM1,0.38388861050110235
732,Secondary Alcohol Metabolic Process (GO:1902652),0.17995851226842918,2.6758009543285617,4.589076079854133,UGT1A4;UGT1A6,0.38388861050110235
733,Epithelial To Mesenchymal Transition (GO:0001837),0.17995851226842918,2.6758009543285617,4.589076079854133,HMGA2;FAM83D,0.38388861050110235
734,Protein Monoubiquitination (GO:0006513),0.17995851226842918,2.6758009543285617,4.589076079854133,UHRF1;UBE2T,0.38388861050110235
735,DNA Deamination (GO:0045006),0.1800288935539896,5.465943842090631,9.372114586959224,APOBEC3B,0.38388861050110235
736,Regulation Of Leukocyte Adhesion To Vascular Endothelial Cell (GO:1904994),0.1800288935539896,5.465943842090631,9.372114586959224,MDK,0.38388861050110235
737,Alanine Transport (GO:0032328),0.1800288935539896,5.465943842090631,9.372114586959224,SLC7A5,0.38388861050110235
738,Atrial Cardiac Muscle Tissue Development (GO:0003228),0.1800288935539896,5.465943842090631,9.372114586959224,GJB6,0.38388861050110235
739,Axonal Transport Of Mitochondrion (GO:0019896),0.1800288935539896,5.465943842090631,9.372114586959224,NEFL,0.38388861050110235
740,"Base-Excision Repair, Gap-Filling (GO:0006287)",0.1800288935539896,5.465943842090631,9.372114586959224,FEN1,0.38388861050110235
741,cAMP Metabolic Process (GO:0046058),0.1800288935539896,5.465943842090631,9.372114586959224,PTHLH,0.38388861050110235
742,Cardiac Right Ventricle Morphogenesis (GO:0003215),0.1800288935539896,5.465943842090631,9.372114586959224,SOX4,0.38388861050110235
743,Cellular Response To Leucine Starvation (GO:1990253),0.1800288935539896,5.465943842090631,9.372114586959224,SESN3,0.38388861050110235
744,Regulation Of Tube Diameter (GO:0035296),0.1800288935539896,5.465943842090631,9.372114586959224,GCLC,0.38388861050110235
745,Response To Iron Ion (GO:0010039),0.1800288935539896,5.465943842090631,9.372114586959224,TFAP2A,0.38388861050110235
746,Dendrite Self-Avoidance (GO:0070593),0.1800288935539896,5.465943842090631,9.372114586959224,IGSF9,0.38388861050110235
747,Secretion (GO:0046903),0.1800288935539896,5.465943842090631,9.372114586959224,TPD52,0.38388861050110235
748,Spinal Cord Development (GO:0021510),0.1800288935539896,5.465943842090631,9.372114586959224,SOX4,0.38388861050110235
749,Steroid Catabolic Process (GO:0006706),0.1800288935539896,5.465943842090631,9.372114586959224,SPP1,0.38388861050110235
750,Fatty Acid Transmembrane Transport (GO:1902001),0.1800288935539896,5.465943842090631,9.372114586959224,SLC2A1,0.38388861050110235
751,Glucose Import (GO:0046323),0.1800288935539896,5.465943842090631,9.372114586959224,SLC2A1,0.38388861050110235
752,Vascular Process In Circulatory System (GO:0003018),0.1800288935539896,5.465943842090631,9.372114586959224,GCLC,0.38388861050110235
753,Negative Regulation By Host Of Viral Transcription (GO:0043922),0.1800288935539896,5.465943842090631,9.372114586959224,HMGA2,0.38388861050110235
754,Negative Regulation Of Cell Cycle Phase Transition (GO:1901988),0.1800288935539896,5.465943842090631,9.372114586959224,SOX2,0.38388861050110235
755,Negative Regulation Of Mitochondrial Membrane Permeability (GO:0035795),0.1800288935539896,5.465943842090631,9.372114586959224,SLC35F6,0.38388861050110235
756,Negative Regulation Of Mononuclear Cell Migration (GO:0071676),0.1800288935539896,5.465943842090631,9.372114586959224,GREM1,0.38388861050110235
757,Positive Regulation By Symbiont Of Entry Into Host (GO:0075294),0.1800288935539896,5.465943842090631,9.372114586959224,TMPRSS4,0.38388861050110235
758,Positive Regulation Of T Cell Chemotaxis (GO:0010820),0.1800288935539896,5.465943842090631,9.372114586959224,CXCL13,0.38388861050110235
759,Positive Regulation Of Cellular Extravasation (GO:0002693),0.1800288935539896,5.465943842090631,9.372114586959224,MDK,0.38388861050110235
760,Positive Regulation Of Fatty Acid Oxidation (GO:0046321),0.1800288935539896,5.465943842090631,9.372114586959224,TWIST1,0.38388861050110235
761,Positive Regulation Of Neuron Migration (GO:2001224),0.1800288935539896,5.465943842090631,9.372114586959224,MDK,0.38388861050110235
762,Positive Regulation Of Vascular Endothelial Cell Proliferation (GO:1905564),0.1800288935539896,5.465943842090631,9.372114586959224,MDK,0.38388861050110235
763,Positive Regulation Of Viral Entry Into Host Cell (GO:0046598),0.1800288935539896,5.465943842090631,9.372114586959224,TMPRSS4,0.38388861050110235
764,Central Nervous System Development (GO:0007417),0.18461935222489295,1.5324845365479254,2.589069990506737,UGT8;CNTNAP2;PTPRZ1;SLC2A1;MSI2;PAFAH1B3;SOX4,0.3931618927616503
765,Positive Regulation Of Reactive Oxygen Species Metabolic Process (GO:2000379),0.1858708230390761,2.6174979994665244,4.404472642728917,AKR1C1;SORD,0.3947935105542778
766,Post-Translational Protein Modification (GO:0043687),0.1858708230390761,2.6174979994665244,4.404472642728917,CCNA2;AURKB,0.3947935105542778
767,Negative Regulation Of Transcription By RNA Polymerase II (GO:0000122),0.18936809273389857,1.2992139498163595,2.1619733139203956,TFAP2A;MAGEA12;BCL11A;UHRF1;CBX2;TWIST1;HMGA2;FOXM1;AURKB;SOX2;MAGED4;MAGEA3;E2F7;SOX4;E2F8;EZH2,0.39797628204748003
768,Negative Regulation Of Macromolecule Metabolic Process (GO:0010605),0.19114804517350598,1.6669517472589501,2.7583168007884087,SLC7A5;KRT17;SORD;NTS;AURKA,0.39797628204748003
769,Negative Regulation Of DNA Metabolic Process (GO:0051053),0.19181026992646427,2.561676021407127,4.229963874811036,GMNN;CDC6,0.39797628204748003
770,Negative Regulation Of Cysteine-Type Endopeptidase Activity Involved In Apoptotic Process (GO:0043154),0.19181026992646427,2.561676021407127,4.229963874811036,MMP9;MAGEA3,0.39797628204748003
771,Neurogenesis (GO:0022008),0.19181026992646427,2.561676021407127,4.229963874811036,SIX4;SIX1,0.39797628204748003
772,Regulation Of Fatty Acid Beta-Oxidation (GO:0031998),0.19348447393949397,5.0101936799184505,8.229533749430374,TWIST1,0.39797628204748003
773,Regulation Of Humoral Immune Response (GO:0002920),0.19348447393949397,5.0101936799184505,8.229533749430374,CXCL13,0.39797628204748003
774,Cardiocyte Differentiation (GO:0035051),0.19348447393949397,5.0101936799184505,8.229533749430374,GREM1,0.39797628204748003
775,Regulation Of Vasculogenesis (GO:2001212),0.19348447393949397,5.0101936799184505,8.229533749430374,SORD,0.39797628204748003
776,Cranial Nerve Development (GO:0021545),0.19348447393949397,5.0101936799184505,8.229533749430374,TFAP2A,0.39797628204748003
777,Extracellular Transport (GO:0006858),0.19348447393949397,5.0101936799184505,8.229533749430374,CABYR,0.39797628204748003
778,Thymus Development (GO:0048538),0.19348447393949397,5.0101936799184505,8.229533749430374,SIX1,0.39797628204748003
779,Immune Response-Regulating Cell Surface Receptor Signaling Pathway (GO:0002768),0.19348447393949397,5.0101936799184505,8.229533749430374,CD24,0.39797628204748003
780,Killing By Host Of Symbiont Cells (GO:0051873),0.19348447393949397,5.0101936799184505,8.229533749430374,GAPDH,0.39797628204748003
781,Microtubule-Based Transport (GO:0099111),0.19348447393949397,5.0101936799184505,8.229533749430374,CABYR,0.39797628204748003
782,"Negative Regulation Of DNA Damage Response, Signal Transduction By P53 Class Mediator (GO:0043518)",0.19348447393949397,5.0101936799184505,8.229533749430374,TWIST1,0.39797628204748003
783,Negative Regulation Of T Cell Differentiation (GO:0045581),0.19348447393949397,5.0101936799184505,8.229533749430374,MDK,0.39797628204748003
784,Negative Regulation Of Bone Mineralization (GO:0030502),0.19348447393949397,5.0101936799184505,8.229533749430374,GREM1,0.39797628204748003
785,Negative Regulation Of Fibroblast Growth Factor Receptor Signaling Pathway (GO:0040037),0.19348447393949397,5.0101936799184505,8.229533749430374,SULF1,0.39797628204748003
786,Negative Regulation Of Myoblast Differentiation (GO:0045662),0.19348447393949397,5.0101936799184505,8.229533749430374,SOX4,0.39797628204748003
787,Negative Regulation Of Toll-Like Receptor Signaling Pathway (GO:0034122),0.19348447393949397,5.0101936799184505,8.229533749430374,LGR4,0.39797628204748003
788,Negative Regulation Of Translational Initiation (GO:0045947),0.19348447393949397,5.0101936799184505,8.229533749430374,EIF4EBP1,0.39797628204748003
789,Positive Regulation Of Brown Fat Cell Differentiation (GO:0090336),0.19348447393949397,5.0101936799184505,8.229533749430374,SIX1,0.39797628204748003
790,Positive Regulation Of Macrophage Chemotaxis (GO:0010759),0.19348447393949397,5.0101936799184505,8.229533749430374,MDK,0.39797628204748003
791,Regulation Of T Cell Chemotaxis (GO:0010819),0.19348447393949397,5.0101936799184505,8.229533749430374,CXCL13,0.39797628204748003
792,Negative Regulation Of Amide Metabolic Process (GO:0034249),0.19620745753293925,2.0084102564102566,3.2708622437260972,IGF2BP3;TYMS;GAPDH,0.40306759268445985
793,Dicarboxylic Acid Metabolic Process (GO:0043648),0.19777438274677048,2.5081799591002043,4.0648276215240875,GCLC;GPT2,0.4042448752876829
794,Plasma Membrane Bounded Cell Projection Morphogenesis (GO:0120039),0.19777438274677048,2.5081799591002043,4.0648276215240875,CNTNAP2;CTTN,0.4042448752876829
795,Positive Regulation Of Transport (GO:0051050),0.19777438274677048,2.5081799591002043,4.0648276215240875,CDH3;SPAG5,0.4042448752876829
796,Pyruvate Metabolic Process (GO:0006090),0.19777438274677048,2.5081799591002043,4.0648276215240875,KRT17;GAPDH,0.4042448752876829
797,Negative Regulation Of Wnt Signaling Pathway (GO:0030178),0.1981294934147333,1.7734204793028323,2.8708741749419033,SOX2;GREM1;MDK;IGFBP2,0.404462591952034
798,Regulation Of Stress-Activated MAPK Cascade (GO:0032872),0.20376076466037069,2.456867409540503,3.9084060389542326,GREM1;FOXM1,0.410663367684631
799,Regulation Of Telomere Maintenance Via Telomerase (GO:0032210),0.20376076466037069,2.456867409540503,3.9084060389542326,NEK2;AURKB,0.410663367684631
800,Positive Regulation Of DNA Recombination (GO:0045911),0.20376076466037069,2.456867409540503,3.9084060389542326,RAD51AP1;TIMELESS,0.410663367684631
801,Positive Regulation Of Transmembrane Receptor Protein Serine/Threonine Kinase Signaling Pathway (GO:0090100),0.20461988456814673,1.9645484949832777,3.1169550834051494,CCNA2;TTK;SULF1,0.410663367684631
802,2-Oxoglutarate Metabolic Process (GO:0006103),0.20671991280498636,4.624558927311221,7.290110668093368,GPT2,0.410663367684631
803,L-glutamate Transmembrane Transport (GO:0015813),0.20671991280498636,4.624558927311221,7.290110668093368,SLC7A11,0.410663367684631
804,"Blood Coagulation, Fibrin Clot Formation (GO:0072378)",0.20671991280498636,4.624558927311221,7.290110668093368,F12,0.410663367684631
805,Bone Morphogenesis (GO:0060349),0.20671991280498636,4.624558927311221,7.290110668093368,TFAP2A,0.410663367684631
806,Regulation Of Transposition (GO:0010528),0.20671991280498636,4.624558927311221,7.290110668093368,APOBEC3B,0.410663367684631
807,Resolution Of Meiotic Recombination Intermediates (GO:0000712),0.20671991280498636,4.624558927311221,7.290110668093368,TOP2A,0.410663367684631
808,Detection Of Mechanical Stimulus Involved In Sensory Perception (GO:0050974),0.20671991280498636,4.624558927311221,7.290110668093368,COL11A1,0.410663367684631
809,Serine Family Amino Acid Metabolic Process (GO:0009069),0.20671991280498636,4.624558927311221,7.290110668093368,GCLC,0.410663367684631
810,Establishment Of Spindle Localization (GO:0051293),0.20671991280498636,4.624558927311221,7.290110668093368,NUSAP1,0.410663367684631
811,Synaptonemal Complex Assembly (GO:0007130),0.20671991280498636,4.624558927311221,7.290110668093368,TRIP13,0.410663367684631
812,Synaptonemal Complex Organization (GO:0070193),0.20671991280498636,4.624558927311221,7.290110668093368,TRIP13,0.410663367684631
813,Ubiquinone Metabolic Process (GO:0006743),0.20671991280498636,4.624558927311221,7.290110668093368,NQO1,0.410663367684631
814,Mammary Gland Epithelium Development (GO:0061180),0.20671991280498636,4.624558927311221,7.290110668093368,IRF6,0.410663367684631
815,Mitochondrion Transport Along Microtubule (GO:0047497),0.20671991280498636,4.624558927311221,7.290110668093368,NEFL,0.410663367684631
816,Mitotic Recombination (GO:0006312),0.20671991280498636,4.624558927311221,7.290110668093368,RAD51,0.410663367684631
817,Myotube Cell Development (GO:0014904),0.20671991280498636,4.624558927311221,7.290110668093368,SIX1,0.410663367684631
818,Negative Regulation Of Smooth Muscle Cell Migration (GO:0014912),0.20671991280498636,4.624558927311221,7.290110668093368,IGFBP3,0.410663367684631
819,Protein Activation Cascade (GO:0072376),0.20671991280498636,4.624558927311221,7.290110668093368,F12,0.410663367684631
820,Regulation Of Macroautophagy (GO:0016241),0.20885706103727436,1.9433250620347395,3.0434514450623995,UCHL1;SESN3;GAPDH,0.4131852976491135
821,Positive Regulation Of Supramolecular Fiber Organization (GO:1902905),0.20885706103727436,1.9433250620347395,3.0434514450623995,BAIAP2L1;CTTN;PFN2,0.4131852976491135
822,Rho Protein Signal Transduction (GO:0007266),0.20976709026316395,2.40760736196319,3.7600987528785543,COL1A2;RACGAP1,0.4131852976491135
823,Cartilage Development (GO:0051216),0.20976709026316395,2.40760736196319,3.7600987528785543,HMGA2;SULF1,0.4131852976491135
824,Regulation Of Proteolysis (GO:0030162),0.20976709026316395,2.40760736196319,3.7600987528785543,SERPINB13;PERP,0.4131852976491135
825,Negative Regulation Of Response To Stimulus (GO:0048585),0.20976709026316395,2.40760736196319,3.7600987528785543,COL3A1;IGFBP3,0.4131852976491135
826,Positive Regulation Of Telomere Maintenance (GO:0032206),0.20976709026316395,2.40760736196319,3.7600987528785543,NEK2;AURKB,0.4131852976491135
827,Ras Protein Signal Transduction (GO:0007265),0.21169346736301772,1.7223985890652558,2.6742235376753873,CCNA2;COL1A2;RACGAP1;CDKN2A,0.41597254999955297
828,Regulation Of Cell Adhesion (GO:0030155),0.21169346736301772,1.7223985890652558,2.6742235376753873,ADAMDEC1;MDK;KIF14;TNPO1,0.41597254999955297
829,Positive Regulation Of Programmed Cell Death (GO:0043068),0.21542986781379175,1.515086150887497,2.32583884254184,MLLT11;TOP2A;MELK;IGFBP3;ECT2;SOX4,0.4214791432632081
830,Cellular Response To Alcohol (GO:0097306),0.21579110408005678,2.3602790809575365,3.6193568571260215,RAD51;JUP,0.4214791432632081
831,Negative Regulation Of Cysteine-Type Endopeptidase Activity (GO:2000117),0.21579110408005678,2.3602790809575365,3.6193568571260215,CST1;MAGEA3,0.4214791432632081
832,Negative Regulation Of Viral Genome Replication (GO:0045071),0.21579110408005678,2.3602790809575365,3.6193568571260215,HMGA2;APOBEC3B,0.4214791432632081
833,Protein Homotetramerization (GO:0051289),0.21579110408005678,2.3602790809575365,3.6193568571260215,TK1;TNPO1,0.4214791432632081
834,Regulation Of Intracellular Signal Transduction (GO:1902531),0.2166114819683443,1.4574497797830057,2.2293879620905055,RACGAP1;CHEK1;CD24;ECT2;FAM83D;AURKB;AURKA,0.42159791168847127
835,Negative Regulation Of Macromolecule Biosynthetic Process (GO:0010558),0.2173890458403595,1.9022186234817813,2.9029124834975413,IGF2BP3;TYMS;GAPDH,0.42159791168847127
836,DNA Alkylation (GO:0006305),0.21973880092920936,4.294014853647881,6.506788151655364,HELLS,0.42159791168847127
837,L-glutamate Import (GO:0051938),0.21973880092920936,4.294014853647881,6.506788151655364,SLC7A11,0.42159791168847127
838,Regulation Of Hormone Secretion (GO:0046883),0.21973880092920936,4.294014853647881,6.506788151655364,SCG5,0.42159791168847127
839,Regulation Of Systemic Arterial Blood Pressure (GO:0003073),0.21973880092920936,4.294014853647881,6.506788151655364,SLC2A5,0.42159791168847127
840,Epiboly Involved In Wound Healing (GO:0090505),0.21973880092920936,4.294014853647881,6.506788151655364,CCNA2,0.42159791168847127
841,Sympathetic Nervous System Development (GO:0048485),0.21973880092920936,4.294014853647881,6.506788151655364,SOX4,0.42159791168847127
842,Folic Acid-Containing Compound Metabolic Process (GO:0006760),0.21973880092920936,4.294014853647881,6.506788151655364,GGH,0.42159791168847127
843,Midbody Abscission (GO:0061952),0.21973880092920936,4.294014853647881,6.506788151655364,KIF20A,0.42159791168847127
844,Negative Regulation Of Endoplasmic Reticulum Stress-Induced Intrinsic Apoptotic Signaling Pathway (GO:1902236),0.21973880092920936,4.294014853647881,6.506788151655364,MAGEA3,0.42159791168847127
845,Negative Regulation Of Protein Processing (GO:0010955),0.21973880092920936,4.294014853647881,6.506788151655364,MAGEA3,0.42159791168847127
846,Nitric Oxide Biosynthetic Process (GO:0006809),0.21973880092920936,4.294014853647881,6.506788151655364,NQO1,0.42159791168847127
847,Protein Localization To Cell-Cell Junction (GO:0150105),0.21973880092920936,4.294014853647881,6.506788151655364,DSP,0.42159791168847127
848,Regulation Of Carbohydrate Metabolic Process (GO:0006109),0.21973880092920936,4.294014853647881,6.506788151655364,PDK1,0.42159791168847127
849,ERBB Signaling Pathway (GO:0038127),0.22183061875217033,2.3147711184521,3.4856776421626,FAM83B;FAM83A,0.4226210968498608
850,Regulation Of Myoblast Differentiation (GO:0045661),0.22183061875217033,2.3147711184521,3.4856776421626,IGFBP3;SOX4,0.4226210968498608
851,Mesenchymal Cell Differentiation (GO:0048762),0.22183061875217033,2.3147711184521,3.4856776421626,HMGA2;FAM83D,0.4226210968498608
852,Negative Regulation Of Protein Catabolic Process (GO:0042177),0.22183061875217033,2.3147711184521,3.4856776421626,NQO1;MAD2L1,0.4226210968498608
853,Organelle Disassembly (GO:1903008),0.22183061875217033,2.3147711184521,3.4856776421626,CDK1;AURKA,0.4226210968498608
854,Protein K63-linked Ubiquitination (GO:0070534),0.22183061875217033,2.3147711184521,3.4856776421626,UBE2S;UBE2T,0.4226210968498608
855,Response To UV (GO:0009411),0.22599223291777035,1.8628072957969866,2.7704688088550617,FEN1;SERPINB13;AURKB,0.4300460385464472
856,Positive Regulation Of DNA-templated Transcription (GO:0045893),0.23138195963714359,1.195090885540348,1.7492371155819664,TFAP2A;JUP;UHRF1;ATAD2;CKAP2;HMGA1;TWIST1;HMGA2;SIX1;FOXM1;COL1A1;MLLT11;SOX2;MMP12;CCNA2;GREM1;SIX4;SPP1;MYBL2;IRF6;E2F7;SOX4;TP63;E2F8,0.4314141153367777
857,DNA Repair-Dependent Chromatin Remodeling (GO:0140861),0.23254467065172346,4.007543323139654,5.845695003643075,DEPDC1B,0.4314141153367777
858,Regulation Of Fibrinolysis (GO:0051917),0.23254467065172346,4.007543323139654,5.845695003643075,F12,0.4314141153367777
859,Regulation Of Interleukin-1 Production (GO:0032652),0.23254467065172346,4.007543323139654,5.845695003643075,IGHD,0.4314141153367777
860,Activation Of Cysteine-Type Endopeptidase Activity (GO:0097202),0.23254467065172346,4.007543323139654,5.845695003643075,PERP,0.4314141153367777
861,Apoptotic Nuclear Changes (GO:0030262),0.23254467065172346,4.007543323139654,5.845695003643075,TOP2A,0.4314141153367777
862,Autonomic Nervous System Development (GO:0048483),0.23254467065172346,4.007543323139654,5.845695003643075,SOX4,0.4314141153367777
863,Regulation Of Plasminogen Activation (GO:0010755),0.23254467065172346,4.007543323139654,5.845695003643075,F12,0.4314141153367777
864,Regulation Of Response To Cytokine Stimulus (GO:0060759),0.23254467065172346,4.007543323139654,5.845695003643075,CD24,0.4314141153367777
865,Regulation Of Stem Cell Proliferation (GO:0072091),0.23254467065172346,4.007543323139654,5.845695003643075,HMGA2,0.4314141153367777
866,Cellular Response To Nitrogen Compound (GO:1901699),0.23254467065172346,4.007543323139654,5.845695003643075,TIMELESS,0.4314141153367777
867,Retinal Metabolic Process (GO:0042574),0.23254467065172346,4.007543323139654,5.845695003643075,AKR1C1,0.4314141153367777
868,"Synaptic Transmission, Cholinergic (GO:0007271)",0.23254467065172346,4.007543323139654,5.845695003643075,NQO1,0.4314141153367777
869,Glycoprotein Catabolic Process (GO:0006516),0.23254467065172346,4.007543323139654,5.845695003643075,MMP12,0.4314141153367777
870,Intraciliary Anterograde Transport (GO:0035720),0.23254467065172346,4.007543323139654,5.845695003643075,IFT80,0.4314141153367777
871,Mesonephric Tubule Development (GO:0072164),0.23254467065172346,4.007543323139654,5.845695003643075,SIX1,0.4314141153367777
872,Nitric Oxide Metabolic Process (GO:0046209),0.23254467065172346,4.007543323139654,5.845695003643075,NQO1,0.4314141153367777
873,Pharyngeal System Development (GO:0060037),0.23254467065172346,4.007543323139654,5.845695003643075,SIX4,0.4314141153367777
874,Positive Regulation Of Smooth Muscle Cell Migration (GO:0014911),0.23254467065172346,4.007543323139654,5.845695003643075,MDK,0.4314141153367777
875,Positive Regulation Of Stem Cell Proliferation (GO:2000648),0.23254467065172346,4.007543323139654,5.845695003643075,HMGA2,0.4314141153367777
876,Positive Regulation Of Telomere Capping (GO:1904355),0.23254467065172346,4.007543323139654,5.845695003643075,NEK2,0.4314141153367777
877,Prostanoid Metabolic Process (GO:0006692),0.23254467065172346,4.007543323139654,5.845695003643075,AKR1C1,0.4314141153367777
878,RNA Catabolic Process (GO:0006401),0.24002128393203703,2.188176240936977,3.1225880569251583,FEN1;RNASEH2A,0.44119955973528885
879,Signal Transduction In Response To DNA Damage (GO:0042770),0.24002128393203703,2.188176240936977,3.1225880569251583,CHEK1;E2F7,0.44119955973528885
880,Positive Regulation Of Vasculature Development (GO:1904018),0.2433857037391384,1.7886671744097487,2.527579599830144,JUP;TWIST1;HMGA2,0.44119955973528885
881,Defense Response To Bacterium (GO:0042742),0.24411505408575712,1.5147720024269957,2.136003679064733,IGHM;IGHA1;CXCL13;IGHA2;KRT6A,0.44119955973528885
882,Regulation Of MAPK Cascade (GO:0043408),0.24411505408575712,1.5147720024269957,2.136003679064733,SOX2;CCNA2;GREM1;CD24;FAM83D,0.44119955973528885
883,DNA Biosynthetic Process (GO:0071897),0.2451409969272902,3.756880733944954,5.281880284578506,TYMS,0.44119955973528885
884,"DNA Damage Response, Signal Transduction By P53 Class Mediator Resulting In Cell Cycle Arrest (GO:0006977)",0.2451409969272902,3.756880733944954,5.281880284578506,GTSE1,0.44119955973528885
885,NLS-bearing Protein Import Into Nucleus (GO:0006607),0.2451409969272902,3.756880733944954,5.281880284578506,KPNA2,0.44119955973528885
886,Regulation Of Leukocyte Chemotaxis (GO:0002688),0.2451409969272902,3.756880733944954,5.281880284578506,MDK,0.44119955973528885
887,Base Conversion Or Substitution Editing (GO:0016553),0.2451409969272902,3.756880733944954,5.281880284578506,APOBEC3B,0.44119955973528885
888,Regulation Of Oxidative Phosphorylation (GO:0002082),0.2451409969272902,3.756880733944954,5.281880284578506,AK4,0.44119955973528885
889,Cell Migration Involved In Sprouting Angiogenesis (GO:0002042),0.2451409969272902,3.756880733944954,5.281880284578506,GREM1,0.44119955973528885
890,Cellular Response To Alkaloid (GO:0071312),0.2451409969272902,3.756880733944954,5.281880284578506,RAD51,0.44119955973528885
891,Embryonic Axis Specification (GO:0000578),0.2451409969272902,3.756880733944954,5.281880284578506,STIL,0.44119955973528885
892,Embryonic Digit Morphogenesis (GO:0042733),0.2451409969272902,3.756880733944954,5.281880284578506,TWIST1,0.44119955973528885
893,Sulfur Amino Acid Metabolic Process (GO:0000096),0.2451409969272902,3.756880733944954,5.281880284578506,GCLC,0.44119955973528885
894,Facultative Heterochromatin Formation (GO:0140718),0.2451409969272902,3.756880733944954,5.281880284578506,HELLS,0.44119955973528885
895,Neural Tube Development (GO:0021915),0.2451409969272902,3.756880733944954,5.281880284578506,STIL,0.44119955973528885
896,Nicotinamide Nucleotide Metabolic Process (GO:0046496),0.2451409969272902,3.756880733944954,5.281880284578506,KRT17,0.44119955973528885
897,Positive Regulation By Host Of Viral Process (GO:0044794),0.2451409969272902,3.756880733944954,5.281880284578506,KRT17,0.44119955973528885
898,Positive Regulation Of Cartilage Development (GO:0061036),0.2451409969272902,3.756880733944954,5.281880284578506,MDK,0.44119955973528885
899,Positive Regulation Of Cell Adhesion Mediated By Integrin (GO:0033630),0.2451409969272902,3.756880733944954,5.281880284578506,CXCL13,0.44119955973528885
900,Positive Regulation Of Leukocyte Adhesion To Vascular Endothelial Cell (GO:1904996),0.2451409969272902,3.756880733944954,5.281880284578506,MDK,0.44119955973528885
901,Positive Regulation Of Lymphocyte Chemotaxis (GO:0140131),0.2451409969272902,3.756880733944954,5.281880284578506,CXCL13,0.44119955973528885
902,Positive Regulation Of Peptidyl-Lysine Acetylation (GO:2000758),0.2451409969272902,3.756880733944954,5.281880284578506,SOX4,0.44119955973528885
903,Regulation Of Aerobic Respiration (GO:1903715),0.2451409969272902,3.756880733944954,5.281880284578506,AK4,0.44119955973528885
904,Regulation Of Brown Fat Cell Differentiation (GO:0090335),0.2451409969272902,3.756880733944954,5.281880284578506,SIX1,0.44119955973528885
905,Regulation Of Neuron Death (GO:1901214),0.24610223675512718,2.148992112182296,3.012904633546001,EGLN3;KIF14,0.44146454156625353
906,Eye Development (GO:0001654),0.24610223675512718,2.148992112182296,3.012904633546001,SOX2;COL5A2,0.44146454156625353
907,Peptidyl-Threonine Phosphorylation (GO:0018107),0.24610223675512718,2.148992112182296,3.012904633546001,CHEK1;CDK1,0.44146454156625353
908,Glucose Metabolic Process (GO:0006006),0.2521887212075133,2.1111828651383058,2.9083181782223333,KRT17;SORD,0.44957431267451375
909,Positive Regulation Of Proteolysis (GO:0045862),0.2521887212075133,2.1111828651383058,2.9083181782223333,PERP;CTSV,0.44957431267451375
910,protein-DNA Complex Assembly (GO:0065004),0.2521887212075133,2.1111828651383058,2.9083181782223333,RAD51;ASF1B,0.44957431267451375
911,Cellular Component Assembly (GO:0022607),0.2555333765586913,1.4245121533721328,1.9436075808690643,BAIAP2L1;KRT14;SLC2A1;PKP1;KNTC1;TRIP13,0.44957431267451375
912,Regulation Of Cellular Response To Stress (GO:0080135),0.2565691382730223,1.7368047337278107,2.36267466085805,DEPDC1B;RAD51;SOX4,0.44957431267451375
913,Regulation Of Epithelial Cell Differentiation (GO:0030856),0.25753119816388864,3.535707861126102,4.796592227940982,CD24,0.44957431267451375
914,Regulation Of Mitochondrial Outer Membrane Permeabilization Involved In Apoptotic Signaling Pathway (GO:1901028),0.25753119816388864,3.535707861126102,4.796592227940982,SLC35F6,0.44957431267451375
915,Branching Involved In Ureteric Bud Morphogenesis (GO:0001658),0.25753119816388864,3.535707861126102,4.796592227940982,SIX1,0.44957431267451375
916,Cellular Response To Inorganic Substance (GO:0071241),0.25753119816388864,3.535707861126102,4.796592227940982,TIMELESS,0.44957431267451375
917,Regulation Of Vascular Endothelial Cell Proliferation (GO:1905562),0.25753119816388864,3.535707861126102,4.796592227940982,MDK,0.44957431267451375
918,Detection Of Mechanical Stimulus (GO:0050982),0.25753119816388864,3.535707861126102,4.796592227940982,JUP,0.44957431267451375
919,Excitatory Postsynaptic Potential (GO:0060079),0.25753119816388864,3.535707861126102,4.796592227940982,FOXM1,0.44957431267451375
920,Ureteric Bud Development (GO:0001657),0.25753119816388864,3.535707861126102,4.796592227940982,SIX1,0.44957431267451375
921,Ureteric Bud Morphogenesis (GO:0060675),0.25753119816388864,3.535707861126102,4.796592227940982,SIX1,0.44957431267451375
922,Intracellular Sodium Ion Homeostasis (GO:0006883),0.25753119816388864,3.535707861126102,4.796592227940982,TMPRSS4,0.44957431267451375
923,Mitotic Cytokinetic Process (GO:1902410),0.25753119816388864,3.535707861126102,4.796592227940982,KIF20A,0.44957431267451375
924,Negative Regulation Of Signal Transduction By P53 Class Mediator (GO:1901797),0.25753119816388864,3.535707861126102,4.796592227940982,TWIST1,0.44957431267451375
925,Negative Regulation Of Viral Entry Into Host Cell (GO:0046597),0.25753119816388864,3.535707861126102,4.796592227940982,LRRC15,0.44957431267451375
926,Nucleosome Disassembly (GO:0006337),0.25753119816388864,3.535707861126102,4.796592227940982,HMGA1,0.44957431267451375
927,Positive Regulation Of DNA Replication (GO:0045740),0.25753119816388864,3.535707861126102,4.796592227940982,CDT1,0.44957431267451375
928,Positive Regulation Of NLRP3 Inflammasome Complex Assembly (GO:1900227),0.25753119816388864,3.535707861126102,4.796592227940982,DEPDC1B,0.44957431267451375
929,Positive Regulation Of Interleukin-4 Production (GO:0032753),0.25753119816388864,3.535707861126102,4.796592227940982,SLC7A5,0.44957431267451375
930,Positive Regulation Of Macrophage Migration (GO:1905523),0.25753119816388864,3.535707861126102,4.796592227940982,MDK,0.44957431267451375
931,Positive Regulation Of Neutrophil Chemotaxis (GO:0090023),0.25753119816388864,3.535707861126102,4.796592227940982,MDK,0.44957431267451375
932,Protein Autoprocessing (GO:0016540),0.25753119816388864,3.535707861126102,4.796592227940982,F12,0.44957431267451375
933,Homophilic Cell Adhesion Via Plasma Membrane Adhesion Molecules (GO:0007156),0.25827892630485444,2.0746773852337634,2.8085222457822185,DSG2;IGSF9,0.4503963698799552
934,Peptidyl-Serine Phosphorylation (GO:0018105),0.26097032344475374,1.5646945646945647,2.1019302238082314,CDK1;PBK;TTK;AURKA,0.45414317782646635
935,Positive Regulation Of Metabolic Process (GO:0009893),0.26098578443008363,1.7201758241758243,2.3106938456968615,DIO2;IGHA1;IGHA2,0.45414317782646635
936,Regulation Of Pathway-Restricted SMAD Protein Phosphorylation (GO:0060393),0.2643710986317738,2.03940937922429,2.713233269169452,GREM1;TTK,0.45522014808575745
937,Negative Regulation Of Autophagy (GO:0010507),0.2643710986317738,2.03940937922429,2.713233269169452,DAPL1;MAGEA3,0.45522014808575745
938,Negative Regulation Of Intrinsic Apoptotic Signaling Pathway (GO:2001243),0.2643710986317738,2.03940937922429,2.713233269169452,MMP9;MAGEA3,0.45522014808575745
939,Positive Regulation Of Organelle Assembly (GO:1902117),0.2643710986317738,2.03940937922429,2.713233269169452,STIL;SPAG5,0.45522014808575745
940,Cell-Matrix Adhesion (GO:0007160),0.2654122418715375,1.7038606676342525,2.2601218182329554,FERMT1;COL3A1;CTTN,0.45522014808575745
941,Negative Regulation Of Developmental Process (GO:0051093),0.2654122418715375,1.7038606676342525,2.2601218182329554,GREM1;BCL11A;PRAME,0.45522014808575745
942,Regulation Of Cellular Response To Growth Factor Stimulus (GO:0090287),0.2697186372186049,3.3391097519537887,4.375489105713235,SULF1,0.45522014808575745
943,Regulation Of Centriole Replication (GO:0046599),0.2697186372186049,3.3391097519537887,4.375489105713235,STIL,0.45522014808575745
944,Regulation Of Fibroblast Growth Factor Receptor Signaling Pathway (GO:0040036),0.2697186372186049,3.3391097519537887,4.375489105713235,SULF1,0.45522014808575745
945,NADP Metabolic Process (GO:0006739),0.2697186372186049,3.3391097519537887,4.375489105713235,KRT17,0.45522014808575745
946,Regulation Of Granulocyte Chemotaxis (GO:0071622),0.2697186372186049,3.3391097519537887,4.375489105713235,MDK,0.45522014808575745
947,Regulation Of Neuroinflammatory Response (GO:0150077),0.2697186372186049,3.3391097519537887,4.375489105713235,MMP9,0.45522014808575745
948,Atrioventricular Valve Morphogenesis (GO:0003181),0.2697186372186049,3.3391097519537887,4.375489105713235,SOX4,0.45522014808575745
949,Regulation Of Smooth Muscle Cell Migration (GO:0014910),0.2697186372186049,3.3391097519537887,4.375489105713235,IGFBP3,0.45522014808575745
950,Regulation Of Tissue Remodeling (GO:0034103),0.2697186372186049,3.3391097519537887,4.375489105713235,MDK,0.45522014808575745
951,Regulation Of Transcription Involved In G1/S Transition Of Mitotic Cell Cycle (GO:0000083),0.2697186372186049,3.3391097519537887,4.375489105713235,E2F7,0.45522014808575745
952,Regulation Of Vascular Endothelial Growth Factor Signaling Pathway (GO:1900746),0.2697186372186049,3.3391097519537887,4.375489105713235,SORD,0.45522014808575745
953,Sphingosine Metabolic Process (GO:0006670),0.2697186372186049,3.3391097519537887,4.375489105713235,PLPP2,0.45522014808575745
954,Steroid Hormone Biosynthetic Process (GO:0120178),0.2697186372186049,3.3391097519537887,4.375489105713235,SRD5A1,0.45522014808575745
955,Establishment Of Epithelial Cell Polarity (GO:0090162),0.2697186372186049,3.3391097519537887,4.375489105713235,FERMT1,0.45522014808575745
956,Eye Morphogenesis (GO:0048592),0.2697186372186049,3.3391097519537887,4.375489105713235,COL5A2,0.45522014808575745
957,Fluid Transport (GO:0042044),0.2697186372186049,3.3391097519537887,4.375489105713235,TNPO1,0.45522014808575745
958,Water Transport (GO:0006833),0.2697186372186049,3.3391097519537887,4.375489105713235,TNPO1,0.45522014808575745
959,Mitotic Sister Chromatid Cohesion (GO:0007064),0.2697186372186049,3.3391097519537887,4.375489105713235,CDCA5,0.45522014808575745
960,Negative Regulation Of Cyclin-Dependent Protein Serine/Threonine Kinase Activity (GO:0045736),0.2697186372186049,3.3391097519537887,4.375489105713235,CDKN2A,0.45522014808575745
961,Negative Regulation Of Fatty Acid Metabolic Process (GO:0045922),0.2697186372186049,3.3391097519537887,4.375489105713235,UGT1A8,0.45522014808575745
962,Neuron Apoptotic Process (GO:0051402),0.2697186372186049,3.3391097519537887,4.375489105713235,GAPDH,0.45522014808575745
963,Oligodendrocyte Differentiation (GO:0048709),0.2697186372186049,3.3391097519537887,4.375489105713235,PTPRZ1,0.45522014808575745
964,Regulation Of Acute Inflammatory Response (GO:0002673),0.2697186372186049,3.3391097519537887,4.375489105713235,F12,0.45522014808575745
965,Regulation Of Embryonic Development (GO:0045995),0.27046354092115205,2.005316973415133,2.622188517614071,RACGAP1;CDK1,0.4560043327240564
966,Positive Regulation Of Cytokine Production (GO:0001819),0.2729881627621365,1.3487504105580603,1.7511188646697324,SLC7A5;MDK;HILPDA;IGHD;TWIST1;SULF1;GAPDH,0.4597844107805343
967,Regulation Of Macromolecule Metabolic Process (GO:0060255),0.2754513022934503,1.5247694952336301,1.9659530514418513,SOX2;TMPRSS4;IGF2BP3;PTHLH,0.46156764783045917
968,Protein Autophosphorylation (GO:0046777),0.2754513022934503,1.5247694952336301,1.9659530514418513,MELK;NEK2;AURKB;AURKA,0.46156764783045917
969,Protein Deubiquitination (GO:0016579),0.278743032368779,1.656711362032463,2.116390701416038,DEPDC1B;UCHL1;CDK1,0.46156764783045917
970,Nitrogen Compound Transport (GO:0071705),0.2790928081653818,1.5151021042006367,1.933589830176861,SLC7A5;CENPF;SLC6A8;RACGAP1,0.46156764783045917
971,Positive Regulation Of Protein Phosphorylation (GO:0001934),0.27944405405675443,1.3077913279132791,1.6673727002665943,CCNA2;CENPE;CDCA8;BIRC5;TTK;MMP9;AURKB;PFN2,0.46156764783045917
972,DNA Methylation (GO:0006306),0.2817066221854001,3.1632061805890874,4.0074314199822245,HELLS,0.46156764783045917
973,Regulation Of Macrophage Chemotaxis (GO:0010758),0.2817066221854001,3.1632061805890874,4.0074314199822245,MDK,0.46156764783045917
974,Regulation Of Meiotic Cell Cycle (GO:0051445),0.2817066221854001,3.1632061805890874,4.0074314199822245,CDC20,0.46156764783045917
975,Regulation Of Toll-Like Receptor Signaling Pathway (GO:0034121),0.2817066221854001,3.1632061805890874,4.0074314199822245,LGR4,0.46156764783045917
976,Epithelial Cilium Movement Involved In Extracellular Fluid Movement (GO:0003351),0.2817066221854001,3.1632061805890874,4.0074314199822245,CABYR,0.46156764783045917
977,Striated Muscle Cell Differentiation (GO:0051146),0.2817066221854001,3.1632061805890874,4.0074314199822245,GREM1,0.46156764783045917
978,Glutamate Metabolic Process (GO:0006536),0.2817066221854001,3.1632061805890874,4.0074314199822245,GCLC,0.46156764783045917
979,Xenobiotic Transport (GO:0042908),0.2817066221854001,3.1632061805890874,4.0074314199822245,SLC7A5,0.46156764783045917
980,Long-Term Synaptic Potentiation (GO:0060291),0.2817066221854001,3.1632061805890874,4.0074314199822245,FOXM1,0.46156764783045917
981,Mesoderm Formation (GO:0001707),0.2817066221854001,3.1632061805890874,4.0074314199822245,HMGA2,0.46156764783045917
982,Negative Regulation Of Cyclin-Dependent Protein Kinase Activity (GO:1904030),0.2817066221854001,3.1632061805890874,4.0074314199822245,CDKN2A,0.46156764783045917
983,Negative Regulation Of Phosphate Metabolic Process (GO:0045936),0.2817066221854001,3.1632061805890874,4.0074314199822245,CDKN2A,0.46156764783045917
984,Negative Regulation Of Protein Localization To Cell Periphery (GO:1904376),0.2817066221854001,3.1632061805890874,4.0074314199822245,LRRC15,0.46156764783045917
985,Negative Regulation Of Protein Localization To Plasma Membrane (GO:1903077),0.2817066221854001,3.1632061805890874,4.0074314199822245,LRRC15,0.46156764783045917
986,Negative Regulation Of Reproductive Process (GO:2000242),0.2817066221854001,3.1632061805890874,4.0074314199822245,SULF1,0.46156764783045917
987,Negative Regulation Of Viral Life Cycle (GO:1903901),0.2817066221854001,3.1632061805890874,4.0074314199822245,LRRC15,0.46156764783045917
988,Peripheral Nervous System Development (GO:0007422),0.2817066221854001,3.1632061805890874,4.0074314199822245,UGT8,0.46156764783045917
989,Positive Regulation Of Lipid Catabolic Process (GO:0050996),0.2817066221854001,3.1632061805890874,4.0074314199822245,TWIST1,0.46156764783045917
990,Positive Regulation Of Lipid Storage (GO:0010884),0.2817066221854001,3.1632061805890874,4.0074314199822245,HILPDA,0.46156764783045917
991,Positive Regulation Of Protein Processing (GO:0010954),0.2817066221854001,3.1632061805890874,4.0074314199822245,F12,0.46156764783045917
992,Positive Regulation Of Vascular Associated Smooth Muscle Cell Proliferation (GO:1904707),0.2817066221854001,3.1632061805890874,4.0074314199822245,MMP9,0.46156764783045917
993,protein-DNA Complex Disassembly (GO:0032986),0.2817066221854001,3.1632061805890874,4.0074314199822245,HMGA1,0.46156764783045917
994,Positive Regulation Of T Cell Differentiation (GO:0045582),0.28264271891845205,1.9404314268751237,2.451874151905304,MDK;SOX4,0.46263551678100756
995,Regulation Of Cell Migration (GO:0030334),0.28406379150875544,1.2776913147704223,1.60804664282844,COL1A1;CCNA2;LRRC15;KRT16;MDK;KIF14;TWIST1;KRT5;SULF1,0.4644942600851709
996,Protein Modification By Small Protein Removal (GO:0070646),0.2876657911382128,1.6266943866943866,2.0267895013334294,DEPDC1B;UCHL1;CDK1,0.4694405638734927
997,Regulation Of MAP Kinase Activity (GO:0043405),0.2876657911382128,1.6266943866943866,2.0267895013334294,UCHL1;CD24;EZH2,0.4694405638734927
998,Canonical Wnt Signaling Pathway (GO:0060070),0.2887263289119212,1.9095335475703574,2.3721676940966607,CDH3;JUP,0.46967682619551193
999,Positive Regulation Of T Cell Proliferation (GO:0042102),0.2887263289119212,1.9095335475703574,2.3721676940966607,IGFBP2;CD24,0.46967682619551193
1000,Regulation Of Cell-Matrix Adhesion (GO:0001952),0.2887263289119212,1.9095335475703574,2.3721676940966607,JUP;CDKN2A,0.46967682619551193
1001,Positive Regulation Of Cell Migration (GO:0030335),0.2889652753667532,1.359407836361089,1.6876351626287953,COL1A1;CCNA2;FERMT1;LRRC15;MDK;TWIST1,0.46967682619551193
1002,Peptidyl-Serine Modification (GO:0018209),0.29006182441900047,1.486816034141137,1.840174503718803,CDK1;PBK;TTK;AURKA,0.4703753968871883
1003,Regulation Of Lipid Storage (GO:0010883),0.29349840741878513,3.004892966360856,3.6836474023031833,HILPDA,0.4703753968871883
1004,Response To Cadmium Ion (GO:0046686),0.29349840741878513,3.004892966360856,3.6836474023031833,MMP9,0.4703753968871883
1005,Retrotransposon Silencing (GO:0010526),0.29349840741878513,3.004892966360856,3.6836474023031833,APOBEC3B,0.4703753968871883
1006,Sulfur Compound Transport (GO:0072348),0.29349840741878513,3.004892966360856,3.6836474023031833,RACGAP1,0.4703753968871883
1007,Focal Adhesion Assembly (GO:0048041),0.29349840741878513,3.004892966360856,3.6836474023031833,CTTN,0.4703753968871883
1008,Macrophage Differentiation (GO:0030225),0.29349840741878513,3.004892966360856,3.6836474023031833,MMP9,0.4703753968871883
1009,Negative Regulation Of Biomineral Tissue Development (GO:0070168),0.29349840741878513,3.004892966360856,3.6836474023031833,GREM1,0.4703753968871883
1010,Negative Regulation Of Double-Strand Break Repair Via Homologous Recombination (GO:2000042),0.29349840741878513,3.004892966360856,3.6836474023031833,RMI2,0.4703753968871883
1011,Negative Regulation Of Reactive Oxygen Species Metabolic Process (GO:2000378),0.29349840741878513,3.004892966360856,3.6836474023031833,TFAP2A,0.4703753968871883
1012,Positive Regulation Of Blood Coagulation (GO:0030194),0.29349840741878513,3.004892966360856,3.6836474023031833,F12,0.4703753968871883
1013,Positive Regulation Of Granulocyte Chemotaxis (GO:0071624),0.29349840741878513,3.004892966360856,3.6836474023031833,MDK,0.4703753968871883
1014,Positive Regulation Of Transcription Regulatory Region DNA Binding (GO:2000679),0.29349840741878513,3.004892966360856,3.6836474023031833,TWIST1,0.4703753968871883
1015,Purine Nucleotide Biosynthetic Process (GO:0006164),0.29349840741878513,3.004892966360856,3.6836474023031833,PPAT,0.4703753968871883
1016,Regulation Of Cytokine Production (GO:0001817),0.29373165533951034,1.477618723017496,1.810213949324804,HILPDA;IGF2BP3;GAPDH;LGR4,0.4703753968871883
1017,Negative Regulation Of Immune Response (GO:0050777),0.2948039546801887,1.8796012269938651,2.295828964280789,COL3A1;AURKB,0.4711650631283566
1018,Peptidyl-Threonine Modification (GO:0018210),0.2948039546801887,1.8796012269938651,2.295828964280789,CHEK1;CDK1,0.4711650631283566
1019,Positive Regulation Of Cell Motility (GO:2000147),0.2972061005311082,1.3943355119825709,1.6917883254561812,COL1A1;CCNA2;LRRC15;MDK;TWIST1,0.4745381016330844
1020,Activation Of Cysteine-Type Endopeptidase Activity Involved In Apoptotic Process (GO:0006919),0.3008741600153569,1.8505899008966493,2.2226753814180373,EGLN3;SORD,0.4793268498710067
1021,Negative Regulation Of Cellular Catabolic Process (GO:0031330),0.3008741600153569,1.8505899008966493,2.2226753814180373,DAPL1;MAGEA3,0.4793268498710067
1022,Positive Regulation Of Protein Serine/Threonine Kinase Activity (GO:0071902),0.3010891460160841,1.5836437246963562,1.9009249901280647,HMGA2;CD24;EZH2,0.4793268498710067
1023,NAD Metabolic Process (GO:0019674),0.30509719437199795,2.8616572011067425,3.397144470242035,KRT17,0.4800707304093237
1024,Regulation Of Histone Acetylation (GO:0035065),0.30509719437199795,2.8616572011067425,3.397144470242035,TWIST1,0.4800707304093237
1025,Regulation Of Mononuclear Cell Migration (GO:0071675),0.30509719437199795,2.8616572011067425,3.397144470242035,MDK,0.4800707304093237
1026,Blood Vessel Endothelial Cell Migration (GO:0043534),0.30509719437199795,2.8616572011067425,3.397144470242035,GREM1,0.4800707304093237
1027,Regulation Of Regulatory T Cell Differentiation (GO:0045589),0.30509719437199795,2.8616572011067425,3.397144470242035,MDK,0.4800707304093237
1028,Cellular Response To Cadmium Ion (GO:0071276),0.30509719437199795,2.8616572011067425,3.397144470242035,MMP9,0.4800707304093237
1029,Modulation By Host Of Viral Process (GO:0044788),0.30509719437199795,2.8616572011067425,3.397144470242035,KRT17,0.4800707304093237
1030,Negative Regulation Of Cell Communication (GO:0010648),0.30509719437199795,2.8616572011067425,3.397144470242035,IGFBP3,0.4800707304093237
1031,Negative Regulation Of Cell Development (GO:0010721),0.30509719437199795,2.8616572011067425,3.397144470242035,PTHLH,0.4800707304093237
1032,Positive Regulation Of Protein Autophosphorylation (GO:0031954),0.30509719437199795,2.8616572011067425,3.397144470242035,GREM1,0.4800707304093237
1033,Positive Regulation Of Receptor Internalization (GO:0002092),0.30509719437199795,2.8616572011067425,3.397144470242035,GREM1,0.4800707304093237
1034,Regulation Of Catabolic Process (GO:0009894),0.30509719437199795,2.8616572011067425,3.397144470242035,FAM83D,0.4800707304093237
1035,Regulation Of Small GTPase Mediated Signal Transduction (GO:0051056),0.305571317483973,1.5697926421404682,1.861102331828072,RACGAP1;ECT2;FOXM1,0.4803522063250474
1036,Regulation Of Interleukin-4 Production (GO:0032673),0.31650613232080926,2.731442869057548,3.1422864625424847,SLC7A5,0.4913697302346915
1037,Bile Acid And Bile Salt Transport (GO:0015721),0.31650613232080926,2.731442869057548,3.1422864625424847,AKR1C1,0.4913697302346915
1038,Cell-Cell Signaling By Wnt (GO:0198738),0.31650613232080926,2.731442869057548,3.1422864625424847,CD24,0.4913697302346915
1039,Glial Cell Development (GO:0021782),0.31650613232080926,2.731442869057548,3.1422864625424847,MDK,0.4913697302346915
1040,Translesion Synthesis (GO:0019985),0.31650613232080926,2.731442869057548,3.1422864625424847,POLE2,0.4913697302346915
1041,Heparan Sulfate Proteoglycan Biosynthetic Process (GO:0015012),0.31650613232080926,2.731442869057548,3.1422864625424847,HS6ST2,0.4913697302346915
1042,Lymphocyte Activation Involved In Immune Response (GO:0002285),0.31650613232080926,2.731442869057548,3.1422864625424847,MDK,0.4913697302346915
1043,Microtubule Nucleation (GO:0007020),0.31650613232080926,2.731442869057548,3.1422864625424847,TPX2,0.4913697302346915
1044,Negative Regulation Of Actin Filament Polymerization (GO:0030837),0.31650613232080926,2.731442869057548,3.1422864625424847,PFN2,0.4913697302346915
1045,Negative Regulation Of Neuron Differentiation (GO:0045665),0.31650613232080926,2.731442869057548,3.1422864625424847,SOX2,0.4913697302346915
1046,Positive Regulation Of Neuron Apoptotic Process (GO:0043525),0.31650613232080926,2.731442869057548,3.1422864625424847,TFAP2A,0.4913697302346915
1047,Positive Regulation Of Neutrophil Migration (GO:1902624),0.31650613232080926,2.731442869057548,3.1422864625424847,MDK,0.4913697302346915
1048,Protein Localization To Cell Junction (GO:1902414),0.31650613232080926,2.731442869057548,3.1422864625424847,DSP,0.4913697302346915
1049,Sensory Organ Development (GO:0007423),0.31902660999135,1.768675568386864,2.020677812473024,SOX2;SIX4,0.4943393280532633
1050,Protein K48-linked Ubiquitination (GO:0070936),0.31902660999135,1.768675568386864,2.020677812473024,UBE2C;UBE2T,0.4943393280532633
1051,Regulation Of Protein Catabolic Process (GO:0042176),0.32352101222481555,1.5167162249515191,1.7116009345487375,NQO1;FAM83D;MAD2L1,0.50016221877746
1052,Negative Regulation Of Cellular Response To Growth Factor Stimulus (GO:0090288),0.325053721805575,1.7429536765359652,1.958670011420219,GREM1;SULF1,0.50016221877746
1053,Negative Regulation Of Protein Binding (GO:0032091),0.325053721805575,1.7429536765359652,1.958670011420219,AURKB;AURKA,0.50016221877746
1054,Positive Regulation Of Cell-Substrate Adhesion (GO:0010811),0.325053721805575,1.7429536765359652,1.958670011420219,JUP;MDK,0.50016221877746
1055,Regulation Of Cytokine Production Involved In Immune Response (GO:0002718),0.3277283193155982,2.6125515224039355,2.9144849080637005,SLC7A5,0.50016221877746
1056,ERK1 And ERK2 Cascade (GO:0070371),0.3277283193155982,2.6125515224039355,2.9144849080637005,CDK1,0.50016221877746
1057,Regulation Of Endoplasmic Reticulum Stress-Induced Intrinsic Apoptotic Signaling Pathway (GO:1902235),0.3277283193155982,2.6125515224039355,2.9144849080637005,MAGEA3,0.50016221877746
1058,Regulation Of Ruffle Assembly (GO:1900027),0.3277283193155982,2.6125515224039355,2.9144849080637005,PFN2,0.50016221877746
1059,Regulation Of Viral Life Cycle (GO:1903900),0.3277283193155982,2.6125515224039355,2.9144849080637005,KPNA2,0.50016221877746
1060,Response To Hexose (GO:0009746),0.3277283193155982,2.6125515224039355,2.9144849080637005,SLC2A5,0.50016221877746
1061,Fat-Soluble Vitamin Metabolic Process (GO:0006775),0.3277283193155982,2.6125515224039355,2.9144849080637005,NQO1,0.50016221877746
1062,Iron Ion Transport (GO:0006826),0.3277283193155982,2.6125515224039355,2.9144849080637005,CP,0.50016221877746
1063,Negative Regulation Of Ion Transmembrane Transporter Activity (GO:0032413),0.3277283193155982,2.6125515224039355,2.9144849080637005,MMP9,0.50016221877746
1064,Positive Regulation Of Interleukin-17 Production (GO:0032740),0.3277283193155982,2.6125515224039355,2.9144849080637005,SLC7A5,0.50016221877746
1065,Positive Regulation Of p38MAPK Cascade (GO:1900745),0.3277283193155982,2.6125515224039355,2.9144849080637005,SORD,0.50016221877746
1066,Positive Regulation Of Vascular Endothelial Growth Factor Production (GO:0010575),0.3277283193155982,2.6125515224039355,2.9144849080637005,SULF1,0.50016221877746
1067,Regulation Of Cell Motility (GO:2000145),0.32801050241889973,1.504,1.676523315917352,KIF14;TWIST1;KRT5,0.50016221877746
1068,Positive Regulation Of Phosphorylation (GO:0042327),0.32929333212706546,1.3319543001178114,1.4795432790726462,CCNA2;CDCA8;BIRC5;MMP9;AURKB,0.5016481754407636
1069,Cholesterol Homeostasis (GO:0042632),0.33106693483082156,1.7179666958808064,1.8991000059705088,AKR1C1;CD24,0.5024681930687935
1070,Transforming Growth Factor Beta Receptor Signaling Pathway (GO:0007179),0.33106693483082156,1.7179666958808064,1.8991000059705088,COL3A1;COL1A2,0.5024681930687935
1071,Negative Regulation Of Catabolic Process (GO:0009895),0.33106693483082156,1.7179666958808064,1.8991000059705088,NQO1;MAD2L1,0.5024681930687935
1072,Negative Regulation Of Cell Adhesion (GO:0007162),0.33106693483082156,1.7179666958808064,1.8991000059705088,ADAMDEC1;MDK,0.5024681930687935
1073,Cellular Response To Reactive Oxygen Species (GO:0034614),0.33706508603847407,1.693683573835652,1.8418457148904996,ECT2;MMP9,0.5038149804704146
1074,Sterol Homeostasis (GO:0055092),0.33706508603847407,1.693683573835652,1.8418457148904996,AKR1C1;CD24,0.5038149804704146
1075,Protein Tetramerization (GO:0051262),0.33706508603847407,1.693683573835652,1.8418457148904996,TK1;TNPO1,0.5038149804704146
1076,Regulation Of Double-Strand Break Repair Via Nonhomologous End Joining (GO:2001032),0.3387668030944275,2.5035677879714577,2.7099701901717155,HMGA2,0.5038149804704146
1077,Regulation Of Monocyte Chemotaxis (GO:0090025),0.3387668030944275,2.5035677879714577,2.7099701901717155,GREM1,0.5038149804704146
1078,Regulation Of Neutrophil Chemotaxis (GO:0090022),0.3387668030944275,2.5035677879714577,2.7099701901717155,MDK,0.5038149804704146
1079,Cardiac Conduction System Development (GO:0003161),0.3387668030944275,2.5035677879714577,2.7099701901717155,GJB6,0.5038149804704146
1080,Regulation Of Protein Processing (GO:0070613),0.3387668030944275,2.5035677879714577,2.7099701901717155,MAGEA3,0.5038149804704146
1081,"Chemical Synaptic Transmission, Postsynaptic (GO:0099565)",0.3387668030944275,2.5035677879714577,2.7099701901717155,FOXM1,0.5038149804704146
1082,Sodium Ion Homeostasis (GO:0055078),0.3387668030944275,2.5035677879714577,2.7099701901717155,TMPRSS4,0.5038149804704146
1083,Ventricular Cardiac Muscle Tissue Development (GO:0003229),0.3387668030944275,2.5035677879714577,2.7099701901717155,DSG2,0.5038149804704146
1084,Myotube Differentiation (GO:0014902),0.3387668030944275,2.5035677879714577,2.7099701901717155,SIX4,0.5038149804704146
1085,Negative Regulation Of TORC1 Signaling (GO:1904262),0.3387668030944275,2.5035677879714577,2.7099701901717155,SESN3,0.5038149804704146
1086,Negative Regulation Of Protein Localization To Membrane (GO:1905476),0.3387668030944275,2.5035677879714577,2.7099701901717155,LRRC15,0.5038149804704146
1087,Negative Regulation Of Response To Endoplasmic Reticulum Stress (GO:1903573),0.3387668030944275,2.5035677879714577,2.7099701901717155,MAGEA3,0.5038149804704146
1088,Negative Regulation Of Response To Wounding (GO:1903035),0.3387668030944275,2.5035677879714577,2.7099701901717155,MDK,0.5038149804704146
1089,Negative Regulation Of Transposition (GO:0010529),0.3387668030944275,2.5035677879714577,2.7099701901717155,APOBEC3B,0.5038149804704146
1090,Positive Regulation Of T Cell Migration (GO:2000406),0.3387668030944275,2.5035677879714577,2.7099701901717155,CXCL13,0.5038149804704146
1091,Positive Regulation Of Peptidase Activity (GO:0010952),0.3387668030944275,2.5035677879714577,2.7099701901717155,CTSV,0.5038149804704146
1092,Proteoglycan Metabolic Process (GO:0006029),0.3387668030944275,2.5035677879714577,2.7099701901717155,SULF1,0.5038149804704146
1093,Purine Ribonucleotide Catabolic Process (GO:0009154),0.3387668030944275,2.5035677879714577,2.7099701901717155,SORD,0.5038149804704146
1094,Regulation Of Biomineral Tissue Development (GO:0070167),0.3387668030944275,2.5035677879714577,2.7099701901717155,TWIST1,0.5038149804704146
1095,Nucleosome Organization (GO:0034728),0.34901175787123184,1.6471132027901505,1.7338331647112666,HMGA1;ASF1B,0.5138565442855871
1096,Antigen Processing And Presentation Of Exogenous Peptide Antigen Via MHC Class II (GO:0019886),0.34962458176038413,2.403302752293578,2.5256196238513233,CTSV,0.5138565442855871
1097,Cell-Cell Adhesion Mediated By Cadherin (GO:0044331),0.34962458176038413,2.403302752293578,2.5256196238513233,CDH3,0.5138565442855871
1098,Regulation Of Vascular Endothelial Growth Factor Production (GO:0010574),0.34962458176038413,2.403302752293578,2.5256196238513233,SULF1,0.5138565442855871
1099,Telomere Maintenance Via Telomere Lengthening (GO:0010833),0.34962458176038413,2.403302752293578,2.5256196238513233,RAD51,0.5138565442855871
1100,Meiosis I (GO:0007127),0.34962458176038413,2.403302752293578,2.5256196238513233,PTTG1,0.5138565442855871
1101,Mitotic G1 DNA Damage Checkpoint Signaling (GO:0031571),0.34962458176038413,2.403302752293578,2.5256196238513233,GTSE1,0.5138565442855871
1102,Negative Regulation Of Protein Polymerization (GO:0032272),0.34962458176038413,2.403302752293578,2.5256196238513233,PFN2,0.5138565442855871
1103,Nucleic Acid Phosphodiester Bond Hydrolysis (GO:0090305),0.34962458176038413,2.403302752293578,2.5256196238513233,FEN1,0.5138565442855871
1104,Plasma Membrane Invagination (GO:0099024),0.34962458176038413,2.403302752293578,2.5256196238513233,AURKB,0.5138565442855871
1105,Positive Regulation Of Monooxygenase Activity (GO:0032770),0.34962458176038413,2.403302752293578,2.5256196238513233,CDH3,0.5138565442855871
1106,Positive Regulation Of Nuclear Division (GO:0051785),0.34962458176038413,2.403302752293578,2.5256196238513233,NUSAP1,0.5138565442855871
1107,Regulation Of Actin Filament Bundle Assembly (GO:0032231),0.34962458176038413,2.403302752293578,2.5256196238513233,PFN2,0.5138565442855871
1108,Wnt Signaling Pathway (GO:0016055),0.35495815643875434,1.6247720112750788,1.682866328620584,JUP;CD24,0.5207546623316982
1109,Regulation Of Ras Protein Signal Transduction (GO:0046578),0.35495815643875434,1.6247720112750788,1.682866328620584,KIF14;FOXM1,0.5207546623316982
1110,Regulation Of Chromatin Organization (GO:1902275),0.36030460463658065,2.310750411667843,2.358826686152752,MKI67,0.5219202639216107
1111,T Cell Activation Involved In Immune Response (GO:0002286),0.36030460463658065,2.310750411667843,2.358826686152752,MDK,0.5219202639216107
1112,Amino Acid Import Across Plasma Membrane (GO:0089718),0.36030460463658065,2.310750411667843,2.358826686152752,SLC7A5,0.5219202639216107
1113,Regulation Of Peptidase Activity (GO:0052547),0.36030460463658065,2.310750411667843,2.358826686152752,CTSV,0.5219202639216107
1114,Cardiac Muscle Cell Differentiation (GO:0055007),0.36030460463658065,2.310750411667843,2.358826686152752,GREM1,0.5219202639216107
1115,Cell Surface Receptor Signaling Pathway Involved In Cell-Cell Signaling (GO:1905114),0.36030460463658065,2.310750411667843,2.358826686152752,CD24,0.5219202639216107
1116,Regulation Of Transcription Regulatory Region DNA Binding (GO:2000677),0.36030460463658065,2.310750411667843,2.358826686152752,TWIST1,0.5219202639216107
1117,Chaperone Cofactor-Dependent Protein Refolding (GO:0051085),0.36030460463658065,2.310750411667843,2.358826686152752,ERO1A,0.5219202639216107
1118,Dorsal/Ventral Pattern Formation (GO:0009953),0.36030460463658065,2.310750411667843,2.358826686152752,GREM1,0.5219202639216107
1119,Ventricular Septum Morphogenesis (GO:0060412),0.36030460463658065,2.310750411667843,2.358826686152752,SOX4,0.5219202639216107
1120,In Utero Embryonic Development (GO:0001701),0.36030460463658065,2.310750411667843,2.358826686152752,STIL,0.5219202639216107
1121,Positive Regulation Of Response To Wounding (GO:1903036),0.36030460463658065,2.310750411667843,2.358826686152752,MDK,0.5219202639216107
1122,Regulation Of Actin Polymerization Or Depolymerization (GO:0008064),0.36030460463658065,2.310750411667843,2.358826686152752,PFN2,0.5219202639216107
1123,Regulation Of Immune Response (GO:0050776),0.36088524702631347,1.6030265848670757,1.6337970752386057,COL3A1;CXCL13,0.5219202639216107
1124,Negative Regulation Of Blood Vessel Morphogenesis (GO:2000181),0.36088524702631347,1.6030265848670757,1.6337970752386057,THBS2;SULF1,0.5219202639216107
1125,Positive Regulation Of Synaptic Transmission (GO:0050806),0.36088524702631347,1.6030265848670757,1.6337970752386057,NMU;FOXM1,0.5219202639216107
1126,Negative Regulation Of Protein Modification Process (GO:0031400),0.36679206455263375,1.581853406522441,1.5865359664182883,IGFBP3;SORD,0.5299917309299601
1127,Regulation Of Glucose Metabolic Process (GO:0010906),0.37080977299087814,2.2250537999773474,2.2074004214605774,PDK1,0.5310805463522524
1128,Antigen Processing And Presentation Of Peptide Antigen Via MHC Class II (GO:0002495),0.37080977299087814,2.2250537999773474,2.2074004214605774,CTSV,0.5310805463522524
1129,Determination Of Bilateral Symmetry (GO:0009855),0.37080977299087814,2.2250537999773474,2.2074004214605774,STIL,0.5310805463522524
1130,Vascular Endothelial Growth Factor Receptor Signaling Pathway (GO:0048010),0.37080977299087814,2.2250537999773474,2.2074004214605774,SULF1,0.5310805463522524
1131,Limb Development (GO:0060173),0.37080977299087814,2.2250537999773474,2.2074004214605774,GREM1,0.5310805463522524
1132,Negative Regulation Of Cation Channel Activity (GO:2001258),0.37080977299087814,2.2250537999773474,2.2074004214605774,MMP9,0.5310805463522524
1133,Negative Regulation Of Cytoskeleton Organization (GO:0051494),0.37080977299087814,2.2250537999773474,2.2074004214605774,PFN2,0.5310805463522524
1134,Negative Regulation Of Signaling (GO:0023057),0.37080977299087814,2.2250537999773474,2.2074004214605774,IGFBP3,0.5310805463522524
1135,Primary Neural Tube Formation (GO:0014020),0.37080977299087814,2.2250537999773474,2.2074004214605774,STIL,0.5310805463522524
1136,Regulation Of Bone Resorption (GO:0045124),0.37080977299087814,2.2250537999773474,2.2074004214605774,SPP1,0.5310805463522524
1137,Negative Regulation Of Protein Serine/Threonine Kinase Activity (GO:0071901),0.37854120247740836,1.5411357558596823,1.4971060540438874,UCHL1;CDKN2A,0.5378313660516613
1138,Organelle Organization (GO:0006996),0.3792755704875569,1.1745121951219513,1.1386804580121448,CENPW;DST;KRT16;MDK;KIF4A;KRT13;CDCA8;CEP55,0.5378313660516613
1139,TOR Signaling (GO:0031929),0.38114294103107893,2.145478374836173,2.069487249124748,EIF4EBP1,0.5378313660516613
1140,Carbohydrate Derivative Biosynthetic Process (GO:1901137),0.38114294103107893,2.145478374836173,2.069487249124748,RRM2,0.5378313660516613
1141,Defense Response To Fungus (GO:0050832),0.38114294103107893,2.145478374836173,2.069487249124748,GAPDH,0.5378313660516613
1142,Sarcomere Organization (GO:0045214),0.38114294103107893,2.145478374836173,2.069487249124748,SIX4,0.5378313660516613
1143,Tube Closure (GO:0060606),0.38114294103107893,2.145478374836173,2.069487249124748,STIL,0.5378313660516613
1144,Glycolytic Process (GO:0006096),0.38114294103107893,2.145478374836173,2.069487249124748,GAPDH,0.5378313660516613
1145,Maintenance Of Blood-Brain Barrier (GO:0035633),0.38114294103107893,2.145478374836173,2.069487249124748,GJB6,0.5378313660516613
1146,Negative Regulation Of DNA Binding (GO:0043392),0.38114294103107893,2.145478374836173,2.069487249124748,HMGA2,0.5378313660516613
1147,Negative Regulation Of Plasma Membrane Bounded Cell Projection Assembly (GO:0120033),0.38114294103107893,2.145478374836173,2.069487249124748,PFN2,0.5378313660516613
1148,Organic Cyclic Compound Biosynthetic Process (GO:1901362),0.38114294103107893,2.145478374836173,2.069487249124748,SRD5A1,0.5378313660516613
1149,Peptidyl-Tyrosine Dephosphorylation (GO:0035335),0.38114294103107893,2.145478374836173,2.069487249124748,PTPRZ1,0.5378313660516613
1150,Positive Regulation Of Dephosphorylation (GO:0035306),0.38114294103107893,2.145478374836173,2.069487249124748,CDCA2,0.5378313660516613
1151,Positive Regulation Of Neural Precursor Cell Proliferation (GO:2000179),0.38114294103107893,2.145478374836173,2.069487249124748,MDK,0.5378313660516613
1152,Positive Regulation Of Viral Genome Replication (GO:0045070),0.38114294103107893,2.145478374836173,2.069487249124748,TOP2A,0.5378313660516613
1153,Regulation Of Blood Coagulation (GO:0030193),0.38114294103107893,2.145478374836173,2.069487249124748,F12,0.5378313660516613
1154,Cellular Response To Metal Ion (GO:0071248),0.38168721596031807,1.3664335664335665,1.316085698583731,TFAP2A;ECT2;MMP9,0.5381326692958731
1155,Positive Regulation Of Macromolecule Metabolic Process (GO:0010604),0.3886945147595793,1.179830187526724,1.1148941662600058,TFAP2A;CDH3;UHRF1;TWIST1;PKP1;HMGA2;NTS,0.544150728950751
1156,Positive Regulation Of Gene Expression (GO:0010628),0.389184010040136,1.150150749755406,1.085400728738053,TFAP2A;CDH3;HILPDA;TWIST1;PKP1;HMGA2;NTS;GAPDH;SOX4,0.544150728950751
1157,Regulation Of Signal Transduction (GO:0009966),0.39018635736115825,1.272650075119211,1.197730201897369,IGFBP3;IGFBP2;CD24;SULF1,0.544150728950751
1158,Negative Regulation Of Apoptotic Signaling Pathway (GO:2001234),0.39019856579992057,1.5024539877300613,1.4139587362170583,SLC35F6;MMP9,0.544150728950751
1159,Regulation Of Gene Expression (GO:0010468),0.3905261241806374,1.0889968207041378,1.0239405999878612,TFAP2A;CRABP2;TMPRSS4;HMGA1;SORD;TWIST1;HMGA2;SIX1;NTS;PTHLH;AURKA;SOX2;SLC7A5;CDH3;KRT17;PKP1;IGF2BP3;SOX4;EZH2;MCM2,0.544150728950751
1160,Negative Regulation Of Cellular Biosynthetic Process (GO:0031327),0.3905598310887145,1.3459012629161884,1.2653815150416148,IGF2BP3;TYMS;GAPDH,0.544150728950751
1161,Protein Localization To Organelle (GO:0033365),0.3905598310887145,1.3459012629161884,1.2653815150416148,COL1A1;SIX4;SIX1,0.544150728950751
1162,DNA Geometric Change (GO:0032392),0.391306916332132,2.0713909100495624,1.9435096040746513,HMGB3,0.544150728950751
1163,Regulation Of Vasculature Development (GO:1901342),0.391306916332132,2.0713909100495624,1.9435096040746513,CXCL13,0.544150728950751
1164,Intrinsic Apoptotic Signaling Pathway In Response To Endoplasmic Reticulum Stress (GO:0070059),0.391306916332132,2.0713909100495624,1.9435096040746513,ERO1A,0.544150728950751
1165,Lamellipodium Organization (GO:0097581),0.391306916332132,2.0713909100495624,1.9435096040746513,CTTN,0.544150728950751
1166,Negative Regulation Of Blood Coagulation (GO:0030195),0.391306916332132,2.0713909100495624,1.9435096040746513,F12,0.544150728950751
1167,Phospholipid Dephosphorylation (GO:0046839),0.391306916332132,2.0713909100495624,1.9435096040746513,PLPP2,0.544150728950751
1168,Positive Regulation Of Cell Communication (GO:0010647),0.391306916332132,2.0713909100495624,1.9435096040746513,NMU,0.544150728950751
1169,Positive Regulation Of Locomotion (GO:0040017),0.391306916332132,2.0713909100495624,1.9435096040746513,TWIST1,0.544150728950751
1170,Prostaglandin Metabolic Process (GO:0006693),0.391306916332132,2.0713909100495624,1.9435096040746513,AKR1C1,0.544150728950751
1171,Epigenetic Regulation Of Gene Expression (GO:0040029),0.39599079221657546,1.4838294327046884,1.374566643388346,CHEK1;EZH2,0.5497244188876862
1172,Vascular Transport (GO:0010232),0.39599079221657546,1.4838294327046884,1.374566643388346,SLC7A5;SLC2A1,0.5497244188876862
1173,Regulation Of Centrosome Duplication (GO:0010824),0.40130446095314903,2.002242609582059,1.828117351815027,STIL,0.5537933485757197
1174,Antigen Processing And Presentation Of Exogenous Peptide Antigen (GO:0002478),0.40130446095314903,2.002242609582059,1.828117351815027,CTSV,0.5537933485757197
1175,Bile Acid Metabolic Process (GO:0008206),0.40130446095314903,2.002242609582059,1.828117351815027,AKR1C1,0.5537933485757197
1176,Glutamine Family Amino Acid Metabolic Process (GO:0009064),0.40130446095314903,2.002242609582059,1.828117351815027,GCLC,0.5537933485757197
1177,Positive Regulation Of Rho Protein Signal Transduction (GO:0035025),0.40130446095314903,2.002242609582059,1.828117351815027,COL3A1,0.5537933485757197
1178,Positive Regulation Of Leukocyte Migration (GO:0002687),0.40130446095314903,2.002242609582059,1.828117351815027,MDK,0.5537933485757197
1179,Protein Localization To Chromatin (GO:0071168),0.40130446095314903,2.002242609582059,1.828117351815027,CENPA,0.5537933485757197
1180,Regulation Of Cysteine-Type Endopeptidase Activity Involved In Apoptotic Process (GO:0043281),0.4017576926157219,1.4656591351189585,1.3365435450860699,SOX2;MAGEA3,0.5539489541404912
1181,Regulation Of Kinase Activity (GO:0043549),0.4074985394431664,1.4479266760292704,1.2998297391152263,ECT2;C1ORF112,0.5604396649822753
1182,Transport Across Blood-Brain Barrier (GO:0150104),0.4074985394431664,1.4479266760292704,1.2998297391152263,SLC7A5;SLC2A1,0.5604396649822753
1183,Integrin-Mediated Signaling Pathway (GO:0007229),0.4074985394431664,1.4479266760292704,1.2998297391152263,COL3A1;DST,0.5604396649822753
1184,'De Novo' Post-Translational Protein Folding (GO:0051084),0.41113829186737805,1.9375554897898786,1.722149007002813,ERO1A,0.5616473558927154
1185,Cellular Nitrogen Compound Biosynthetic Process (GO:0044271),0.41113829186737805,1.9375554897898786,1.722149007002813,NQO1,0.5616473558927154
1186,Transition Metal Ion Transport (GO:0000041),0.41113829186737805,1.9375554897898786,1.722149007002813,CP,0.5616473558927154
1187,Gluconeogenesis (GO:0006094),0.41113829186737805,1.9375554897898786,1.722149007002813,KRT17,0.5616473558927154
1188,Glycosphingolipid Metabolic Process (GO:0006687),0.41113829186737805,1.9375554897898786,1.722149007002813,UGT8,0.5616473558927154
1189,Left/Right Pattern Formation (GO:0060972),0.41113829186737805,1.9375554897898786,1.722149007002813,STIL,0.5616473558927154
1190,Negative Regulation Of G1/S Transition Of Mitotic Cell Cycle (GO:2000134),0.41113829186737805,1.9375554897898786,1.722149007002813,E2F7,0.5616473558927154
1191,Neural Tube Closure (GO:0001843),0.41113829186737805,1.9375554897898786,1.722149007002813,STIL,0.5616473558927154
1192,Negative Regulation Of Angiogenesis (GO:0016525),0.41321263572326394,1.4306164183464798,1.264368721915536,THBS2;SULF1,0.564007515370596
1193,Protein Ubiquitination (GO:0016567),0.41910553876692586,1.1294600938967136,0.9822152144558017,DEPDC1B;RAD51;UBE2C;UBE2S;UHRF1;UBE2T;PRAME;FBXO32,0.5658344051921577
1194,Actin Filament Bundle Assembly (GO:0051017),0.42081108191918304,1.8769113149847094,1.6246005341366605,BAIAP2L1,0.5658344051921577
1195,Actin Filament Bundle Organization (GO:0061572),0.42081108191918304,1.8769113149847094,1.6246005341366605,BAIAP2L1,0.5658344051921577
1196,Carboxylic Acid Metabolic Process (GO:0019752),0.42081108191918304,1.8769113149847094,1.6246005341366605,SLC2A1,0.5658344051921577
1197,Regulation Of Protein Polymerization (GO:0032271),0.42081108191918304,1.8769113149847094,1.6246005341366605,PFN2,0.5658344051921577
1198,Glycolipid Metabolic Process (GO:0006664),0.42081108191918304,1.8769113149847094,1.6246005341366605,UGT8,0.5658344051921577
1199,Ventricular Cardiac Muscle Tissue Morphogenesis (GO:0055010),0.42081108191918304,1.8769113149847094,1.6246005341366605,DSP,0.5658344051921577
1200,Negative Regulation Of Blood Vessel Endothelial Cell Migration (GO:0043537),0.42081108191918304,1.8769113149847094,1.6246005341366605,JUP,0.5658344051921577
1201,Negative Regulation Of Epithelial Cell Migration (GO:0010633),0.42081108191918304,1.8769113149847094,1.6246005341366605,PFN2,0.5658344051921577
1202,Negative Regulation Of Small Molecule Metabolic Process (GO:0062014),0.42081108191918304,1.8769113149847094,1.6246005341366605,UGT1A8,0.5658344051921577
1203,Positive Regulation Of Notch Signaling Pathway (GO:0045747),0.42081108191918304,1.8769113149847094,1.6246005341366605,TP63,0.5658344051921577
1204,Positive Regulation Of Cytokine Production Involved In Immune Response (GO:0002720),0.42081108191918304,1.8769113149847094,1.6246005341366605,SLC7A5,0.5658344051921577
1205,Positive Regulation Of Interleukin-12 Production (GO:0032735),0.42081108191918304,1.8769113149847094,1.6246005341366605,MDK,0.5658344051921577
1206,Positive Regulation Of Nitrogen Compound Metabolic Process (GO:0051173),0.42081108191918304,1.8769113149847094,1.6246005341366605,UHRF1,0.5658344051921577
1207,Positive Regulation Of Protein Dephosphorylation (GO:0035307),0.42081108191918304,1.8769113149847094,1.6246005341366605,CDCA2,0.5658344051921577
1208,Protein K63-linked Deubiquitination (GO:0070536),0.42081108191918304,1.8769113149847094,1.6246005341366605,DEPDC1B,0.5658344051921577
1209,Regulation Of G0 To G1 Transition (GO:0070316),0.42081108191918304,1.8769113149847094,1.6246005341366605,CHEK1,0.5658344051921577
1210,Regulation Of NLRP3 Inflammasome Complex Assembly (GO:1900225),0.42081108191918304,1.8769113149847094,1.6246005341366605,DEPDC1B,0.5658344051921577
1211,Positive Regulation Of Cell Adhesion (GO:0045785),0.42455793640339806,1.397203595377372,1.1969938225803294,MDK;TNPO1,0.5704011251266132
1212,Proteasome-Mediated Ubiquitin-Dependent Protein Catabolic Process (GO:0043161),0.42523942774956164,1.152481495445796,0.9854902796405266,CDC20;UCHL1;UBE2C;UBE2S;KIF14;PRAME,0.5708453374162845
1213,DNA Damage Checkpoint Signaling (GO:0000077),0.43032546036635944,1.819942544713187,1.5346000719941053,CHEK1,0.5729456006678124
1214,Regulation Of Interleukin-17 Production (GO:0032660),0.43032546036635944,1.819942544713187,1.5346000719941053,SLC7A5,0.5729456006678124
1215,Cellular Response To Glucose Stimulus (GO:0071333),0.43032546036635944,1.819942544713187,1.5346000719941053,SOX4,0.5729456006678124
1216,Cellular Response To Hydrogen Peroxide (GO:0070301),0.43032546036635944,1.819942544713187,1.5346000719941053,ECT2,0.5729456006678124
1217,Response To Estrogen (GO:0043627),0.43032546036635944,1.819942544713187,1.5346000719941053,CD24,0.5729456006678124
1218,Smoothened Signaling Pathway (GO:0007224),0.43032546036635944,1.819942544713187,1.5346000719941053,STIL,0.5729456006678124
1219,Superoxide Metabolic Process (GO:0006801),0.43032546036635944,1.819942544713187,1.5346000719941053,NQO1,0.5729456006678124
1220,Histone Deubiquitination (GO:0016578),0.43032546036635944,1.819942544713187,1.5346000719941053,DEPDC1B,0.5729456006678124
1221,Microtubule Polymerization (GO:0046785),0.43032546036635944,1.819942544713187,1.5346000719941053,TPX2,0.5729456006678124
1222,Positive Regulation Of Neuron Death (GO:1901216),0.43032546036635944,1.819942544713187,1.5346000719941053,TFAP2A,0.5729456006678124
1223,Adherens Junction Organization (GO:0034332),0.43968401377290434,1.7663248785752834,1.4513873167711364,CDH3,0.5830202855815121
1224,Regulation Of Postsynaptic Membrane Potential (GO:0060078),0.43968401377290434,1.7663248785752834,1.4513873167711364,FOXM1,0.5830202855815121
1225,Cellular Response To Amino Acid Stimulus (GO:0071230),0.43968401377290434,1.7663248785752834,1.4513873167711364,SESN3,0.5830202855815121
1226,Positive Regulation Of Substrate Adhesion-Dependent Cell Spreading (GO:1900026),0.43968401377290434,1.7663248785752834,1.4513873167711364,MDK,0.5830202855815121
1227,Regulation Of Axon Extension (GO:0030516),0.43968401377290434,1.7663248785752834,1.4513873167711364,CTTN,0.5830202855815121
1228,Lymphocyte Differentiation (GO:0030098),0.44135950010395925,1.3499000482525678,1.1040772324822115,TPD52;SOX4,0.5838145582675949
1229,Positive Regulation Of MAP Kinase Activity (GO:0043406),0.44135950010395925,1.3499000482525678,1.1040772324822115,CD24;EZH2,0.5838145582675949
1230,Regulation Of Actin Cytoskeleton Organization (GO:0032956),0.44135950010395925,1.3499000482525678,1.1040772324822115,BAIAP2L1;MDK,0.5838145582675949
1231,Positive Regulation Of Signal Transduction (GO:0009967),0.4426166028777402,1.151263893337129,0.9383391788641143,DEPDC1B;CDH3;CTSV;SULF1;TP63,0.5850017976296371
1232,Negative Regulation Of Protein Phosphorylation (GO:0001933),0.44300615847385544,1.2345205479452055,1.0051115787491016,GREM1;IGFBP3;SORD,0.585041412205327
1233,Blood Vessel Diameter Maintenance (GO:0097746),0.4488892864805976,1.7157710790738314,1.374296602526856,GCLC,0.589623990673209
1234,Regulation Of Receptor Internalization (GO:0002090),0.4488892864805976,1.7157710790738314,1.374296602526856,GREM1,0.589623990673209
1235,Substrate Adhesion-Dependent Cell Spreading (GO:0034446),0.4488892864805976,1.7157710790738314,1.374296602526856,KIF14,0.589623990673209
1236,Negative Regulation Of Protein Kinase B Signaling (GO:0051898),0.4488892864805976,1.7157710790738314,1.374296602526856,SORD,0.589623990673209
1237,Negative Regulation Of Sequestering Of Calcium Ion (GO:0051283),0.4488892864805976,1.7157710790738314,1.374296602526856,ERO1A,0.589623990673209
1238,Positive Regulation Of Signaling Receptor Activity (GO:2000273),0.4488892864805976,1.7157710790738314,1.374296602526856,GREM1,0.589623990673209
1239,Chromatin Organization (GO:0006325),0.449012983678,1.1423913171432272,0.9147166971956108,SOX2;CHEK1;HMGA2;ASF1B;EZH2,0.589623990673209
1240,Regulation Of Endothelial Cell Proliferation (GO:0001936),0.452409791568172,1.3200970808332773,1.0470572979066326,SORD;SULF1,0.5926495417724765
1241,Positive Regulation Of Cellular Component Biogenesis (GO:0044089),0.452409791568172,1.3200970808332773,1.0470572979066326,MMP1;PFN2,0.5926495417724765
1242,Protein O-linked Glycosylation (GO:0006493),0.452409791568172,1.3200970808332773,1.0470572979066326,GALNT14;PLOD2,0.5926495417724765
1243,Cellular Response To Organic Cyclic Compound (GO:0071407),0.45585403539123703,1.209478575116159,0.9501453461032205,RAD51;JUP;SPP1,0.5941583194000962
1244,Sphingolipid Metabolic Process (GO:0006665),0.4578881966663248,1.3056815150706855,1.0199073109878072,UGT8;PLPP2,0.5941583194000962
1245,Peptidyl-Lysine Modification (GO:0018205),0.4578881966663248,1.3056815150706855,1.0199073109878072,BCL11A;PLOD2,0.5941583194000962
1246,Aortic Valve Morphogenesis (GO:0003180),0.4579437815167306,1.6680258239891268,1.3027429308678673,TWIST1,0.5941583194000962
1247,Regulation Of p38MAPK Cascade (GO:1900744),0.4579437815167306,1.6680258239891268,1.3027429308678673,SORD,0.5941583194000962
1248,Regulation Of Vascular Associated Smooth Muscle Cell Proliferation (GO:1904705),0.4579437815167306,1.6680258239891268,1.3027429308678673,MMP9,0.5941583194000962
1249,Ventricular Septum Development (GO:0003281),0.4579437815167306,1.6680258239891268,1.3027429308678673,SOX4,0.5941583194000962
1250,Negative Regulation Of Endothelial Cell Migration (GO:0010596),0.4579437815167306,1.6680258239891268,1.3027429308678673,JUP,0.5941583194000962
1251,Negative Regulation Of Smooth Muscle Cell Proliferation (GO:0048662),0.4579437815167306,1.6680258239891268,1.3027429308678673,IGFBP3,0.5941583194000962
1252,Negative Regulation Of Stress-Activated MAPK Cascade (GO:0032873),0.4579437815167306,1.6680258239891268,1.3027429308678673,FOXM1,0.5941583194000962
1253,Positive Regulation Of Signaling (GO:0023056),0.4579437815167306,1.6680258239891268,1.3027429308678673,NMU,0.5941583194000962
1254,Regulation Of Cellular Component Biogenesis (GO:0044087),0.4579437815167306,1.6680258239891268,1.3027429308678673,HJURP,0.5941583194000962
1255,Cell Junction Assembly (GO:0034329),0.46333482483560856,1.2915759614750313,0.9936162615254661,CDH3;PKP1,0.6006739123566017
1256,Regulation Of Intracellular Transport (GO:0032386),0.46684996103771026,1.6228613935035954,1.2362103748607014,SPAG5,0.6009215875066097
1257,Calcium-Dependent Cell-Cell Adhesion Via Plasma Membrane Cell Adhesion Molecules (GO:0016339),0.46684996103771026,1.6228613935035954,1.2362103748607014,CDH3,0.6009215875066097
1258,Connective Tissue Development (GO:0061448),0.46684996103771026,1.6228613935035954,1.2362103748607014,SULF1,0.6009215875066097
1259,Fatty Acid Transport (GO:0015908),0.46684996103771026,1.6228613935035954,1.2362103748607014,CRABP2,0.6009215875066097
1260,Heart Looping (GO:0001947),0.46684996103771026,1.6228613935035954,1.2362103748607014,STIL,0.6009215875066097
1261,Import Into Cell (GO:0098657),0.46684996103771026,1.6228613935035954,1.2362103748607014,SLC7A5,0.6009215875066097
1262,Lymphocyte Proliferation (GO:0046651),0.46684996103771026,1.6228613935035954,1.2362103748607014,HELLS,0.6009215875066097
1263,Maturation Of SSU-rRNA (GO:0030490),0.46684996103771026,1.6228613935035954,1.2362103748607014,IGF2BP3,0.6009215875066097
1264,Positive Regulation Of Production Of Molecular Mediator Of Immune Response (GO:0002702),0.46684996103771026,1.6228613935035954,1.2362103748607014,SLC7A5,0.6009215875066097
1265,Cellular Response To Transforming Growth Factor Beta Stimulus (GO:0071560),0.46874924312161276,1.2777705260409868,0.9681505208161448,COL3A1;COL1A2,0.6028893427342797
1266,Release Of Sequestered Calcium Ion Into Cytosol (GO:0051209),0.4756102472811713,1.5800740383067762,1.174242400110372,ERO1A,0.6083473839044542
1267,Fibroblast Growth Factor Receptor Signaling Pathway (GO:0008543),0.4756102472811713,1.5800740383067762,1.174242400110372,SHCBP1,0.6083473839044542
1268,Vitamin Transport (GO:0051180),0.4756102472811713,1.5800740383067762,1.174242400110372,SLC2A1,0.6083473839044542
1269,Negative Regulation Of Cell-Substrate Adhesion (GO:0010812),0.4756102472811713,1.5800740383067762,1.174242400110372,CDKN2A,0.6083473839044542
1270,Negative Regulation Of Mitochondrion Organization (GO:0010823),0.4756102472811713,1.5800740383067762,1.174242400110372,SLC35F6,0.6083473839044542
1271,Positive Regulation Of Intracellular Transport (GO:0032388),0.4756102472811713,1.5800740383067762,1.174242400110372,SPAG5,0.6083473839044542
1272,Positive Regulation Of Lymphocyte Differentiation (GO:0045621),0.4756102472811713,1.5800740383067762,1.174242400110372,MDK,0.6083473839044542
1273,Regulation Of Cytokine-Mediated Signaling Pathway (GO:0001959),0.4842270228500912,1.5394809064533834,1.116433749833224,CD24,0.6150174599352838
1274,Aortic Valve Development (GO:0003176),0.4842270228500912,1.5394809064533834,1.116433749833224,TWIST1,0.6150174599352838
1275,Regulation Of Protein Dephosphorylation (GO:0035304),0.4842270228500912,1.5394809064533834,1.116433749833224,CDCA2,0.6150174599352838
1276,Regulation Of Small Molecule Metabolic Process (GO:0062012),0.4842270228500912,1.5394809064533834,1.116433749833224,PDK1,0.6150174599352838
1277,Endothelial Cell Migration (GO:0043542),0.4842270228500912,1.5394809064533834,1.116433749833224,S100A2,0.6150174599352838
1278,Water-Soluble Vitamin Metabolic Process (GO:0006767),0.4842270228500912,1.5394809064533834,1.116433749833224,SLC2A1,0.6150174599352838
1279,Negative Regulation Of Mitotic Cell Cycle Phase Transition (GO:1901991),0.4842270228500912,1.5394809064533834,1.116433749833224,E2F7,0.6150174599352838
1280,Positive Regulation Of Insulin Secretion (GO:0032024),0.4842270228500912,1.5394809064533834,1.116433749833224,SOX4,0.6150174599352838
1281,Protein Localization To Chromosome (GO:0034502),0.4842270228500912,1.5394809064533834,1.116433749833224,CENPA,0.6150174599352838
1282,Protein Complex Oligomerization (GO:0051259),0.4900769356111505,1.225366220107675,0.8739224742966641,ECT2;FOXM1,0.6199746185822002
1283,Regulation Of Dendrite Development (GO:0050773),0.4927026317312752,1.5009174311926605,1.062423605179848,BCL11A,0.6199746185822002
1284,O-glycan Processing (GO:0016266),0.4927026317312752,1.5009174311926605,1.062423605179848,GALNT14,0.6199746185822002
1285,Carbohydrate Catabolic Process (GO:0016052),0.4927026317312752,1.5009174311926605,1.062423605179848,GAPDH,0.6199746185822002
1286,Detection Of Chemical Stimulus Involved In Sensory Perception Of Bitter Taste (GO:0001580),0.4927026317312752,1.5009174311926605,1.062423605179848,CST1,0.6199746185822002
1287,Stem Cell Differentiation (GO:0048863),0.4927026317312752,1.5009174311926605,1.062423605179848,HMGA2,0.6199746185822002
1288,Visual System Development (GO:0150063),0.4927026317312752,1.5009174311926605,1.062423605179848,SOX2,0.6199746185822002
1289,Negative Regulation Of DNA Recombination (GO:0045910),0.4927026317312752,1.5009174311926605,1.062423605179848,RMI2,0.6199746185822002
1290,Negative Regulation Of mRNA Catabolic Process (GO:1902373),0.4927026317312752,1.5009174311926605,1.062423605179848,PKP1,0.6199746185822002
1291,Negative Regulation Of Proteolysis (GO:0045861),0.4927026317312752,1.5009174311926605,1.062423605179848,MAGEA3,0.6199746185822002
1292,Positive Regulation Of Viral Process (GO:0048524),0.4927026317312752,1.5009174311926605,1.062423605179848,KPNA2,0.6199746185822002
1293,Regulation Of Amide Metabolic Process (GO:0034248),0.4927026317312752,1.5009174311926605,1.062423605179848,MSI2,0.6199746185822002
1294,Visual Perception (GO:0007601),0.4953245795379945,1.212926814153808,0.8521320481396033,COL1A1;COL11A1,0.6227921877189467
1295,Activation Of GTPase Activity (GO:0090630),0.5005378693821859,1.2007361963190184,0.8309959248590898,CXCL13;ECT2,0.623711607293463
1296,Sensory Perception Of Light Stimulus (GO:0050953),0.5005378693821859,1.2007361963190184,0.8309959248590898,COL1A1;COL11A1,0.623711607293463
1297,Branching Morphogenesis Of An Epithelial Tube (GO:0048754),0.5010393796758181,1.464235101066607,1.011889798850361,SIX1,0.623711607293463
1298,Cardiac Ventricle Morphogenesis (GO:0003208),0.5010393796758181,1.464235101066607,1.011889798850361,SOX4,0.623711607293463
1299,Cellular Response To Glucose Starvation (GO:0042149),0.5010393796758181,1.464235101066607,1.011889798850361,SESN3,0.623711607293463
1300,Determination Of Heart Left/Right Asymmetry (GO:0061371),0.5010393796758181,1.464235101066607,1.011889798850361,STIL,0.623711607293463
1301,Sensory Perception Of Bitter Taste (GO:0050913),0.5010393796758181,1.464235101066607,1.011889798850361,CST1,0.623711607293463
1302,Embryonic Heart Tube Morphogenesis (GO:0003143),0.5010393796758181,1.464235101066607,1.011889798850361,STIL,0.623711607293463
1303,Lipid Modification (GO:0030258),0.5010393796758181,1.464235101066607,1.011889798850361,PLPP2,0.623711607293463
1304,Modulation By Host Of Symbiont Process (GO:0051851),0.5010393796758181,1.464235101066607,1.011889798850361,HMGA2,0.623711607293463
1305,Negative Regulation Of I-kappaB kinase/NF-kappaB Signaling (GO:0043124),0.5010393796758181,1.464235101066607,1.011889798850361,TRIM59,0.623711607293463
1306,Organic Hydroxy Compound Biosynthetic Process (GO:1901617),0.5010393796758181,1.464235101066607,1.011889798850361,PSAT1,0.623711607293463
1307,Positive Regulation Of Neuron Differentiation (GO:0045666),0.5010393796758181,1.464235101066607,1.011889798850361,ECT2,0.623711607293463
1308,Protein Polyubiquitination (GO:0000209),0.5092228307092967,1.081637192748304,0.7299640346030632,UBE2C;UBE2S;UBE2T;PRAME,0.6295841360717492
1309,SCF-dependent Proteasomal Ubiquitin-Dependent Protein Catabolic Process (GO:0031146),0.5092395347697738,1.4292995485656037,0.9645438969577199,KIF14,0.6295841360717492
1310,Ephrin Receptor Signaling Pathway (GO:0048013),0.5092395347697738,1.4292995485656037,0.9645438969577199,MMP9,0.6295841360717492
1311,Intracellular Glucose Homeostasis (GO:0001678),0.5092395347697738,1.4292995485656037,0.9645438969577199,SOX4,0.6295841360717492
1312,Learning (GO:0007612),0.5092395347697738,1.4292995485656037,0.9645438969577199,CNTNAP2,0.6295841360717492
1313,Negative Regulation Of BMP Signaling Pathway (GO:0030514),0.5092395347697738,1.4292995485656037,0.9645438969577199,GREM1,0.6295841360717492
1314,Positive Regulation Of Cell-Matrix Adhesion (GO:0001954),0.5092395347697738,1.4292995485656037,0.9645438969577199,JUP,0.6295841360717492
1315,Positive Regulation Of Receptor-Mediated Endocytosis (GO:0048260),0.5092395347697738,1.4292995485656037,0.9645438969577199,GREM1,0.6295841360717492
1316,Positive Regulation Of Stress Fiber Assembly (GO:0051496),0.5092395347697738,1.4292995485656037,0.9645438969577199,PFN2,0.6295841360717492
1317,Positive Regulation Of Kinase Activity (GO:0033674),0.5108602569104405,1.1770720558161916,0.7905912706679485,CCNA2;CENPE,0.6311083052340825
1318,Negative Regulation Of MAPK Cascade (GO:0043409),0.5159688355076704,1.1655846089701591,0.771277723011373,UCHL1;FOXM1,0.6356916686943662
1319,Embryonic Organ Morphogenesis (GO:0048562),0.5173053284273761,1.3959889054832515,0.9201270015472257,SIX1,0.6356916686943662
1320,Lymphocyte Chemotaxis (GO:0048247),0.5173053284273761,1.3959889054832515,0.9201270015472257,CXCL13,0.6356916686943662
1321,Nucleobase-Containing Compound Catabolic Process (GO:0034655),0.5173053284273761,1.3959889054832515,0.9201270015472257,RNASEH2A,0.6356916686943662
1322,Nucleus Organization (GO:0006997),0.5173053284273761,1.3959889054832515,0.9201270015472257,CEP55,0.6356916686943662
1323,Positive Regulation Of Chemotaxis (GO:0050921),0.5173053284273761,1.3959889054832515,0.9201270015472257,MDK,0.6356916686943662
1324,Positive Regulation Of Leukocyte Cell-Cell Adhesion (GO:1903039),0.5173053284273761,1.3959889054832515,0.9201270015472257,MDK,0.6356916686943662
1325,Regulation Of Cellular Metabolic Process (GO:0031323),0.5252389554240213,1.3641923825410065,0.8784061581471977,FOXM1,0.6420464165851861
1326,Detection Of Chemical Stimulus Involved In Sensory Perception Of Taste (GO:0050912),0.5252389554240213,1.3641923825410065,0.8784061581471977,CST1,0.6420464165851861
1327,Determination Of Left/Right Symmetry (GO:0007368),0.5252389554240213,1.3641923825410065,0.8784061581471977,STIL,0.6420464165851861
1328,Hexose Metabolic Process (GO:0019318),0.5252389554240213,1.3641923825410065,0.8784061581471977,SORD,0.6420464165851861
1329,Negative Regulation Of Response To Biotic Stimulus (GO:0002832),0.5252389554240213,1.3641923825410065,0.8784061581471977,AURKB,0.6420464165851861
1330,Organic Hydroxy Compound Transport (GO:0015850),0.5252389554240213,1.3641923825410065,0.8784061581471977,AKR1C1,0.6420464165851861
1331,Regulation Of Apoptotic Signaling Pathway (GO:2001233),0.5252389554240213,1.3641923825410065,0.8784061581471977,CTSV,0.6420464165851861
1332,Brain Development (GO:0007420),0.526058276752642,1.0846709916589434,0.6967311225855348,CNTNAP2;CENPF;PAFAH1B3,0.642503927967131
1333,Negative Regulation Of Intracellular Signal Transduction (GO:1902532),0.5264030337923697,1.057540653722739,0.6786112905188089,SORD;TWIST1;TRIM59;MMP9,0.642503927967131
1334,Lipid Transport (GO:0006869),0.5310813641948254,1.1324227341127446,0.7166424497565734,CRABP2;AKR1C1,0.6452829386746741
1335,T Cell Differentiation (GO:0030217),0.5330425750330436,1.3338090383961945,0.8391712649276927,SOX4,0.6452829386746741
1336,Regulation Of mRNA Catabolic Process (GO:0061013),0.5330425750330436,1.3338090383961945,0.8391712649276927,PKP1,0.6452829386746741
1337,Replication Fork Processing (GO:0031297),0.5330425750330436,1.3338090383961945,0.8391712649276927,RAD51,0.6452829386746741
1338,Response To Glucose (GO:0009749),0.5330425750330436,1.3338090383961945,0.8391712649276927,SOX4,0.6452829386746741
1339,Response To Hydrogen Peroxide (GO:0042542),0.5330425750330436,1.3338090383961945,0.8391712649276927,ECT2,0.6452829386746741
1340,Development Of Primary Male Sexual Characteristics (GO:0046546),0.5330425750330436,1.3338090383961945,0.8391712649276927,SIX4,0.6452829386746741
1341,Male Gonad Development (GO:0008584),0.5330425750330436,1.3338090383961945,0.8391712649276927,SIX4,0.6452829386746741
1342,Myofibril Assembly (GO:0030239),0.5330425750330436,1.3338090383961945,0.8391712649276927,SIX4,0.6452829386746741
1343,Negative Regulation Of Cold-Induced Thermogenesis (GO:0120163),0.5330425750330436,1.3338090383961945,0.8391712649276927,LGR4,0.6452829386746741
1344,Positive Regulation Of Peptide Hormone Secretion (GO:0090277),0.5330425750330436,1.3338090383961945,0.8391712649276927,SOX4,0.6452829386746741
1345,Positive Regulation Of Cysteine-Type Endopeptidase Activity Involved In Apoptotic Process (GO:0043280),0.5360471393691308,1.1217820079123904,0.699468297269349,EGLN3;SORD,0.6479559403815571
1346,Regulation Of Wnt Signaling Pathway (GO:0030111),0.5360471393691308,1.1217820079123904,0.699468297269349,DEPDC1B;SULF1,0.6479559403815571
1347,Cell-Cell Adhesion Via Plasma-Membrane Adhesion Molecules (GO:0098742),0.537927661694403,1.0652526172052799,0.6604898432920735,CDH3;DSG2;IGSF9,0.6492643216445056
1348,Generation Of Neurons (GO:0048699),0.537927661694403,1.0652526172052799,0.6604898432920735,RACGAP1;SIX4;SIX1,0.6492643216445056
1349,Bicellular Tight Junction Assembly (GO:0070830),0.5407183111319983,1.3047467092142002,0.8022324093542327,ECT2,0.6511833399050786
1350,Positive Regulation Of Smooth Muscle Cell Proliferation (GO:0048661),0.5407183111319983,1.3047467092142002,0.8022324093542327,MMP9,0.6511833399050786
1351,Regulation Of T Cell Differentiation (GO:0045580),0.5407183111319983,1.3047467092142002,0.8022324093542327,MDK,0.6511833399050786
1352,T Cell Activation (GO:0042110),0.5458700574665978,1.101086283559408,0.6665693618769719,MDK;SOX4,0.6569013191554398
1353,Regulation Of Intrinsic Apoptotic Signaling Pathway (GO:2001242),0.5482682532762189,1.2769210748910145,0.7674175610729033,MMP9,0.6588127386118228
1354,Cellular Response To Mechanical Stimulus (GO:0071260),0.5482682532762189,1.2769210748910145,0.7674175610729033,CHEK1,0.6588127386118228
1355,Small GTPase Mediated Signal Transduction (GO:0007264),0.5507269096103493,1.0910206358059118,0.6508115051048234,CCNA2;CDKN2A,0.6612787320561169
1356,Positive Regulation Of Hydrolase Activity (GO:0051345),0.553487090721306,1.040409070698088,0.6154194963170567,CTSV;ECT2;EZH2,0.664102873601449
1357,Regulation Of Protein Ubiquitination (GO:0031396),0.5555471873742296,1.0811363510750014,0.6354938150865129,FANCI;SOX4,0.6643018965889093
1358,Positive Regulation Of Cellular Component Organization (GO:0051130),0.5555471873742296,1.0811363510750014,0.6354938150865129,CDC20;MMP1,0.6643018965889093
1359,Erythrocyte Differentiation (GO:0030218),0.5556944568269856,1.2502548419979613,0.7345705713497288,RACGAP1,0.6643018965889093
1360,Positive Regulation Of Pathway-Restricted SMAD Protein Phosphorylation (GO:0010862),0.5556944568269856,1.2502548419979613,0.7345705713497288,TTK,0.6643018965889093
1361,Regulation Of Cell Communication (GO:0010646),0.5556944568269856,1.2502548419979613,0.7345705713497288,SCG5,0.6643018965889093
1362,Regulation Of Autophagy (GO:0010506),0.5598631402554609,1.0123977704849716,0.5872544044408823,UCHL1;DAPL1;GAPDH;MAGEA3,0.6686126139566119
1363,Ubiquitin-Dependent Protein Catabolic Process (GO:0006511),0.5601839628569445,0.9967653687995733,0.5776156075202689,UCHL1;UBE2C;UBE2S;UHRF1;KIF14;PRAME,0.6686126139566119
1364,Regulation Of Epithelial Cell Migration (GO:0010632),0.5629989435283087,1.2246770267740124,0.7035494301411569,PFN2,0.6686126139566119
1365,Regulation Of Interleukin-12 Production (GO:0032655),0.5629989435283087,1.2246770267740124,0.7035494301411569,MDK,0.6686126139566119
1366,Blood Circulation (GO:0008015),0.5629989435283087,1.2246770267740124,0.7035494301411569,GCLC,0.6686126139566119
1367,Steroid Biosynthetic Process (GO:0006694),0.5629989435283087,1.2246770267740124,0.7035494301411569,SRD5A1,0.6686126139566119
1368,Intracellular Iron Ion Homeostasis (GO:0006879),0.5629989435283087,1.2246770267740124,0.7035494301411569,CP,0.6686126139566119
1369,Positive Regulation Of Fat Cell Differentiation (GO:0045600),0.5629989435283087,1.2246770267740124,0.7035494301411569,SIX1,0.6686126139566119
1370,Regulation Of TORC1 Signaling (GO:1903432),0.5629989435283087,1.2246770267740124,0.7035494301411569,SESN3,0.6686126139566119
1371,Regulation Of Substrate Adhesion-Dependent Cell Spreading (GO:1900024),0.5701837025497251,1.2001223241590213,0.6742247431885771,MDK,0.6741925029421532
1372,Cholesterol Transport (GO:0030301),0.5701837025497251,1.2001223241590213,0.6742247431885771,AKR1C1,0.6741925029421532
1373,Microtubule Bundle Formation (GO:0001578),0.5701837025497251,1.2001223241590213,0.6742247431885771,KIF20A,0.6741925029421532
1374,Negative Regulation Of MAP Kinase Activity (GO:0043407),0.5701837025497251,1.2001223241590213,0.6742247431885771,UCHL1,0.6741925029421532
1375,Positive Regulation Of Ras Protein Signal Transduction (GO:0046579),0.5701837025497251,1.2001223241590213,0.6742247431885771,COL3A1,0.6741925029421532
1376,Positive Regulation Of Actin Filament Bundle Assembly (GO:0032233),0.5701837025497251,1.2001223241590213,0.6742247431885771,PFN2,0.6741925029421532
1377,Cellular Response To Oxidative Stress (GO:0034599),0.5744605539489716,1.0433182181915177,0.5783361668759719,NQO1;MMP9,0.6777718065808388
1378,Protein Maturation (GO:0051604),0.5744605539489716,1.0433182181915177,0.5783361668759719,F12;TMPRSS4,0.6777718065808388
1379,Protein Processing (GO:0016485),0.5744605539489716,1.0433182181915177,0.5783361668759719,F12;TMPRSS4,0.6777718065808388
1380,Regulation Of Protein Localization To Nucleus (GO:1900180),0.5772506903010292,1.176530551058344,0.6464784011185173,CDK1,0.679585291693035
1381,Cardiac Muscle Tissue Development (GO:0048738),0.5772506903010292,1.176530551058344,0.6464784011185173,GREM1,0.679585291693035
1382,Negative Regulation Of Innate Immune Response (GO:0045824),0.5772506903010292,1.176530551058344,0.6464784011185173,AURKB,0.679585291693035
1383,Regulation Of Protein Binding (GO:0043393),0.5790965721755299,1.034271207954305,0.565007905925976,AURKB;AURKA,0.6812654540344086
1384,Regulation Of Protein-Containing Complex Assembly (GO:0043254),0.5836955492151658,1.025378847464737,0.5520391080122142,MMP1;HJURP,0.6828278590180374
1385,Actin Cytoskeleton Reorganization (GO:0031532),0.5842018314401403,1.1538461538461537,0.6202024085531392,CTTN,0.6828278590180374
1386,Regulation Of Macromolecule Biosynthetic Process (GO:0010556),0.5842018314401403,1.1538461538461537,0.6202024085531392,MSI2,0.6828278590180374
1387,Carboxylic Acid Transport (GO:0046942),0.5842018314401403,1.1538461538461537,0.6202024085531392,SLC7A5,0.6828278590180374
1388,Tight Junction Assembly (GO:0120192),0.5842018314401403,1.1538461538461537,0.6202024085531392,ECT2,0.6828278590180374
1389,Gonad Development (GO:0008406),0.5842018314401403,1.1538461538461537,0.6202024085531392,SIX4,0.6828278590180374
1390,mRNA Stabilization (GO:0048255),0.5842018314401403,1.1538461538461537,0.6202024085531392,IGF2BP3,0.6828278590180374
1391,Negative Regulation Of Metabolic Process (GO:0009892),0.5842018314401403,1.1538461538461537,0.6202024085531392,LGR4,0.6828278590180374
1392,Positive Regulation Of Chemokine Production (GO:0032722),0.5842018314401403,1.1538461538461537,0.6202024085531392,TWIST1,0.6828278590180374
1393,Apical Junction Assembly (GO:0043297),0.5910390193827033,1.132017771623103,0.5952978545589982,ECT2,0.6868717746683274
1394,Regulation Of Smooth Muscle Cell Proliferation (GO:0048660),0.5910390193827033,1.132017771623103,0.5952978545589982,IGFBP3,0.6868717746683274
1395,Negative Regulation Of TOR Signaling (GO:0032007),0.5910390193827033,1.132017771623103,0.5952978545589982,SESN3,0.6868717746683274
1396,Negative Regulation Of Neuron Projection Development (GO:0010977),0.5910390193827033,1.132017771623103,0.5952978545589982,BCL11A,0.6868717746683274
1397,Negative Regulation Of Protein Modification By Small Protein Conjugation Or Removal (GO:1903321),0.5910390193827033,1.132017771623103,0.5952978545589982,SOX4,0.6868717746683274
1398,Nucleosome Assembly (GO:0006334),0.5910390193827033,1.132017771623103,0.5952978545589982,ASF1B,0.6868717746683274
1399,Positive Regulation Of Leukocyte Chemotaxis (GO:0002690),0.5910390193827033,1.132017771623103,0.5952978545589982,MDK,0.6868717746683274
1400,Regulation Of Blood Vessel Endothelial Cell Migration (GO:0043535),0.5910390193827033,1.132017771623103,0.5952978545589982,JUP,0.6868717746683274
1401,Cellular Response To Fibroblast Growth Factor Stimulus (GO:0044344),0.5977641164749024,1.1109978480009062,0.5716740048900728,SHCBP1,0.6927081321258306
1402,Ceramide Metabolic Process (GO:0006672),0.5977641164749024,1.1109978480009062,0.5716740048900728,PLPP2,0.6927081321258306
1403,Response To Peptide Hormone (GO:0043434),0.5977641164749024,1.1109978480009062,0.5716740048900728,SLC2A1,0.6927081321258306
1404,Purine Ribonucleotide Biosynthetic Process (GO:0009152),0.5977641164749024,1.1109978480009062,0.5716740048900728,PAICS,0.6927081321258306
1405,Regulation Of Stem Cell Population Maintenance (GO:2000036),0.6043789549251094,1.090742285237698,0.5492474977801217,HMGA2,0.6983839202153075
1406,Cellular Response To Peptide (GO:1901653),0.6043789549251094,1.090742285237698,0.5492474977801217,TIMELESS,0.6983839202153075
1407,Positive Regulation Of DNA-templated Transcription Initiation (GO:2000144),0.6043789549251094,1.090742285237698,0.5492474977801217,TWIST1,0.6983839202153075
1408,Regulation Of Cation Channel Activity (GO:2001257),0.6043789549251094,1.090742285237698,0.5492474977801217,MMP9,0.6983839202153075
1409,Negative Regulation Of Growth (GO:0045926),0.6061339528517464,0.9831036910389218,0.49219506374991,CDKN2A;TMPRSS4,0.6999147915470485
1410,Chemokine-Mediated Signaling Pathway (GO:0070098),0.6108853370094316,1.071210135430319,0.5279416324316676,CXCL13,0.7034044184814899
1411,Membrane Lipid Biosynthetic Process (GO:0046467),0.6108853370094316,1.071210135430319,0.5279416324316676,PLPP2,0.7034044184814899
1412,Myeloid Cell Differentiation (GO:0030099),0.6108853370094316,1.071210135430319,0.5279416324316676,RACGAP1,0.7034044184814899
1413,Post-Transcriptional Regulation Of Gene Expression (GO:0010608),0.6108853370094316,1.071210135430319,0.5279416324316676,MSI2,0.7034044184814899
1414,Modification-Dependent Protein Catabolic Process (GO:0019941),0.6124991062694544,0.9515506715506715,0.4664575572131538,UBE2C;UBE2S;UHRF1,0.7047638231261685
1415,Regulation Of Nucleic Acid-Templated Transcription (GO:1903506),0.613685378000763,0.9422030872624173,0.4600522298901069,SOX2;CRABP2;HMGA1;HMGA2;SIX1;SOX4;EZH2,0.7054727107574624
1416,Cellular Response To Starvation (GO:0009267),0.6148496028605296,0.9671482287749852,0.4703992239847743,SESN3;DAPL1,0.7054727107574624
1417,Positive Regulation Of Intracellular Protein Transport (GO:0090316),0.6148496028605296,0.9671482287749852,0.4703992239847743,JUP;ECT2,0.7054727107574624
1418,Protein-Containing Complex Organization (GO:0043933),0.6148496028605296,0.9671482287749852,0.4703992239847743,SLC2A1;KNTC1,0.7054727107574624
1419,Response To Organic Cyclic Compound (GO:0014070),0.617285035565895,1.0523633242126724,0.5076857364560626,SPP1,0.7067718176394872
1420,Inorganic Anion Transport (GO:0015698),0.617285035565895,1.0523633242126724,0.5076857364560626,RACGAP1,0.7067718176394872
1421,Positive Regulation Of Type II Interferon Production (GO:0032729),0.617285035565895,1.0523633242126724,0.5076857364560626,SLC7A5,0.7067718176394872
1422,Intracellular Protein Transport (GO:0006886),0.618945828491209,0.9361455108359134,0.44910413010959965,MMP12;CTTN;SCG5;KPNA2;TNPO1,0.7081750091105465
1423,Regulation Of Programmed Cell Death (GO:0043067),0.6229653124176672,0.9365384615384615,0.4432303505825519,ANP32E;NME1;MCM2,0.7104792197263924
1424,Cellular Response To Chemokine (GO:1990869),0.6235797945723961,1.0341664030370137,0.4884146026523515,CXCL13,0.7104792197263924
1425,Regulation Of Type I Interferon Production (GO:0032479),0.6235797945723961,1.0341664030370137,0.4884146026523515,GAPDH,0.7104792197263924
1426,Cilium Movement (GO:0003341),0.6235797945723961,1.0341664030370137,0.4884146026523515,CABYR,0.7104792197263924
1427,Negative Regulation Of Protein-Containing Complex Assembly (GO:0031333),0.6235797945723961,1.0341664030370137,0.4884146026523515,KIF14,0.7104792197263924
1428,Positive Regulation Of Protein Binding (GO:0032092),0.6235797945723961,1.0341664030370137,0.4884146026523515,MMP9,0.7104792197263924
1429,Positive Regulation Of Protein Metabolic Process (GO:0051247),0.6264110076172976,0.9316381028298126,0.4357723825633729,UHRF1;PERP;SOX4,0.7132055349148658
1430,Response To Light Stimulus (GO:0009416),0.6297713296406828,1.0165863266469704,0.47006798677769257,SERPINB13,0.7165300372904833
1431,Transmembrane Receptor Protein Serine/Threonine Kinase Signaling Pathway (GO:0007178),0.6318369048554694,0.9367331288343558,0.43007664237997933,COL3A1;COL1A2,0.7183778086651633
1432,Positive Regulation Of Cell Junction Assembly (GO:1901890),0.6358613284395385,0.999592252803262,0.45259015881444253,CNTNAP2,0.7224485903429673
1433,Circulatory System Development (GO:0072359),0.6401094560915761,0.922227465785748,0.4114205130714304,COL3A1;SOX4,0.7262608682433712
1434,Plasma Membrane Bounded Cell Projection Organization (GO:0120036),0.6401094560915761,0.922227465785748,0.4114205130714304,CNTNAP2;CTTN,0.7262608682433712
1435,Regulation Of DNA-templated Transcription (GO:0006355),0.6407088769473526,0.9460533223604864,0.4211641082611469,CRABP2;GMNN;TWIST1;HMGB3;SIX1;FOXM1;SOX2;SIX4;SPP1;PRAME;E2F7;SOX4;TP63;E2F8;TFAP2A;BCL11A;CDKN2A;ATAD2;HMGA1;HMGA2;COL1A1;MLLT11;CENPF;GCLC;DEPDC1;TIMELESS;BIRC5;IRF6;EZH2;MCM2,0.7264343852218416
1436,Fat Cell Differentiation (GO:0045444),0.6418514510043205,0.9831553617085276,0.4359295013496539,HMGA2,0.7267169873236112
1437,Positive Regulation Of Apoptotic Signaling Pathway (GO:2001235),0.6418514510043205,0.9831553617085276,0.4359295013496539,CTSV,0.7267169873236112
1438,Negative Regulation Of Cell Motility (GO:2000146),0.6441907160799494,0.9151407296398633,0.40244270250070885,KRT16;SULF1,0.7288583414896228
1439,Telomere Organization (GO:0032200),0.6477433303677744,0.9672486929071717,0.42003814882278845,EZH2,0.732368588261549
1440,Regulation Of Secretion By Cell (GO:1903530),0.6535385729168635,0.9518469977185573,0.4048716637665223,SCG5,0.7363623671300117
1441,Positive Regulation Of Cysteine-Type Endopeptidase Activity (GO:2001056),0.6535385729168635,0.9518469977185573,0.4048716637665223,PERP,0.7363623671300117
1442,Positive Regulation Of Interleukin-1 Production (GO:0032732),0.6535385729168635,0.9518469977185573,0.4048716637665223,IGHD,0.7363623671300117
1443,Positive Regulation Of Macroautophagy (GO:0016239),0.6535385729168635,0.9518469977185573,0.4048716637665223,SESN3,0.7363623671300117
1444,Positive Regulation Of Type I Interferon Production (GO:0032481),0.6535385729168635,0.9518469977185573,0.4048716637665223,GAPDH,0.7363623671300117
1445,Regulation Of Protein Kinase B Signaling (GO:0051896),0.656215540665324,0.8945151542899001,0.3768287994447822,SORD;NTS,0.7388669098010257
1446,Cellular Response To Light Stimulus (GO:0071482),0.6592387589902424,0.9369266055045872,0.3903887450338562,AURKB,0.7412449625964923
1447,Regulation Of Translational Initiation (GO:0006446),0.6592387589902424,0.9369266055045872,0.3903887450338562,EIF4EBP1,0.7412449625964923
1448,Protein Localization To Plasma Membrane (GO:0072659),0.6601511772290197,0.8878436718927516,0.36870941450069206,JUP;WDR72,0.741758263364375
1449,Cellular Response To Type II Interferon (GO:0071346),0.6648454430121921,0.922465302281816,0.3765509653856651,GAPDH,0.7460024384695424
1450,Response To Reactive Oxygen Species (GO:0000302),0.6648454430121921,0.922465302281816,0.3765509653856651,MMP9,0.7460024384695424
1451,Protein Stabilization (GO:0050821),0.6660640307641652,0.8765628517823639,0.3562083821794604,GAPDH;SOX4;PFN2,0.746854705756924
1452,Extrinsic Apoptotic Signaling Pathway (GO:0097191),0.6703601541373418,0.9084422203688258,0.3633225338086334,MLLT11,0.751154249849487
1453,B Cell Differentiation (GO:0030183),0.6757843965266945,0.8948377379159249,0.3506700810460435,TPD52,0.7561906555357167
1454,Telomere Maintenance (GO:0000723),0.6757843965266945,0.8948377379159249,0.3506700810460435,RAD51,0.7561906555357167
1455,Protein Localization To Cell Periphery (GO:1990778),0.6792899481393437,0.8559158632778264,0.33098884427743214,JUP;WDR72,0.7595908904623452
1456,Cellular Response To Calcium Ion (GO:0071277),0.6811196498447365,0.8816333872998741,0.3385624650371519,ECT2,0.7600697327142566
1457,Response To Molecule Of Bacterial Origin (GO:0002237),0.6811196498447365,0.8816333872998741,0.3385624650371519,CD24,0.7600697327142566
1458,Phospholipid Metabolic Process (GO:0006644),0.6811196498447365,0.8816333872998741,0.3385624650371519,PLPP2,0.7600697327142566
1459,Neutrophil Chemotaxis (GO:0030593),0.6863673696335683,0.8688117714842885,0.3269705945880751,CXCL13,0.7638301712679997
1460,Regulation Of Notch Signaling Pathway (GO:0008593),0.6863673696335683,0.8688117714842885,0.3269705945880751,TP63,0.7638301712679997
1461,Regulation Of Actin Filament-Based Process (GO:0032970),0.6863673696335683,0.8688117714842885,0.3269705945880751,BAIAP2L1,0.7638301712679997
1462,Regulation Of Cellular Biosynthetic Process (GO:0031326),0.6863673696335683,0.8688117714842885,0.3269705945880751,MSI2,0.7638301712679997
1463,Lipid Biosynthetic Process (GO:0008610),0.6915289877670492,0.8563564875491481,0.31586726909421164,SRD5A1,0.7685229939187084
1464,Myeloid Leukocyte Differentiation (GO:0002573),0.6915289877670492,0.8563564875491481,0.31586726909421164,MMP9,0.7685229939187084
1465,Regulation Of Cold-Induced Thermogenesis (GO:0120161),0.6939619141448786,0.8319700068166326,0.30395042369193725,DIO2;LGR4,0.7701746482358236
1466,Neuron Projection Morphogenesis (GO:0048812),0.6939619141448786,0.8319700068166326,0.30395042369193725,CNTNAP2;CTTN,0.7701746482358236
1467,Regulation Of Cellular Localization (GO:0060341),0.6966059126331153,0.8442520566826033,0.30522703307721843,KRT5,0.7725673898932451
1468,Dephosphorylation (GO:0016311),0.697542406732131,0.8261899724984134,0.2975869929230024,PTPRZ1;PLPP2,0.7725673898932451
1469,Protein Glycosylation (GO:0006486),0.697542406732131,0.8261899724984134,0.2975869929230024,GALNT14;PLOD2,0.7725673898932451
1470,Granulocyte Chemotaxis (GO:0071621),0.7015995297203553,0.8324838600067958,0.2950260432007647,CXCL13,0.7760043744765589
1471,Regulation Of Rho Protein Signal Transduction (GO:0035023),0.7015995297203553,0.8324838600067958,0.2950260432007647,COL3A1,0.7760043744765589
1472,Proteasomal Protein Catabolic Process (GO:0010498),0.70257220791201,0.8275788727401631,0.29214121457125236,UCHL1;KIF14;PRAME,0.7765522977397014
1473,Regulation Of Stress Fiber Assembly (GO:0051492),0.7113422700936388,0.80990164476403,0.2758537737561891,PFN2,0.7851790186176054
1474,Defense Response To Gram-negative Bacterium (GO:0050829),0.7113422700936388,0.80990164476403,0.2758537737561891,IGHM,0.7851790186176054
1475,Positive Regulation Of Interleukin-6 Production (GO:0032755),0.7160940527210505,0.7990621814475025,0.266841831023866,TWIST1,0.7893529971389899
1476,Positive Regulation Of Protein Secretion (GO:0050714),0.7160940527210505,0.7990621814475025,0.266841831023866,SOX4,0.7893529971389899
1477,Actomyosin Structure Organization (GO:0031032),0.7207678472387178,0.7885079671656204,0.2581876142617425,SIX4,0.791288318122398
1478,Embryonic Organ Development (GO:0048568),0.7207678472387178,0.7885079671656204,0.2581876142617425,STIL,0.791288318122398
1479,Sphingolipid Biosynthetic Process (GO:0030148),0.7207678472387178,0.7885079671656204,0.2581876142617425,PLPP2,0.791288318122398
1480,Neutrophil Migration (GO:1990266),0.7207678472387178,0.7885079671656204,0.2581876142617425,CXCL13,0.791288318122398
1481,Positive Regulation Of Endothelial Cell Proliferation (GO:0001938),0.7207678472387178,0.7885079671656204,0.2581876142617425,MDK,0.791288318122398
1482,Positive Regulation Of Response To Stimulus (GO:0048584),0.7207678472387178,0.7885079671656204,0.2581876142617425,DEPDC1B,0.791288318122398
1483,Regulation Of Innate Immune Response (GO:0045088),0.7253649297241357,0.7782278883196314,0.24987372122348964,AURKB,0.7941916155189561
1484,Positive Regulation Of Tumor Necrosis Factor Production (GO:0032760),0.7253649297241357,0.7782278883196314,0.24987372122348964,TWIST1,0.7941916155189561
1485,Proteolysis Involved In Protein Catabolic Process (GO:0051603),0.7253649297241357,0.7782278883196314,0.24987372122348964,CTSV,0.7941916155189561
1486,Regulation Of TOR Signaling (GO:0032006),0.7253649297241357,0.7782278883196314,0.24987372122348964,FAM83D,0.7941916155189561
1487,Response To Insulin (GO:0032868),0.7298865555436359,0.7682114012389242,0.241883774192138,SLC2A1,0.7980681625467041
1488,Positive Regulation Of Protein Modification By Small Protein Conjugation Or Removal (GO:1903322),0.7298865555436359,0.7682114012389242,0.241883774192138,FANCI,0.7980681625467041
1489,Negative Regulation Of Multicellular Organismal Process (GO:0051241),0.7333017345920587,0.7872064777327935,0.24418988948392045,MDK;LGR4;PFN2,0.8007783860868001
1490,Regulation Of Organelle Assembly (GO:1902115),0.7343339594600526,0.7584484961096272,0.2342023488242925,STIL,0.8007783860868001
1491,Regulation Of Protein Localization To Plasma Membrane (GO:1903076),0.7343339594600526,0.7584484961096272,0.2342023488242925,LRRC15,0.8007783860868001
1492,Response To Type II Interferon (GO:0034341),0.7343339594600526,0.7584484961096272,0.2342023488242925,GAPDH,0.8007783860868001
1493,Regulation Of I-kappaB kinase/NF-kappaB Signaling (GO:0043122),0.7359676351409193,0.7837285858246557,0.24026699479833366,TRIM59;ECT2;GAPDH,0.8020223324676997
1494,Positive Regulation Of Developmental Process (GO:0051094),0.7386125070894892,0.7802809364548495,0.23641095633965925,CDC20;MDK;AURKA,0.8033947162746394
1495,Histone Modification (GO:0016570),0.7387083562058147,0.7489296636085627,0.226814908246585,AURKB,0.8033947162746394
1496,Negative Regulation Of NF-kappaB Transcription Factor Activity (GO:0032088),0.7387083562058147,0.7489296636085627,0.226814908246585,CDKN2A,0.8033947162746394
1497,Positive Regulation Of GTPase Activity (GO:0043547),0.7412364158923408,0.7768631368631369,0.23262052206445766,CXCL13;ECT2;EZH2,0.805605643725343
1498,Sodium Ion Transmembrane Transport (GO:0035725),0.7430109405444664,0.739645864008759,0.21970774291403736,SLC6A8,0.8064568380692773
1499,Positive Regulation Of Tumor Necrosis Factor Superfamily Cytokine Production (GO:1903557),0.7430109405444664,0.739645864008759,0.21970774291403736,TWIST1,0.8064568380692773
1500,Calcium Ion Transmembrane Import Into Cytosol (GO:0097553),0.7472428879489348,0.7305884985455359,0.2128679145882394,ERO1A,0.8099694728134024
1501,Positive Regulation Of Proteasomal Ubiquitin-Dependent Protein Catabolic Process (GO:0032436),0.7472428879489348,0.7305884985455359,0.2128679145882394,CDC20,0.8099694728134024
1502,Ribosomal Small Subunit Biogenesis (GO:0042274),0.751405354479196,0.721749382852511,0.20628320544986067,IGF2BP3,0.813397546066302
1503,Positive Regulation Of Protein Ubiquitination (GO:0031398),0.751405354479196,0.721749382852511,0.20628320544986067,FANCI,0.813397546066302
1504,Regulation Of Transcription By RNA Polymerase II (GO:0006357),0.7520333002364133,0.8905213938770986,0.25377604371731216,MAGEA12;UHRF1;TWIST1;HMGB3;SIX1;FOXM1;AURKB;SOX2;SIX4;MYBL2;MAGEA3;E2F7;SOX4;TP63;E2F8;TFAP2A;JUP;BCL11A;CBX2;ATAD2;CKAP2;HMGA1;HMGA2;MMP12;CCNA2;GREM1;MAGED4;IRF6;EZH2;MCM2,0.8135360235935136
1505,Defense Response To Gram-positive Bacterium (GO:0050830),0.7554994775053862,0.7131207222950342,0.19994207031233432,KRT6A,0.8151178049743125
1506,Macromolecule Catabolic Process (GO:0009057),0.7554994775053862,0.7131207222950342,0.19994207031233432,RNASEH2A,0.8151178049743125
1507,Positive Regulation Of Amide Metabolic Process (GO:0034250),0.7554994775053862,0.7131207222950342,0.19994207031233432,SOX4,0.8151178049743125
1508,Positive Regulation Of Protein Localization (GO:1903829),0.7554994775053862,0.7131207222950342,0.19994207031233432,CDK1,0.8151178049743125
1509,Membrane Organization (GO:0061024),0.7621166763527818,0.7253021007622235,0.19703238929050038,KIF20A;CEP55,0.8215566090723483
1510,Regulation Of Insulin Secretion (GO:0050796),0.7634871499184944,0.6964654007538582,0.18794744610595285,SOX4,0.8215566090723483
1511,Regulation Of Type II Interferon Production (GO:0032649),0.7634871499184944,0.6964654007538582,0.18794744610595285,SLC7A5,0.8215566090723483
1512,Glucose Homeostasis (GO:0042593),0.7634871499184944,0.6964654007538582,0.18794744610595285,SOX4,0.8215566090723483
1513,Positive Regulation Of Plasma Membrane Bounded Cell Projection Assembly (GO:0120034),0.767382882202134,0.6884249006994974,0.18227385316566555,ANLN,0.8252028746482961
1514,Cellular Response To Chemical Stress (GO:0062197),0.7712146376907407,0.6805671392827356,0.17680355400631517,NQO1,0.8271365955984411
1515,Sodium Ion Transport (GO:0006814),0.7712146376907407,0.6805671392827356,0.17680355400631517,SLC6A8,0.8271365955984411
1516,Organic Anion Transport (GO:0015711),0.7712146376907407,0.6805671392827356,0.17680355400631517,SLC2A1,0.8271365955984411
1517,Positive Regulation Of Peptidyl-Serine Phosphorylation (GO:0033138),0.7712146376907407,0.6805671392827356,0.17680355400631517,PFN2,0.8271365955984411
1518,Heart Development (GO:0007507),0.7735032559851895,0.7079899807601554,0.1818298096927802,COL3A1;SOX4,0.8290446623767479
1519,Regulation Of Phosphatidylinositol 3-Kinase Signaling (GO:0014066),0.7749834638746766,0.6728859567742157,0.1715277727435019,TWIST1,0.8300843289822902
1520,rRNA Metabolic Process (GO:0016072),0.7786903909745853,0.6653754672103296,0.1664381879702971,IGF2BP3,0.8329580973804407
1521,Regulation Of RNA Metabolic Process (GO:0051252),0.7786903909745853,0.6653754672103296,0.1664381879702971,MCM2,0.8329580973804407
1522,Positive Regulation Of Cellular Biosynthetic Process (GO:0031328),0.7817290214151749,0.6955343130261092,0.1712733203436435,CDH3;SOX4,0.835210876648823
1523,B Cell Activation (GO:0042113),0.7823364327060887,0.6580300433511442,0.16152690460183333,TPD52,0.835210876648823
1524,Positive Regulation Of Neuron Projection Development (GO:0010976),0.7823364327060887,0.6580300433511442,0.16152690460183333,MDK,0.835210876648823
1525,Positive Regulation Of I-kappaB kinase/NF-kappaB Signaling (GO:0043123),0.7844122858119837,0.6914784212206107,0.16790515125836766,ECT2;GAPDH,0.8368778944367853
1526,Regulation Of Peptidyl-Serine Phosphorylation (GO:0033135),0.7859225860448997,0.6508443026193326,0.15678642853959823,PFN2,0.8373909937754106
1527,Positive Regulation Of Protein Kinase B Signaling (GO:0051897),0.7859225860448997,0.6508443026193326,0.15678642853959823,NTS,0.8373909937754106
1528,Cellular Response To Hormone Stimulus (GO:0032870),0.7894498317670182,0.6438130939462694,0.15220964245980306,AKR1C1,0.8400489707553556
1529,Muscle Contraction (GO:0006936),0.7894498317670182,0.6438130939462694,0.15220964245980306,SLC6A8,0.8400489707553556
1530,Positive Regulation Of Epithelial Cell Migration (GO:0010634),0.7929191345069722,0.6369314854577396,0.14778978366381615,MMP9,0.8431891711391135
1531,Regulation Of Protein Localization (GO:0032880),0.7996876916742555,0.623598369011213,0.13939544588892,KRT5,0.849831400623131
1532,MAPK Cascade (GO:0000165),0.8029887977985504,0.6171379930010404,0.13540903377438407,CDK1,0.8522262061436671
1533,Positive Regulation Of Cold-Induced Thermogenesis (GO:0120162),0.8029887977985504,0.6171379930010404,0.13540903377438407,DIO2,0.8522262061436671
1534,Macromolecule Biosynthetic Process (GO:0009059),0.8048548956774771,0.6606446802020134,0.14342151500871794,IGF2BP3;TYMS,0.8536498795744819
1535,ncRNA Processing (GO:0034470),0.809429181545872,0.6046087789207055,0.1278300119944724,IGF2BP3,0.8579422008958525
1536,Hemopoiesis (GO:0030097),0.8125702217020808,0.5985321100917431,0.12422710021283748,MELK,0.8601507812031786
1537,rRNA Processing (GO:0006364),0.8125702217020808,0.5985321100917431,0.12422710021283748,IGF2BP3,0.8601507812031786
1538,Protein Catabolic Process (GO:0030163),0.815659645057505,0.5925757713386017,0.12074212078448975,CTSV,0.8622990529620277
1539,Regulation Of RNA Splicing (GO:0043484),0.815659645057505,0.5925757713386017,0.12074212078448975,MCM2,0.8622990529620277
1540,Intracellular Monoatomic Cation Homeostasis (GO:0030003),0.8213127783522146,0.6358177783579168,0.12516153694653234,TMPRSS4;CP,0.8675436505935971
1541,Positive Regulation Of Inflammatory Response (GO:0050729),0.8216870101811513,0.5810100650218224,0.11410789158037324,MDK,0.8675436505935971
1542,Cellular Response To Organonitrogen Compound (GO:0071417),0.8246266021258328,0.5753940249353093,0.11095012188760572,JUP,0.8695187826693002
1543,Positive Regulation Of Stress-Activated MAPK Cascade (GO:0032874),0.8246266021258328,0.5753940249353093,0.11095012188760572,SORD,0.8695187826693002
1544,Neuron Projection Development (GO:0031175),0.825781501334761,0.6290603810138844,0.12041792538352823,CNTNAP2;CTTN,0.8696093868424959
1545,Protein Localization To Membrane (GO:0072657),0.825781501334761,0.6290603810138844,0.12041792538352823,JUP;WDR72,0.8696093868424959
1546,Response To Calcium Ion (GO:0051592),0.827517877917913,0.5698849570409203,0.1078932228624656,ECT2,0.8708742479770016
1547,Positive Regulation Of T Cell Activation (GO:0050870),0.8303616294625742,0.564479833823784,0.10493340007884791,MDK,0.8727379658498761
1548,Positive Regulation Of Autophagy (GO:0010508),0.8303616294625742,0.564479833823784,0.10493340007884791,SESN3,0.8727379658498761
1549,Positive Regulation Of Translation (GO:0045727),0.8331586353706935,0.5591757409471548,0.10206702813515825,SOX4,0.8751123949309995
1550,Cellular Response To Salt (GO:1902075),0.8359096617393725,0.5539698720126854,0.09929064146689442,ECT2,0.8774354965483606
1551,Adenylate Cyclase-Activating G Protein-Coupled Receptor Signaling Pathway (GO:0007189),0.8386154623665915,0.5488595236091238,0.0966009260849298,PTHLH,0.8791413384474512
1552,Response To Lipid (GO:0033993),0.8386154623665915,0.5488595236091238,0.0966009260849298,SPP1,0.8791413384474512
1553,RNA Metabolic Process (GO:0016070),0.841276778295334,0.5438420906310815,0.09399471223710006,RNASEH2A,0.8802297866794265
1554,Negative Regulation Of Inflammatory Response (GO:0050728),0.841276778295334,0.5438420906310815,0.09399471223710006,MDK,0.8802297866794265
1555,Negative Regulation Of Transmembrane Receptor Protein Serine/Threonine Kinase Signaling Pathway (GO:0090101),0.841276778295334,0.5438420906310815,0.09399471223710006,GREM1,0.8802297866794265
1556,Negative Regulation Of Defense Response (GO:0031348),0.8438943387809428,0.5389150618508417,0.09146896658617977,AURKB,0.882401085601924
1557,Organic Substance Transport (GO:0071702),0.8446727811526641,0.6003329531091038,0.10133978518883367,CENPF;TNPO1,0.8826477937927968
1558,Transmembrane Receptor Protein Tyrosine Kinase Signaling Pathway (GO:0007169),0.8475790862071717,0.6369887763482069,0.10533955184550588,SULF1;MMP9;SHCBP1,0.884897315230395
1559,Regulation Of Cytoskeleton Organization (GO:0051493),0.8490010504453882,0.5293226164379854,0.08664738915661982,BAIAP2L1,0.884897315230395
1560,Regulation Of Interleukin-6 Production (GO:0032675),0.8490010504453882,0.5293226164379854,0.08664738915661982,TWIST1,0.884897315230395
1561,Response To Endoplasmic Reticulum Stress (GO:0034976),0.8490010504453882,0.5293226164379854,0.08664738915661982,ERO1A,0.884897315230395
1562,Cellular Response To Molecule Of Bacterial Origin (GO:0071219),0.856350505734263,0.5155541495307392,0.07994982645235017,CXCL13,0.8919860901598244
1563,Ribonucleoprotein Complex Biogenesis (GO:0022613),0.8587201914708253,0.5111215661674378,0.07785002341807115,IGF2BP3,0.8933105828152383
1564,Positive Regulation Of Cell Projection Organization (GO:0031346),0.8587201914708253,0.5111215661674378,0.07785002341807115,MDK,0.8933105828152383
1565,Fatty Acid Metabolic Process (GO:0006631),0.8678155291930945,0.49412389112138905,0.070054963575735,UGT1A8,0.901043947668899
1566,Positive Regulation Of Macromolecule Biosynthetic Process (GO:0010557),0.8678155291930945,0.49412389112138905,0.070054963575735,SOX4,0.901043947668899
1567,Receptor-Mediated Endocytosis (GO:0006898),0.8678155291930945,0.49412389112138905,0.070054963575735,CTTN,0.901043947668899
1568,Regulation Of GTPase Activity (GO:0043087),0.8686917029068654,0.5631438823937955,0.07927206865463594,ECT2;EZH2,0.9013784442789988
1569,Modulation Of Chemical Synaptic Transmission (GO:0050804),0.8699966300797141,0.4900486288664962,0.06824708334301852,NMU,0.9015087601638833
1570,Organonitrogen Compound Biosynthetic Process (GO:1901566),0.8699966300797141,0.4900486288664962,0.06824708334301852,PLPP2,0.9015087601638833
1571,Cellular Response To Lipopolysaccharide (GO:0071222),0.8721418491075306,0.4860396310385122,0.06649177554435952,CXCL13,0.9015087601638833
1572,Neuron Projection Guidance (GO:0097485),0.8721418491075306,0.4860396310385122,0.06649177554435952,IGSF9,0.9015087601638833
1573,Positive Regulation Of Defense Response (GO:0031349),0.8721418491075306,0.4860396310385122,0.06649177554435952,MDK,0.9015087601638833
1574,Protein Dephosphorylation (GO:0006470),0.8721418491075306,0.4860396310385122,0.06649177554435952,PTPRZ1,0.9015087601638833
1575,Response To Cytokine (GO:0034097),0.8742517749909561,0.4820952944658183,0.06478727898562313,COL3A1,0.9025429174557649
1576,Negative Regulation Of Cell Growth (GO:0030308),0.8742517749909561,0.4820952944658183,0.06478727898562313,CDKN2A,0.9025429174557649
1577,Regulation Of Tumor Necrosis Factor Production (GO:0032680),0.8783680529385726,0.4743944468715111,0.06152401585452354,TWIST1,0.9056431065469314
1578,Regulation Of Anatomical Structure Morphogenesis (GO:0022603),0.8783680529385726,0.4743944468715111,0.06152401585452354,CXCL13,0.9056431065469314
1579,Regulation Of DNA Repair (GO:0006282),0.8823499825019336,0.466934250764526,0.05844452408852903,DEPDC1B,0.9091725278851462
1580,Golgi Organization (GO:0007030),0.8842919384668485,0.46329089917739374,0.05696996628376809,CDK1,0.910020862672715
1581,Positive Regulation Of Peptidyl-Tyrosine Phosphorylation (GO:0050731),0.8842919384668485,0.46329089917739374,0.05696996628376809,GREM1,0.910020862672715
1582,Positive Regulation Of MAPK Cascade (GO:0043410),0.8861817407780268,0.5822600851916813,0.07035636352188372,SOX2;CD24;EZH2,0.9113891859961123
1583,Regulation Of Cell Growth (GO:0001558),0.8892618808869538,0.5302522154055896,0.06223225995123742,CDKN2A;KIF14,0.9131642103495878
1584,Protein Transport (GO:0015031),0.8900244573100022,0.5765359801488834,0.06717009491330536,CENPF;CTTN;SCG5,0.9131642103495878
1585,Cellular Response To Lipid (GO:0071396),0.8907139531805751,0.5278788207828873,0.06109244173349114,SPP1;CXCL13,0.9131642103495878
1586,Chromatin Remodeling (GO:0006338),0.8907139531805751,0.5278788207828873,0.06109244173349114,DEPDC1B;CHEK1,0.9131642103495878
1587,Cilium Organization (GO:0044782),0.8907139531805751,0.5278788207828873,0.06109244173349114,IFT80;AURKA,0.9131642103495878
1588,Inflammatory Response (GO:0006954),0.9017105776251685,0.5096219390697918,0.052726340852881894,KRT16;CXCL13,0.9238558625920334
1589,Regulation Of Inflammatory Response (GO:0050727),0.9068143450028558,0.500953755735423,0.04900206459382443,MDK;MMP9,0.9285002764755483
1590,Actin Filament Organization (GO:0007015),0.9083509307270066,0.41763435341416993,0.04014488816893002,BAIAP2L1,0.9294886567879496
1591,Negative Regulation Of Response To External Stimulus (GO:0032102),0.9113538238998901,0.41183169882948434,0.03822789298118058,AURKB,0.9311280958434122
1592,Positive Regulation Of Cellular Catabolic Process (GO:0031331),0.9113538238998901,0.41183169882948434,0.03822789298118058,TWIST1,0.9311280958434122
1593,Regulation Of ERK1 And ERK2 Cascade (GO:0070372),0.9116699795197023,0.49257212391623995,0.04555170015616454,CCNA2;FAM83D,0.9311280958434122
1594,Positive Regulation Of DNA-binding Transcription Factor Activity (GO:0051091),0.9140081148208686,0.48848436085688424,0.04392247636138487,JUP;NTS,0.9326011070430819
1595,Defense Response To Symbiont (GO:0140546),0.914258614464484,0.40618693960764735,0.03641132822356652,APOBEC3B,0.9326011070430819
1596,Axon Guidance (GO:0007411),0.9156752240255726,0.4034217703942475,0.03553885029493395,IGSF9,0.9328763866559839
1597,Negative Regulation Of DNA-binding Transcription Factor Activity (GO:0043433),0.9156752240255726,0.4034217703942475,0.03553885029493395,CDKN2A,0.9328763866559839
1598,Neuron Development (GO:0048666),0.9170684980665589,0.4006937175461281,0.03468930189240852,CNTNAP2,0.9337111679313461
1599,Positive Regulation Of NF-kappaB Transcription Factor Activity (GO:0051092),0.9197865662120157,0.39534601130080804,0.03305631475564593,NTS,0.9358928975778296
1600,Ribosome Biogenesis (GO:0042254),0.9236980313417527,0.3875848921720481,0.030762638728234152,IGF2BP3,0.9386987489025805
1601,Positive Regulation Of Response To External Stimulus (GO:0032103),0.9236980313417527,0.3875848921720481,0.030762638728234152,MDK,0.9386987489025805
1602,Peptide Biosynthetic Process (GO:0043043),0.9274193082908432,0.38012037632209433,0.028641875518530625,IGF2BP3,0.9418921439383282
1603,Response To Lipopolysaccharide (GO:0032496),0.9286190766980956,0.37769519606704605,0.027970844757683657,CXCL13,0.9425222943155342
1604,Adenylate Cyclase-Modulating G Protein-Coupled Receptor Signaling Pathway (GO:0007188),0.9332236375488081,0.3682938800166119,0.025452940898171083,PTHLH,0.9466052732493209
1605,Protein Modification By Small Protein Conjugation (GO:0032446),0.9397661357551185,0.49378222885148093,0.030675838988212186,BCL11A;UBE2C;FBXO32,0.9526476653417931
1606,Neuron Differentiation (GO:0030182),0.9434804366841074,0.3467036483891615,0.020171096647448004,SOX4,0.9558173539757427
1607,Regulation Of Neuron Projection Development (GO:0010975),0.944415410397965,0.34468190415583955,0.019712067271267734,MDK,0.9561691802846851
1608,Negative Regulation Of Cytokine Production (GO:0001818),0.9480036095728652,0.33682337289863334,0.017985347257747093,LGR4,0.9592051447606043
1609,Phosphate-Containing Compound Metabolic Process (GO:0006796),0.9529574883267041,0.3256797179191524,0.015692872187419857,PLPP2,0.9636182930438456
1610,Axonogenesis (GO:0007409),0.9559957331656352,0.3186478928518864,0.014339738035218002,IGSF9,0.9656267354190468
1611,Defense Response To Virus (GO:0051607),0.9567242148097747,0.3169366907411022,0.014021312746891796,APOBEC3B,0.9656267354190468
1612,Endocytosis (GO:0006897),0.9567242148097747,0.3169366907411022,0.014021312746891796,CTTN,0.9656267354190468
1613,Transcription By RNA Polymerase II (GO:0006366),0.9588383017072324,0.31191059448900843,0.013110484891565483,TRIP13,0.9671605188330236
1614,DNA-templated Transcription (GO:0006351),0.9633792923881012,0.30077533747258517,0.011221350148055073,TRIP13,0.9711388529835443
1615,Cellular Response To Oxygen-Containing Compound (GO:1901701),0.9641285046230096,0.44135903798434817,0.016123150065050763,CXCL13;ECT2;MMP9,0.9712923077533353
1616,Positive Regulation Of Intracellular Signal Transduction (GO:1902533),0.974378695825502,0.45380441221771994,0.011778605225611468,SOX2;NTS;ECT2;GAPDH,0.9810112240767894
1617,Translation (GO:0006412),0.9796000215181139,0.2551351209460435,0.005258572612786726,IGF2BP3,0.9855284302949286
1618,Protein Localization (GO:0008104),0.98007682865224,0.3396733875929474,0.006835693843621301,CTTN;SCG5,0.9855284302949286
1619,Cilium Assembly (GO:0060271),0.9824523124986438,0.24553289357292693,0.004346785029010893,IFT80,0.9873069255313734
1620,Cytokine-Mediated Signaling Pathway (GO:0019221),0.9861191941031168,0.2319380733944954,0.0032420408668688543,CXCL13,0.9903802029665254
1621,Chemical Synaptic Transmission (GO:0007268),0.9893834693689847,0.21811476884331715,0.002328001758242675,NQO1,0.9927844655079654
1622,Plasma Membrane Bounded Cell Projection Assembly (GO:0120031),0.9897334991111983,0.21650036831179267,0.0022341896036944995,IFT80,0.9927844655079654
1623,Monoatomic Cation Transmembrane Transport (GO:0098655),0.9907160277307578,0.21179554390563565,0.0019754884016930483,SLC6A8,0.9930025210061204
1624,Inorganic Cation Transmembrane Transport (GO:0098662),0.991171539098918,0.2095179433980614,0.0018579344432790145,SLC6A8,0.9930025210061204
1625,Gene Expression (GO:0010467),0.9927812859195808,0.20087078214896595,0.0014552877389708838,IGF2BP3,0.9940031705791741
1626,Cellular Response To Cytokine Stimulus (GO:0071345),0.994098152018745,0.192899620476347,0.0011418370341619859,GAPDH,0.9947095284960014
1627,Organelle Assembly (GO:0070925),0.9953346872833899,0.1843531776653615,0.0008620777224522066,IFT80,0.9953346872833899
